rex,general_code,full_code,taric_code,description,origin,preference,procedure,lines,last_used
,02071130,0207113000,00,MEAT,IT,300,4000,2,2026-02-06
,02101219,0210121900,00,BACON,IT,300,4000,2,2026-04-10
,02101930,0210193000,00,Meat,IT,300,4000,1,2026-04-10
,03061210,0306121099,99,LOBSTER,GB,100,4000,1,2026-04-19
,03061500,0306150000,00,LOBSTER,GB,100,4000,1,2026-04-19
,04041084,0404108400,00,FERMENTED WHEY,NL,300,4000,1,2026-07-02
,04051011,0405101100,00,BURRO BUTTER,IT,300,4000,1,2026-02-08
,04051050,0405105000,00,CHEESE,IT,300,4000,1,2026-07-05
,04061030,0406103090,90,CHEESE,IT,300,4000,65,2026-08-02
,04061050,0406105090,90,CHEESE,IT,300,4000,11,2026-08-02
,04061080,0406108080,80,CHEESE,IT,300,4000,2,2026-07-05
,04062000,0406200000,00,cheese,IT,300,4000,5,2026-08-09
,04064050,0406405000,00,cheese,IT,300,4000,2,2026-03-01
,04064090,0406409000,00,CHEESE,GR,300,4000,1,2026-02-17
,04069032,0406903200,00,CHEESE,GR,300,4000,2,2026-06-02
,04069035,0406903500,00,CHEESE,GR,300,4000,2,2026-06-02
,04069050,0406905000,00,CHEESE,IT,300,4000,2,2026-08-02
,04069061,0406906100,00,CHEESE,IT,300,4000,10,2026-08-09
,04069063,0406906390,90,cheese,IT,300,4000,2,2026-07-26
,04069069,0406906900,00,cheese,IT,300,4000,2,2026-02-08
,04069073,0406907300,00,Provolone,IT,300,4000,1,2026-01-04
,04069075,0406907510,10,Asiago,IT,300,4000,1,2026-01-04
,04069084,0406908400,00,CHEESE,GR,300,4000,2,2026-06-02
,04069092,0406909290,90,cheese,IT,300,4000,2,2026-01-22
,04069099,0406909900,00,CHEESE,GR,300,4000,2,2026-06-02
,07108069,0710806990,90,MUSHROOMS,CN,100,4000,65,2026-08-16
,07108080,0710808000,00,MUSHRUM,EG,100,4000,5,2026-07-04
,07108085,0710808500,00,ASPARAGUS,CL,100,4000,7,2026-08-02
,07114000,0711400000,00,GHERKINS,IN,100,4000,16,2026-08-16
,07115900,0711590090,90,MUSHROOMS,CN,100,4000,2,2026-05-17
,07119010,0711901000,00,CALABRIAN CRUSHED PEPPERS,IT,100,4000,2,2026-07-11
,07119070,0711907000,00,CAPERS,MA,100,4000,16,2026-08-16
,07119080,0711908000,00,GARLIC CLOVES IN BRINE,CN,100,4000,12,2026-08-09
,07123900,0712390031,31,MUSHROOMS,CN,100,4000,3,2026-08-09
,07123900,0712390039,39,Mushrooms,CN,100,4000,1,2026-05-18
,07129030,0712903000,00,TOMATOES,IT,300,4000,2,2026-02-24
,07132000,0713200000,00,CHICPEAS,IT,100,4000,2,2026-03-31
,07133390,0713339000,00,CANNELLINI BEANS BORLOTTI BEANS,IT,100,4000,1,2026-03-31
,07134000,0713400000,00,UMBRIAN LENTILS,IT,100,4000,1,2026-03-31
,08025200,0802520000,00,NATURAL DICED PISTACHIOS,IT,100,4000,1,2026-04-20
,08052190,0805219019,19,MANDARIN SEGMENTS,NZ,100,4000,2,2026-07-09
,08111090,0811109000,00,STRAWBERRIES,EG,100,4000,7,2026-05-28
,08112031,0811203100,00,RASPBERRIES,UA,100,4000,2,2026-05-28
,08119095,0811909590,90,FOREST BERRIES,IT,300,4000,2,2026-05-28
,08134065,0813406500,00,LYCHEE WHOLE,NZ,100,4000,3,2026-07-09
,08134095,0813409580,80,FREEZE DRIED FRUIT SLICES,NZ,100,4000,3,2026-07-09
,08135099,0813509980,80,COCONUT CRUMBS,NZ,100,4000,2,2026-07-09
,09011100,0901110000,00,GREEN COFFEE BEANS,IN,100,4000,17,2026-06-30
,09011200,0901120000,00,DECAFFENIATED COFFEE,ID,100,4000,3,2026-04-10
,09024000,0902400000,00,DECAF TEA,CH,100,4000,94,2026-08-15
,09102010,0910201000,00,SAFFRON,ES,100,4000,4,2026-07-30
,09102090,0910209000,00,SAFFRON POWDER,ES,100,4000,1,2026-05-05
,10063096,1006309690,90,RISOTTO,IT,300,4000,1,2026-01-25
,11010011,1101001100,00,wheat,IT,300,4000,1,2026-03-01
,11010015,1101001500,00,CHILLED FOODSTUFFS AT 2 TO 4 DEGREES,IT,300,4000,1,2026-06-18
,11031110,1103111000,00,wheat,IT,300,4000,1,2026-03-01
,13021970,1302197000,00,GINKGO,CN,100,4000,9,2026-07-16
,13022010,1302201079,79,PECTIN,DE,300,4000,1,2026-03-17
,13023100,1302310000,00,AGAR,ES,300,4000,1,2026-03-17
,15092000,1509200090,90,OLIVE OIL,IT,300,4000,2,2026-05-24
,15101000,1510100000,00,OLIVE OIL,IT,300,4000,1,2026-02-01
,15162095,1516209500,00,GLYCEROL TRIOLEATE,BE,300,4000,2,2026-02-18
,15179099,1517909990,90,BLEND SUNFLOWER OIL,IT,300,4000,1,2026-02-01
,16010091,1601009110,10,ITALIAN SAUSAGES,IT,300,4000,1,2026-01-18
,16010091,1601009190,90,pork,IT,300,4000,2,2026-07-26
,16024110,1602411090,90,DOMESTIC SWINE,IT,300,4000,1,2026-04-10
,16024919,1602491990,90,DOMESTIC SWINE,IT,300,4000,2,2026-02-24
,16041431,1604143190,90,TUNA,SB,100,4000,1,2026-07-24
,16041436,1604143690,90,TUNA,ES,300,4000,3,2026-07-12
,16041441,1604144190,90,TUNA,GH,100,4000,3,2026-07-12
,16041600,1604160090,90,ANCHOVIES,PE,100,4000,10,2026-07-12
,16042040,1604204090,90,ANCHOVIES,HR,300,4000,2,2026-02-08
,16055600,1605560000,00,VONGOLE,HR,300,4000,1,2026-02-08
,18050000,1805000000,00,COCOA POWDER,IT,100,4000,2,2026-06-29
,19012000,1901200000,00,CROISSANT,IT,300,4000,1,2026-02-08
,19021910,1902191090,90,PASTA,IT,300,4000,4,2026-04-19
,19021990,1902199090,90,PASTA,IT,300,4000,4,2026-05-31
,19022010,1902201091,91,Stuffed pasta,IT,100,4000,9,2026-05-02
,19022010,1902201099,99,Stuffed pasta,IT,100,4000,33,2026-08-02
,19022030,1902203091,91,Stuffed pasta,IT,100,4000,1,2026-03-23
,19022030,1902203099,99,Stuffed pasta,IT,100,4000,6,2026-05-17
,19022091,1902209190,90,Stuffed pasta,IT,100,4000,2,2026-07-19
,19022099,1902209990,90,FROZEN PASTA,IT,300,4000,3,2026-05-31
,19030000,1903000000,00,TAPIOCA PEARLS,TW,100,4000,2,2026-06-15
,19042095,1904209500,00,RISOTTO,IT,300,4000,1,2026-01-25
,19049010,1904901000,00,VINE LEAVES STUFFED WITH RICE,JO,100,4000,17,2026-08-16
,19052010,1905201000,00,PANFORTE TORTE FLORIANA,IT,100,4000,1,2026-06-28
,19053219,1905321900,00,SWEET WAFFLE AND WAFERS CHOCOLATE COATED READY FOR FILLING,ES,300,4000,4,2026-03-16
,19054010,1905401000,00,BREADSTICKS,IT,300,4000,1,2026-03-02
,19054090,1905409000,00,PITTA BREADS,GR,300,4000,1,2026-06-17
,19059030,1905903000,00,BREAD,IT,300,4000,3,2026-02-22
,19059045,1905904500,00,BISCUITS CANTUCCI AMARETTI,IT,100,4000,1,2026-06-28
,19059070,1905907000,00,frozen CAKES,GR,300,4000,4,2026-06-30
,19059080,1905908000,00,bread,IT,300,4000,3,2026-04-15
,20019020,2001902000,00,STUFFED PEPPERS,GR,300,4000,6,2026-08-16
,20019097,2001909799,99,ONIONS,IT,300,4000,8,2026-08-16
,20021019,2002101900,00,WHOLE PEELED TOMATO,IT,300,4000,1,2026-02-15
,20021090,2002109000,00,TOMATOES,TN,100,4000,27,2026-08-09
,20031030,2003103000,00,MUSHROOMS,IT,300,4000,6,2026-08-02
,20039010,2003901000,00,Truffles,IT,100,4000,3,2026-06-02
,20039090,2003909000,00,PORCINI MUSHROOMS IN OLIVE OIL,IT,100,4000,2,2026-06-02
,20049098,2004909880,80,MELANZANE,EG,100,4000,2,2026-04-12
,20057000,2005700000,00,OLIVES,IT,300,4000,11,2026-07-11
,20059920,2005992090,90,CAPERS,IT,300,4000,2,2026-02-24
,20059930,2005993090,90,VEGETABLES,IT,300,4000,16,2026-08-16
,20059950,2005995090,90,VEGETABLES,IT,300,4000,7,2026-08-16
,20059980,2005998098,98,VEGETABLES,IT,300,4000,3,2026-03-01
,20079935,2007993595,95,RASPBERRY PUREE,IT,300,4000,1,2026-04-12
,20079993,2007999300,00,MANGO PUREE,EC,100,4000,15,2026-08-09
,20089759,2008975919,19,PISTACHIO PATE,US,100,4000,1,2026-03-03
,20089911,2008991100,00,ALOE VERA,TW,100,4000,1,2026-06-15
,20089999,2008999990,90,SWEET RED BEAN BOILED,TW,100,4000,1,2026-03-20
,20091199,2009119998,98,ORANGE JUICE,IT,300,4000,1,2026-04-12
,20091200,2009120010,10,ORANGE JUICE,BR,100,4000,1,2026-06-25
,20091200,2009120090,90,ORANGE JUICE,BR,100,4000,5,2026-08-12
,20093199,2009319990,90,CITRUS JUICE,IT,300,4000,1,2026-04-12
,20094199,2009419990,90,PINEAPPLE JUICE,PH,100,4000,4,2026-06-25
,20094919,2009491990,90,ANANAS JUICE DERBY BOTTLE,IT,300,4000,2,2026-04-10
,20097199,2009719990,90,APPLE JUICE,AT,300,4000,4,2026-08-12
,20097919,2009791990,90,APPLE JUICE,IT,300,4000,2,2026-04-10
,20098979,2009897991,91,ORANGE JUICE,IT,300,4000,1,2026-04-10
,20098979,2009897999,99,red ornage juice,IT,300,4000,1,2026-03-01
,20098999,2009899999,99,FRUIT JUICE,IT,300,4000,1,2026-04-12
,21022090,2102209000,00,SYNBIOFF LA 100B,IT,100,4000,3,2026-08-02
,21032000,2103200000,00,TOMATO SAUCE,IT,300,4000,1,2026-05-31
,21039090,2103909089,89,SAUCES,NL,300,4000,2,2026-02-24
,21041000,2104100089,89,SOUPS,IT,300,4000,2,2026-02-24
,21050010,2105001000,00,ICE CREAM,IT,300,4000,7,2026-08-15
,21050091,2105009100,00,ICE CREAM,IT,300,4000,9,2026-08-15
,21050099,2105009900,00,ICE CREAM,IT,300,4000,4,2026-08-15
,21069098,2106909869,69,ICE CREAM TOPPINGS,IT,300,4000,11,2026-08-16
,22011011,2201101100,00,STILL WATER,IT,100,4000,1,2026-04-21
,22011019,2201101900,00,SPARKLING WATER,IT,100,4000,1,2026-04-21
,22011090,2201109000,00,MINERAL WATER,IT,100,4000,1,2026-03-24
,22019000,2201900000,00,BARRELS OF WATER FOR TESTING,CH,100,4000,1,2026-01-24
,22029919,2202991999,99,FRIU JUICE,AT,300,4000,4,2026-08-12
,22030001,2203000100,00,ITALIAN BEER,IT,100,4000,30,2026-08-07
,22030010,2203001000,00,ITALIAN BEER,IT,100,4000,4,2026-07-08
,22041015,2204101500,00,ITALIAN SPAKLING WINE,IT,100,7100,7,2026-08-07
,22041093,2204109300,00,ITALIAN SPARKLING WINE,IT,100,7100,1,2026-02-12
,22041098,2204109800,00,WINE,GR,100,4000,1,2026-03-04
,22042109,2204210900,00,ITALIAN WINE,IT,100,7100,1,2026-08-03
,22042128,2204212810,10,ITALIAN WINE,IT,100,7100,5,2026-07-17
,22042138,2204213810,10,ITALIAN WINE,IT,100,7100,3,2026-08-07
,22042138,2204213890,90,ITALIAN WINE,IT,100,4000,3,2026-06-28
,22042161,2204216110,10,ITALIAN WINE,IT,100,7100,2,2026-08-07
,22042166,2204216610,10,ITALIAN WINE,IT,100,7100,1,2026-08-07
,22042166,2204216690,90,ITALIAN WINE,IT,100,7100,3,2026-08-07
,22042168,2204216810,10,ITALIAN WINE,IT,100,7100,5,2026-06-09
,22042168,2204216890,90,ITALIAN WINE,IT,100,7100,4,2026-05-14
,22042178,2204217810,10,ITALIAN WINE,IT,100,7100,9,2026-08-07
,22042178,2204217890,90,ITALIAN WINE,IT,100,7100,4,2026-08-03
,22042179,2204217910,10,ITALIAN WINE,IT,100,7100,16,2026-08-07
,22042179,2204217990,90,ITALIAN WINE,IT,100,7100,2,2026-03-11
,22042180,2204218010,10,WINE,IT,100,7100,7,2026-08-07
,22042180,2204218090,90,ITALIAN WINE,IT,100,7100,9,2026-08-03
,22042183,2204218310,10,WINE,IT,100,7100,5,2026-08-07
,22042184,2204218410,10,WINE AT 12.5 PERCENT,GR,300,4000,1,2026-02-17
,22042184,2204218490,90,WINE,GR,100,4000,2,2026-03-04
,22042190,2204219010,10,ITALIAN WINE,IT,100,7100,3,2026-05-14
,22051010,2205101000,00,ITALIAN VERMOUTH,IT,100,0700,3,2026-06-25
,22082028,2208202800,00,GREEK SPIRITS,GR,0,7100,3,2026-07-29
,22085011,2208501100,00,ITALIAN GIN,IT,100,4000,5,2026-05-14
,22087010,2208701000,00,SPIRITOUS BEVERAGES,IT,100,0700,54,2026-08-12
,22089041,2208904100,00,OUZO,GR,0,7100,2,2026-05-19
,22089054,2208905400,00,TEQUILA,MX,100,4000,2,2026-05-14
,22089056,2208905600,00,SPIRITOUS BEVERAGES MEZCAL,MX,100,7100,1,2026-01-19
,22089069,2208906900,00,GREEK SPIRITS,IE,100,0700,11,2026-07-30
,22089078,2208907800,00,GREEK SPIRITS,GR,0,7100,1,
,22089099,2208909990,90,SPIRITOUS BEVERAGES AGAVE,MX,100,7100,2,2026-01-20
,23099031,2309903116,16,QUIKO CANTHAXANTIN,DE,100,4000,1,2026-02-19
,25010010,2501001000,00,SALT LIQUORS,IT,100,4000,2,2026-07-24
,25010099,2501009900,00,TWIN PACK PEPPER AND SALT GRINDERS,ZA,100,4000,2,2026-05-26
,25041000,2504100000,00,SEED TALC AND GRAPHITE LUBRICANT,FR,100,4000,4,2026-03-28
,25051000,2505100000,00,SAND FOR GROUTING,BE,100,4000,3,2026-02-13
,25070020,2507002000,00,NEOGEN MX,US,100,4000,2,2026-04-22
,25151200,2515120000,00,STONE SLABS,BE,100,4000,2,2026-07-21
,25202000,2520200000,00,STONE FOR DENTAL PROSTHETICS,BE,100,4000,55,2026-08-18
,25221000,2522100000,00,CALCIUM HYDROXIDE POWDER IN BAGS FOR CONSTRUCTION USE,BE,100,4000,1,2026-05-22
,25232900,2523290000,00,CEMENT,BE,100,4000,1,2026-02-13
,25262000,2526200000,00,TALC,BE,100,4000,2,2026-07-13
,27101225,2710122590,90,FAST DRYING SOLVENT BREAK CLEANER FOR METAL,GB,100,4000,2,2026-05-27
,27101983,2710198300,00,HYDRAULIC OIL,DE,100,4000,2,2026-06-18
,27101987,2710198700,00,GEAR OIL,DE,100,4000,1,2026-06-18
,27122090,2712209000,00,HYWAX 4110,DE,100,4000,1,2026-03-09
,28030000,2803000000,00,KETJENBLACK,JP,100,4000,4,2026-07-07
,28112200,2811220090,90,SILICON DIOXIDE,GB,100,4000,6,2026-08-17
,28131000,2813100000,00,CARBON DISULPHIDE,DE,100,4000,3,2026-06-05
,28183000,2818300090,90,WHITE GROUND ALUMINIUM HYDROXIDE,BA,100,4000,7,2026-08-06
,28230000,2823000085,85,PIGMENT LIGHTNER FOR PAINT,BE,100,4000,1,2026-03-22
,29025000,2902500000,00,STYRENE MONOMER,NL,100,4000,97,2026-08-18
,29029000,2902900000,00,VINYL TOLUENE,US,100,4000,9,2026-06-30
,29051200,2905120090,90,FAST EVAPORATING ISOPROPYL ALCHOL CLEANER,BE,100,4000,15,2026-07-29
,29054100,2905410000,00,TRIMETHYLOLPROPANE,CN,100,4000,1,2026-05-26
,29072300,2907230000,00,BISPHENOL A,TW,100,4000,8,2026-08-07
,29072900,2907290090,90,TOLUHYDROQUINONE,CN,100,4000,1,2026-01-22
,29094100,2909410000,00,DIETHYLENE GLYCOL,SA,100,4000,12,2026-07-16
,29096010,2909601000,00,CHEMICALS,DE,100,4000,1,2026-02-09
,29096090,2909609090,90,TRIGONOX,CN,100,4000,6,2026-07-13
,29145000,2914500090,90,MPI UV 9,CN,100,4000,3,2026-06-18
,29161300,2916130090,90,METHACRYLIC ACID,KR,100,4000,4,2026-06-21
,29161400,2916140090,90,VISIOMER,BE,100,4000,8,2026-08-12
,29163200,2916320000,00,PERKADOX,MX,100,4000,6,2026-08-12
,29172000,2917200090,90,1 4 CHDA HP,IT,100,4000,1,2026-01-19
,29173985,2917398590,90,ISOPHTHALIC ACID BOND REF. CH0903,TW,100,4071,2,2026-07-29
,29209070,2920907090,90,SAMPLE PERKADOX,MX,100,4000,2,2026-07-28
,29211999,2921199990,90,DIMETHYLAMINOISOPYLCHLORIDE HYDROCHLORIDE SAILT,IN,100,4000,1,2026-01-20
,29221900,2922190090,90,N ETHYL N PHENYLETHANOLAMINE,CN,100,4000,3,2026-06-02
,29222900,2922290090,90,CHEMICALS,CN,100,4000,1,2026-02-18
,29269070,2926907090,90,ELOCRILENE,CN,100,4000,3,2026-07-03
,29270000,2927000090,90,CHEMICALS,MX,100,4000,5,2026-06-08
,29314980,2931498090,90,CATONIUM BTPB,IN,100,4000,1,2026-05-11
,29319000,2931900090,90,MBTO COMPOSTO ORGANICO,CN,100,4000,1,2026-03-03
,29333999,2933399927,27,DIPICOLINIC ACID,IN,100,4000,1,2026-01-16
,29339980,2933998090,90,AFV VECHICLE ADDITIVE,BE,100,4000,1,2026-01-15
,29349990,2934999090,90,SAME GRANULATO,IT,100,4000,2,2026-07-28
,29397910,2939791000,00,PURE NICOTINE,IN,100,4000,14,2026-08-13
,29397990,2939799090,90,NICOTINE ORTHO SALICYLATE,IN,100,4000,1,2026-08-13
,30024900,3002490089,89,SYNBAECTIVE,IT,100,4000,15,2026-08-02
,30059099,3005909900,00,DENTAL WOUND DRESSING,US,100,4000,38,2026-08-05
,30064000,3006400000,00,DENTAL GLAZING AND STAINING RESIN OR SILICONE FOR USED FOR RESTORATIONS,US,100,4000,249,2026-08-18
,32050000,3205000090,90,SPRAY PAINT,BE,100,4000,1,2026-03-13
,32061100,3206110085,85,TITANIUM DIOXIDE,AU,100,4000,2,2026-05-21
,32064970,3206497090,90,AEROSOL REFEREE VANSHING SPRAY,BE,100,4000,1,2026-06-11
,32071000,3207100000,00,PREPARED PIGMENTS,AT,100,4000,9,2026-07-30
,32072090,3207209000,00,DENTAL VITRIFIABLE ENAMES AND GLAZES,JP,100,4000,161,2026-08-18
,32073000,3207300090,90,DENTAL MODELING LIQUID,AT,100,4000,46,2026-08-18
,32074085,3207408500,00,GLASS FRIT,DE,100,4000,26,2026-08-17
,32082010,3208201090,90,WATER BASED SOLVENT FREE 2 COMPONENT TOPCOAT,NL,100,4000,1,2026-03-22
,32089091,3208909100,00,SYNTHETIC POLYMERS,FR,100,4000,2,2026-03-23
,32091000,3209100000,00,ACRYLIC SIZING AND GESSO,UA,100,4000,6,2026-08-05
,32099000,3209900000,00,BUCKET OF INDULIN,BE,300,4000,1,2026-03-05
,32100010,3210001000,00,LINSEED OIL FOR PAINTS,UA,100,4000,4,2026-08-05
,32110000,3211000000,00,COBALT HYDROXY,ES,100,4000,2,2026-05-09
,32121000,3212100000,00,STAMPING FOILS,FR,100,4000,2,2026-07-08
,32129000,3212900000,00,COLOUR PASTE,NO,100,4000,8,2026-08-17
,32131000,3213100000,00,WATER COLOUR PAINTS,UA,100,4000,15,2026-08-05
,32139000,3213900000,00,ACRYLIC AND WATER COLOUR PAINTS,UA,100,4000,13,2026-08-05
,33011390,3301139000,00,LEMON ESSENTIAL OIL,IT,300,4000,1,2026-04-12
,33021090,3302109000,00,FISH FLAVOUR,DE,100,4000,8,2026-08-17
,33030010,3303001000,00,PERFUMES,GR,300,4000,1,2026-06-10
,33041000,3304100000,00,YOGHURT,CN,100,4000,2,2026-06-23
,33042000,3304200000,00,ITEMS RELATED TO MACKUP,GR,300,4000,1,2026-06-10
,33043000,3304300000,00,ITEMS RELATED TO MANICURES,GR,300,4000,1,2026-06-10
,33049900,3304990000,00,LANOLIN NIPPLE CREAM,GR,100,4000,5,2026-07-27
,33051000,3305100000,00,DRY SHAMPOO SPRAY,BZ,100,4000,5,2026-08-02
,33053000,3305300000,00,SPRITZ HAIRSPRAY,US,100,4000,1,2026-05-14
,33059000,3305900000,00,HAIR CARE PRODUCTS,IT,100,4000,9,2026-07-30
,33061000,3306100000,00,DENTAL CARE CREAM FOR ORAL USE,US,100,4000,116,2026-08-18
,33069000,3306900000,00,DENTAL PROCESSING AND SEPARATING FOR USE IN PROSTHECTIC AND LABORATORY PROCEDURES,JP,100,4000,56,2026-08-18
,34011100,3401110000,00,SOAPS,GR,300,4000,1,2026-06-10
,34013000,3401300000,00,SOAPS,GR,300,4000,2,2026-06-10
,34031910,3403191000,00,ANTI CORROSION MACHINE OIL FOR FOOD PROCESSING EQUIPMENT,BE,100,4000,4,2026-04-08
,34031980,3403198000,00,GEAR OIL,DE,100,4000,1,2026-06-18
,34039900,3403990000,00,BIODEGRADABLE MULTI PURPOSE OIL FOR LUBRICATION,BE,100,4000,3,2026-03-30
,34059090,3405909000,00,CLEANING CREAM FOR STAINLESS STEEL,BE,100,4000,2,2026-07-09
,34070000,3407000000,00,DENTAL MODELLING PASTE IMPRESSION COMPOUNDS,JP,100,4000,126,2026-08-18
,35030010,3503001000,00,GELATIN,ES,300,4000,1,2026-03-17
,35061000,3506100000,00,DENTAL MODELING LIQUID,JP,100,4000,56,2026-08-18
,35069900,3506990000,00,PREPARED GLUES USED IN BICYCLES,TW,100,4000,5,2026-05-22
,38051030,3805103000,00,WOOD POLISH PASTE,BE,100,4000,1,2026-05-22
,38089490,3808949090,90,PHOSPHATE TEST KIT,DE,100,4000,1,2026-01-24
,38089990,3808999090,90,FLY STICKY PAPER,PL,300,4000,1,2026-07-15
,38109090,3810909000,00,WATER BASED ANTI SPATTER AEROSOL RELASE AGENT,BE,100,4000,16,2026-07-29
,38140090,3814009099,99,OIL BASED ELECTRIAL CONTACT CLEANER,BE,100,4000,35,2026-08-05
,38159090,3815909090,90,TRIGONOX,US,100,4000,5,2026-08-10
,38160090,3816009000,00,PRESSVEST POWDER DENTAL CEMENTS,US,100,4000,68,2026-08-18
,38221900,3822190090,90,DENTAL DIAGNOSTIC KITCONTAINING IN VITRO PREPARED SALIVA TEST REAGENT STRIPS,JP,100,4000,3,2026-08-18
,38249992,3824999224,24,RHEOBYK,DE,100,4000,1,2026-06-21
,38249992,3824999290,90,BYK,DE,100,4000,2,2026-07-15
,38249992,3824999299,99,DIVINYL BENZENE 63,JP,100,4000,1,2026-03-30
,38249993,3824999390,90,ARMOSTAT,MX,100,4000,1,2026-01-07
,38249996,3824999699,99,OXYGEN ABSORBERS,TW,100,4000,2,2026-06-24
,39053000,3905300010,10,ULTRA HI FLOAT 96 0Z 150ML,US,100,4000,1,2026-07-02
,39061000,3906100000,00,DENTAL ACRYLIC LIQUID FOR CASTINGS,US,100,4000,62,2026-08-18
,39069010,3906901000,00,DENTAL BRUSH HOLDER FOR COMPOSIRE OR CERAMIC APPLICATION BRUSHES,JP,100,4000,32,2026-08-17
,39069030,3906903000,00,PRIMER,CH,100,4000,3,2026-01-21
,39073000,3907300085,85,BISPHENOL A EPOXY RESIN,CN,100,4000,22,2026-07-27
,39079110,3907911000,00,RESIN SOLUTION,GB,100,6123,2,2026-04-30
,39079190,3907919090,90,POLYESTER CHIP USED IN MAKING,US,100,4000,1,2026-03-23
,39079980,3907998090,90,RESIN SOLUTION,US,100,4000,4,2026-07-13
,39095010,3909501000,00,BERNER PU FOAM CANS,DE,100,4000,1,2026-06-05
,39123920,3912392000,00,CELLULOSE BASED CHEMICAL THICKERING BINDING AND STABILISING AGENT,BE,100,4000,1,2026-04-08
,39139000,3913900099,99,NATURAL POLYMERS,IT,100,4000,4,2026-04-15
,39162000,3916200099,99,LIFT MATERIAL,DE,300,4000,2,2026-06-08
,39172900,3917290019,19,IPLASTIC DRAIN PIPE,CN,100,4000,1,2026-02-13
,39173200,3917320090,90,SILICONE TUBES,FR,100,4000,1,2026-04-28
,39173900,3917390099,99,SUCTION HOSE,DE,100,4000,8,2026-07-06
,39174000,3917400099,99,HORSCH KAMLOCK ADAPTER,DE,100,4000,22,2026-08-08
,39191080,3919108090,90,TUBELESS RIM TAPE USED IN BICYCLES,IT,100,4000,2,2026-02-16
,39199080,3919908099,99,STICKERS,CN,100,4000,18,2026-07-08
,39211100,3921110090,90,PLASTIC FILM,CA,100,4000,4,2026-06-26
,39211900,3921190099,99,PLATES SHEETS FILM FOIL AND STRIP OF,BE,100,4000,1,2026-01-26
,39219090,3921909000,00,PLASTIC FILM,FR,100,4000,4,2026-05-05
,39221000,3922100000,00,BUILD IN DUO WITH OVER FLOW SHOWER,GB,100,4000,1,2026-03-05
,39231010,3923101000,00,TRAYS,IT,100,4000,5,2026-03-17
,39231090,3923109090,90,TRAY TARTELS,CN,100,4000,2,2026-08-02
,39232100,3923210000,00,ORANGE BAGS,CN,100,4000,1,2026-03-27
,39232990,3923299000,00,BREAST MILK BAGS,CN,100,4000,7,2026-07-27
,39233010,3923301000,00,DISPOSABLE MILK BOTTLES,HR,100,4000,10,2026-08-07
,39233090,3923309000,00,ART SUPPLIES,CH,100,4000,1,2026-04-07
,39235010,3923501000,00,PLASTIC END CAPS,US,100,4000,1,2026-01-30
,39235090,3923509000,00,CHILD SAFTEY CAP FOR BOTTLES,US,100,4000,7,2026-08-05
,39239000,3923900000,00,COOLING ELEMENTS,DE,100,4000,6,2026-07-27
,39241000,3924100011,11,TONGS WITH NYLON HEADS,CN,100,4000,2,2026-08-02
,39241000,3924100019,19,NYLON LADLE,CN,100,4000,3,2026-04-29
,39241000,3924100090,90,FOOD CONTAINER,CN,100,4000,8,2026-08-02
,39249000,3924900090,90,HYGIENIC PLASTIC ARTICLES,CN,100,4000,4,2026-07-27
,39261000,3926100000,00,ART SUPPLIES,CH,100,4000,1,2026-04-07
,39264000,3926400000,00,STATUETTES,IT,100,4000,2,2026-02-09
,39269050,3926905000,00,INTERNAL BATTERY CONNECTION SWITCH,IT,100,4000,1,2026-06-23
,39269097,3926909740,40,SILICONE SHELL FOR BREAST IMPLANTS,SI,100,4000,23,2026-07-27
,39269097,3926909743,43,ACTUATOR LEVER,DE,100,4000,2,2026-06-18
,39269097,3926909790,90,PLASTIC ARTICLES,CN,100,4000,43,2026-08-02
,40092200,4009220090,90,KIT HOSE SPARE PART FOR AGRI MACHINERY,PL,100,4000,1,2026-02-10
,40093100,4009310090,90,TUBES PIPES AND HOSESWITHOUT FITTINGS Reinforced or otherwise combined only with textile materials,MY,100,4000,1,2026-07-24
,40103500,4010350000,00,TORQUE BELTS,JP,100,4000,1,2026-03-17
,40103900,4010390090,90,BELT,CN,100,4000,2,2026-04-06
,40115000,4011500000,00,BICYCLE TYRES,TH,100,4000,14,2026-08-07
,40121300,4012130090,90,Retreaded tyres,FR,119,4000,1,2026-03-19
,40122000,4012200090,90,SET 3 USED MICHELIN TYERS,FR,100,4000,1,2026-02-03
,40132000,4013200000,00,RUBBER INNER TUBES USED IN BICYCLES,CN,100,4000,4,2026-06-14
,40149000,4014900000,00,LOW PROFILE SINGLE COMPARTMENT MEDICAL WHEELCHAIR CUSHION,US,100,4000,1,2026-06-15
,40151200,4015120000,00,WORK GLOVES,TH,100,4000,1,2026-01-08
,40169100,4016910000,00,FLOOR MATS,PL,100,4000,2,2026-03-09
,40169200,4016920000,00,ERASERS,ES,100,4000,9,2026-07-23
,40169300,4016930090,90,ELEVATOR MATERIAL,TR,100,4000,11,2026-08-01
,40169991,4016999190,90,SPARE SUPPORT PART FOR AGRICULTRUAL MACHINERY,CN,100,4000,3,2026-07-09
,42021190,4202119090,90,CASES,IN,100,4000,6,2026-07-30
,42021211,4202121100,00,BRIEFCASES,CN,100,4000,11,2026-07-30
,42021219,4202121900,00,VANITY CASES IN PU,CN,100,4000,16,2026-07-28
,42021250,4202125000,00,TROLLEY SUITCASE,CN,100,4000,1,2026-03-27
,42021291,4202129190,90,BRIEF AND SCHOOL CASES IN TEXTILES,DE,100,4000,29,2026-07-09
,42021299,4202129990,90,SUIT AND VANITY CASES IN TEXTILES,CN,100,4000,38,2026-08-18
,42022210,4202221000,00,HANDBAGS IN PU,CN,100,4000,9,2026-08-18
,42022290,4202229090,90,HANDBAGS IN TEXTILES,PK,100,4000,45,2026-08-18
,42023210,4202321000,00,PURSES AND WALLETS IN PU,CN,100,4000,25,2026-07-14
,42023290,4202329090,90,PURSES AND WALLETS IN TEXTILES,PK,100,4000,64,2026-08-18
,42029110,4202911090,90,BAGS,IN,100,4000,7,2026-07-30
,42029211,4202921100,00,TRAVEL SPORT AND BACKPACKS IN PU,CN,100,4000,70,2026-08-18
,42029219,4202921900,00,BAG,IT,100,4000,19,2026-07-30
,42029291,4202929190,90,TRAVEL AND SPORT BACKPACKS IN TEXTILES,IN,100,4000,198,2026-08-18
,42029298,4202929890,90,SHOPPER BAGS AND OTHERS IN TEXTILES,IN,100,4000,369,2026-08-18
,42029900,4202990090,90,JEWELLERY AND OTHER CASES,CN,100,4000,1,2026-06-23
,44029000,4402900090,90,INSTANT LIGHT LUMPWOOD CHARCOAL,NA,100,4000,10,2026-06-29
,44071110,4407111000,00,WOOD SHORE,BE,100,4000,1,2026-01-08
,44071190,4407119010,10,RADIATA PINE THERMO,FI,100,4000,23,2026-08-17
,44071190,4407119090,90,RADIATA PINE,US,100,4000,14,2026-08-17
,44071290,4407129090,90,THERMO WHITEWOOD,FI,100,4000,5,2026-07-06
,44071400,4407140099,99,HEMLOCK WOOD,CA,100,4000,1,2026-08-17
,44071990,4407199090,90,OREGON PINE,US,100,4000,12,2026-08-10
,44072310,4407231000,00,RECLAIMED TEAL WOOD,IN,100,4000,1,2026-06-05
,44072390,4407239000,00,TEAK WOOD,IN,100,4000,12,2026-08-10
,44072590,4407259000,00,DARK RED MERANTI,MY,100,4000,4,2026-05-05
,44072710,4407271000,00,SAPELI LAMINATED,CG,100,4000,2,2026-03-30
,44072799,4407279900,00,SAPEIL SAWN,CG,100,4000,17,2026-07-27
,44072899,4407289900,00,IROKO SAWN,CM,100,4000,92,2026-08-18
,44072915,4407291500,00,BANGKIRAI WOOD,ID,100,4000,21,2026-08-18
,44072995,4407299500,00,EKKI SAWN TIMBER,CM,100,4000,53,2026-08-10
,44072996,4407299600,00,TALI SAWN,GA,100,4000,5,2026-08-10
,44072998,4407299800,00,AYOUS SAWN,BR,100,4000,227,2026-08-18
,44079131,4407913100,00,OLD OAK BOARDS,FR,100,4000,1,2026-03-05
,44079139,4407913900,00,NEW OAK CABINET,FR,100,4000,3,2026-07-03
,44079190,4407919000,00,EUROPEAN OAK,US,100,4000,11,2026-07-22
,44079399,4407939900,00,HARDE WHITE MAPLE,US,100,4000,7,2026-08-10
,44079599,4407959900,00,ASH WHITE AMERICAN,HR,100,4000,11,2026-08-18
,44079799,4407979900,00,POPLAR THERMO,HR,100,4000,7,2026-05-26
,44079990,4407999000,00,WALNUT AMERICAN,US,100,4000,13,2026-05-26
,44111210,4411121000,00,MDF BOARDS,BE,100,4000,2,2026-04-10
,44151010,4415101000,00,PLYWOOD SHIPPING BOXES,LU,100,4000,2,2026-08-06
,44152020,4415202000,00,FLAT PALLETS,IT,100,4000,18,2026-08-12
,44152090,4415209000,00,WOODEN PALLETS ISPM15 COMPLIANT USED AS PACKING AND SUPPORT MATERIAL FOR SHIPMENT OF GOODS,BE,100,4000,79,2026-08-13
,44160000,4416000000,00,WOODEN DISPLAY CASK,IT,100,4000,1,2026-05-14
,44182190,4418219000,00,WOODEN INTERIOR DOORS,FR,100,4000,8,2026-05-06
,44182980,4418298000,00,DOORS,PT,100,4000,2,2026-07-23
,44183000,4418300000,00,WOODEN PLANKS AND BEAMS,BE,100,4000,1,2026-04-10
,44188300,4418830090,90,OLD OAK BEAMS,FR,100,4000,4,2026-08-17
,44189900,4418990000,00,DOORS,PT,100,4000,3,2026-08-12
,44199000,4419900000,00,LARGE WOODEN SPOON,CN,100,4000,6,2026-08-02
,44209099,4420909990,90,WOODEN BLOCK,IT,100,4000,1,2026-05-14
,44211000,4421100000,00,CLOTHES HANGERS,CN,100,4000,1,2026-06-20
,44219999,4421999999,99,SKETCH BORAD WITH MAGNETIC STRIP,UA,100,4000,14,2026-08-05
,46021100,4602110090,90,BASKETS,CN,100,4000,2,2026-04-07
,46029000,4602900000,00,ASTRO BLACK POT,CN,100,4000,2,2026-02-27
,48024090,4802409000,00,PAPER,IT,100,4000,3,2026-07-18
,48025890,4802589000,00,CARBOARD DISPLAY,IT,100,4000,1,2026-03-05
,48045990,4804599000,00,PARTY HATS MADE FROM CRAFT CARD PAPER,CN,100,4000,1,2026-04-07
,48053000,4805300000,00,ALUMINIUM PAPER BAGS,GR,100,4000,1,2026-02-25
,48064090,4806409000,00,GLASSINE BASE PAPER,IT,100,4000,26,2026-08-17
,48089000,4808900000,00,PRINTED CARDBOARD,IT,100,4000,4,2026-06-17
,48102980,4810298080,80,PAPER PAPERBOARD,GB,100,4000,4,2026-06-30
,48114190,4811419000,00,PROFESSIONAL GRADE YELLOW MASKING TAPE,DE,100,4000,1,2026-05-22
,48115900,4811590090,90,MIXING PAD FOR DENTAL MATERIAL,JP,100,4000,3,2026-08-18
,48116000,4811600090,90,MIXING PAD FOR DENTAL MATERIAL,JP,100,4000,7,2026-08-18
,48142000,4814200000,00,VINYL WALLPAPER,BE,100,4000,3,2026-05-22
,48172000,4817200000,00,LETTER CARDS,CN,100,4000,7,2026-07-30
,48173000,4817300000,00,BOXES OF PAPER OR PAPERBOARD CONTAINING AN ASSORTMENT OF PAPER STATIONERY,IT,100,4000,1,2026-03-24
,48182010,4818201000,00,CARTONS,GR,300,4000,1,2026-06-10
,48183000,4818300000,00,TABLECLOTHS,IT,100,4000,2,2026-05-14
,48191000,4819100000,00,SELF ADHESIVE STICKER FOR PRODUCT DESCRIPTION,BE,100,4000,24,2026-08-05
,48192000,4819200000,00,FOLDING BOXES CASES OF NONCORRUGATED PAPER,BE,100,4000,29,2026-08-06
,48193000,4819300000,00,SACKS,BE,100,4000,2,2026-07-08
,48194000,4819400000,00,PAPER BAGS,GR,100,4000,19,2026-08-04
,48196000,4819600000,00,AIR LINER COUNTER DISPLAY,IT,100,4000,1,2026-08-11
,48201030,4820103000,00,NOTEBOOKS,TR,100,4000,133,2026-08-06
,48201050,4820105000,00,DIARIES,EC,100,4000,66,2026-08-06
,48201090,4820109000,00,NOTE BOOKS,CN,100,4000,10,2026-07-30
,48211010,4821101000,00,ANITCORROSION OIL AND LUBRICANT PRODUCT LABLES,BE,100,4000,21,2026-08-05
,48211090,4821109000,00,PRINTED PAPER OR PAPERBOARD LABELS,CH,100,4000,6,2026-07-23
,48219090,4821909000,00,PACKAGING MATERIAL,GR,100,4000,1,2026-02-03
,48232000,4823200000,00,FILTER PAPER AND PAPER BOARD,IT,100,4000,162,2026-08-17
,48236100,4823610000,00,PAPER CUPS,IT,100,4000,4,2026-05-14
,48236910,4823691000,00,PAPER CUP,IT,100,4000,4,2026-06-20
,48236990,4823699000,00,PAPER CUPS,IT,100,4000,4,2026-07-28
,48237090,4823709000,00,EGG CARTONS,ES,100,4000,1,2026-01-14
,48239085,4823908580,80,GIFT BOXES,IT,100,4000,18,2026-08-01
,49019900,4901990000,00,BOOKS,IT,100,4000,12,2026-08-01
,49030000,4903000000,00,CHILDRENS COLOURING PADS,CH,100,4000,5,2026-06-30
,49100000,4910000000,00,WALL CALENDARS SLIM CALENDARS MEDIUM CALENDARS,IT,100,4000,1,2026-06-14
,49111010,4911101000,00,CATALOGUES,IT,100,4000,13,2026-08-11
,49111090,4911109000,00,TRADE ADVERTISING CATALOGUES,FR,100,4000,23,2026-08-01
,49119900,4911990000,00,QR CODE PANEL,FR,100,4000,6,2026-06-05
,53012900,5301290000,00,SEALING THREAD,BE,100,4000,2,2026-02-13
,54026300,5402630000,00,Other yarn twisted,GR,100,4000,1,2026-06-08
,56031390,5603139090,90,NEEDLE PUNCHED THERMALLY BONDED NON WOVEN TEXTILES FABRIC,BE,300,4000,10,2026-06-25
,56031480,5603148090,90,TEXTILES NON WOVEN CARPET,BE,300,4000,6,2026-04-28
,57031000,5703100000,00,SUUMER ROOM INSERT RUG,IN,100,4000,1,2026-08-10
,57033999,5703399900,00,LIVING ROOM INTER RUG,IN,100,4000,1,2026-08-10
,57050030,5705003090,90,FLOOR MAT FOR CABIN,DE,100,4000,4,2026-06-26
,58063100,5806310000,00,COTTON PRODUCTS,IT,100,4000,2,2026-07-30
,58109110,5810911090,90,EMBROIDED FABRIC,CN,100,4000,4,2026-04-28
,59119099,5911909990,90,SMART WASHER UNITS,US,100,4000,8,2026-07-08
,61013090,6101309000,00,ADULTS TRACKSUIT TOP,BD,200,4000,1,2026-05-06
,61033200,6103320000,00,VARSITY JACKET CLOTHING,PK,200,4000,13,2026-06-25
,61034200,6103420000,00,CAMPUS SHORTS,PK,200,4000,1,2026-06-25
,61034300,6103430000,00,ADULTS COOL SHORTS,BD,200,4000,1,2026-01-23
,61046200,6104620000,00,WOMANS RETRO SHORTS,BD,100,4000,1,2026-03-10
,61046300,6104630000,00,ACTIVE TRACKPANTS,BD,100,4000,5,2026-08-03
,61051000,6105100000,00,ADULTS POLO SHIRT,BD,100,4000,4,2026-08-03
,61052010,6105201000,00,KIDS COOL POLO,BD,100,4000,23,2026-07-28
,61062000,6106200000,00,LADIES COOL PLUS POLO SHIRT,BD,200,4000,6,2026-08-03
,61079900,6107990090,90,KIDS ALL IN ONE,BD,100,4000,1,2026-03-10
,61091000,6109100010,10,HEAVYWEIGHT AND OVERSIZED T SHIRTS FOR ADULTS,BD,100,4000,20,2026-08-03
,61099020,6109902000,00,ADULTS COOL T SHIRT,BD,100,4000,27,2026-08-03
,61102091,6110209100,00,ADULTS HEAVYWEIGHT HOODIES,PK,200,4000,49,2026-07-28
,61102099,6110209900,00,KIDS HOODIE,PK,200,4000,9,2026-06-25
,61103091,6110309100,00,ADULTS LIGHT ACTIVE 14 ZIP TOP,CN,100,4000,12,2026-07-28
,61103099,6110309900,00,WOMANS COOL ZOODIE,CN,100,4000,4,2026-07-28
,61112090,6111209000,00,SHORT SLEEVED BODYSUIT,BD,100,4000,1,2026-08-03
,61161020,6116102091,91,SIP PROMOTIOAL WORKING GLOVES,SI,100,4000,1,2026-01-11
,61169300,6116930000,00,KNITTED GLOVES,CN,100,4000,23,2026-06-23
,61171000,6117100000,00,KNITTED SCARVES,CN,100,4000,10,2026-02-23
,61178080,6117808000,00,KNITTED ACCESSORIES MORF,CN,100,4000,19,2026-07-23
,62014010,6201401090,90,BLACK WINTER JACKET,TR,100,4000,1,2026-07-09
,62033290,6203329000,00,DENIM JACKET ADULTS CLOTHING,BD,200,4000,2,2026-06-23
,62034231,6203423100,00,MENS SLIM JEANS,BD,200,4000,7,2026-08-03
,62034290,6203429000,00,MENS CHINO SHORTS,BD,100,4000,1,2026-03-10
,62046231,6204623190,90,LADIES STRAIGHT JEANS,BD,200,4000,6,2026-08-03
,62046318,6204631890,90,ADULTS TEAM SHORT,BD,200,4000,5,2026-08-03
,62052000,6205200090,90,CLASSIC FIT MENS SHIRT,BD,200,4000,1,2026-07-09
,62079100,6207910099,99,BATHROBES,TR,100,4000,1,2026-06-11
,62089200,6208920000,00,ADULTS PONCHO,CN,100,4000,1,2026-04-08
,62092000,6209200090,90,DENIUM DUNGAREE,BD,100,4000,2,2026-08-03
,62114210,6211421000,00,APRONS IN COTTON,IN,100,4000,24,2026-07-14
,62143000,6214300090,90,WEAVED SCARVES,CN,100,4000,3,2026-04-14
,63023100,6302310000,00,BEDSIDE MAT,IT,300,4000,2,2026-07-11
,63026000,6302600090,90,KITCHEN LINEN TEA TOWELS,PK,100,4000,32,2026-08-06
,63049200,6304920090,90,HOME FURNISHINGS IN COTTON,IN,100,4000,19,2026-08-18
,63049300,6304930010,10,HOME FURNISHINGS IN FELT,CN,100,4000,5,2026-04-21
,63049300,6304930090,90,HEAVY DUTY REPLACEMENT PROTECTIVE COVERS FOR WHEELCHAIR CUSHIONS,CN,100,4000,1,2026-06-15
,63059000,6305900099,99,SPORTS BAGS,PK,100,4000,1,2026-05-18
,63062200,6306220000,00,TENTS OF SYNTHETIC FIBRES,IT,100,4000,1,2026-05-21
,63069000,6306900090,90,GAZEBOS CHAIRS DECK CHAIRS,IT,100,4000,2,2026-03-31
,63071010,6307101000,00,MICROFIBRE CLOTHS KNITTED OR CROCHETED,PK,100,4000,3,2026-08-12
,63071030,6307103000,00,MICROFIBER DUSTER REFILL,CN,100,4000,2,2026-08-02
,63079098,6307909820,20,BUTTERFLY MOP REFIL,CN,100,4000,2,2026-08-02
,63079098,6307909899,99,BACK PACK PANEL,CN,100,4000,16,2026-07-30
,65040000,6504000000,00,PLAITED HATS,CN,100,4000,13,2026-08-18
,65050030,6505003000,00,CAPS WITH PEAKS,CN,100,4000,134,2026-08-18
,65050090,6505009090,90,BEANIES BRIMMED HATS AND OTHERS,CN,100,4000,95,2026-08-18
,66019990,6601999000,00,UMBRA SQUARE UMBRELLA,ID,100,4000,1,2026-07-23
,67041900,6704190000,00,HAIRPIECE,CN,100,4000,1,2026-04-14
,68029100,6802910090,90,STONE,BE,100,4000,5,2026-05-22
,68029200,6802920010,10,OLD STONE TILES,FR,100,4000,5,2026-02-13
,68029200,6802920090,90,Other Other calcareous stone Other,IN,100,4000,1,2026-01-13
,68029390,6802939010,10,OLD STONE WASH TABLE,BE,100,4000,3,2026-05-06
,68030090,6803009000,00,NEW STONE FIREPLACE,PT,100,4000,4,2026-04-10
,68043000,6804300000,00,WHETSTONE,GB,100,4000,1,2026-01-08
,68052000,6805200000,00,SANDING BLOCK,BE,100,4000,1,2026-01-08
,68053000,6805300000,00,DENTAL TEETH POLISHING STRIPS,JP,100,4000,71,2026-08-18
,68069000,6806900000,00,DENTAL CASTING RING LINER,DE,100,4000,5,2026-07-28
,68101190,6810119000,00,Tiles flagstones,PL,100,4000,33,2026-08-13
,68109900,6810990000,00,POTS,BE,100,4000,2,2026-06-11
,68138100,6813810090,90,FRICTION LINING FOR BRAKE PADS,DE,100,4000,1,2026-04-27
,69041000,6904100000,00,RECLIAMED BRICKS,BE,300,4000,1,2026-01-16
,69072100,6907210000,00,TERRACOTTA TILES,FR,100,4000,1,2026-01-08
,69091100,6909110000,00,MIXING DISH,AT,300,4000,1,2026-01-16
,69101000,6910100000,00,WALL HUNG PAN,GB,100,4000,3,2026-03-05
,69131000,6913100090,90,CERAMIC POTS,CN,100,4000,2,2026-02-27
,69139010,6913901090,90,CERAMIC POTS,CN,100,4000,2,2026-02-27
,70060090,7006009000,00,GLASS PANELS FOR GREENHOUSE,BE,100,4000,1,2026-07-03
,70099100,7009910090,90,GLASS MIRROR KIT,FR,100,4000,2,2026-06-29
,70102000,7010200000,00,STAINLESS STEEL PANS,CN,100,4000,9,2026-08-11
,70109041,7010904100,00,GLASS BOTTLE,IT,100,4000,1,2026-05-14
,70109043,7010904300,00,GLASS BOTTLES,IT,100,4000,1,2026-05-14
,70109055,7010905500,00,EMPTY BEER BOTTLES,IT,100,4000,1,2026-07-08
,70133791,7013379100,00,DRINKING GLASSES,AT,300,4000,1,2026-02-25
,70134910,7013491000,00,GLASS MEASURING CUP,CN,100,4000,1,2026-08-02
,70139900,7013990090,90,GLASSWARE,CN,100,4000,2,2026-06-08
,70200008,7020000800,00,FINISHED GLASS BOTTLES,CZ,100,4000,1,2026-02-25
,70200080,7020008000,00,SAMPLE SHADE GUIDE,AT,100,4000,1,2026-08-06
,72069000,7206900000,00,LIFT MATERIAL,DE,100,4000,1,2026-04-12
,72111300,7211130011,11,TOOLBOX,DE,100,4000,1,2026-01-08
,72122000,7212200090,90,TIRE IRON,DE,100,4000,1,2026-01-08
,72169110,7216911000,00,PROFILED SHEETS,BE,100,4000,2,2026-04-15
,72199080,7219908090,90,COVER PLATES,CH,100,4000,1,2026-07-23
,72269200,7226920090,90,COLD ROLLED STEEL STRIPS IN COILS,CH,100,4000,1,2026-01-20
,73021050,7302105000,00,IRON RAILS FOR BUILDING SUPPLIES,BE,100,4000,1,2026-07-03
,73043120,7304312095,95,HYDRAULIC PIPE,DE,100,4000,3,2026-06-18
,73045110,7304511000,00,SEAMLESS ALLOY STEEL TUBES,BE,100,4000,2,2026-04-15
,73079210,7307921000,00,HYDR PROGRESSIVE STOP RING,DE,100,4000,1,2026-04-27
,73079290,7307929090,90,THREADED ELBOWS AND BENDS,CN,100,4000,2,2026-07-24
,73079910,7307991090,90,THREADED TUBING,CN,100,4000,4,2026-07-24
,73079980,7307998092,92,QUICK COUPL SPARE PARTS,DE,100,4000,2,2026-04-30
,73079980,7307998093,93,PIPE FITTINGS FOR AGRICULTRUAL AMCHINERY,BE,100,4000,1,2026-03-13
,73079980,7307998099,99,PIPE FITTINGS,BE,100,4000,2,2026-06-25
,73081000,7308100000,00,CANTILEVER,HU,100,4000,1,2026-06-13
,73083000,7308300000,00,STRUCTURAL FRAME FOR INTERNAL DOORWAYS,BE,100,4000,10,2026-07-03
,73089059,7308905990,90,Folding stairs 4 steps for exhibition UK,BE,100,4000,1,2026-05-08
,73089098,7308909890,90,ELEVATOR MATERIAL,ES,100,4000,5,2026-03-31
,73090010,7309001000,00,CONTAINERS FOR GASES OTHER THAN COMPRESSED OR LIQUEFIED GAS,IT,100,4000,1,2026-05-19
,73090059,7309005900,00,TANKS,BE,100,4000,4,2026-07-09
,73101000,7310100010,10,MILK TANK EMPTY NEW,CN,100,4000,1,2026-04-15
,73102191,7310219100,00,EMPTY AEROSOL CANS,NL,100,4000,13,2026-08-05
,73121020,7312102000,00,BREAK CABLES,CZ,100,4000,7,2026-08-08
,73121049,7312104900,00,ELEVATOR MATERIAL,FI,100,4000,6,2026-07-23
,73121081,7312108119,19,CABLE REELS,US,100,4000,7,2026-07-15
,73121081,7312108190,90,ELEVATOR MATERIAL,DE,100,4000,58,2026-08-04
,73121083,7312108390,90,ELEVATOR MATERIAL,DE,100,4000,1,2026-03-18
,73121098,7312109819,19,CABLE REELS,US,100,4000,5,2026-07-15
,73121098,7312109890,90,CABLE REELS,US,100,4000,6,2026-07-15
,73129000,7312900000,00,K TRAZ CABLE,CN,100,4000,1,2026-04-23
,73151190,7315119000,00,ELEVATOR MATERIAL,CN,100,4000,4,2026-04-14
,73151200,7315120000,00,PIN CHAIN FOR AGRICULTRUAL MACHINERY,DE,100,4000,2,2026-08-02
,73151900,7315190000,00,Threaded rod vmont. 500 mm,DE,100,4000,2,2026-07-13
,73158200,7315820000,00,ELEVATOR MATERIAL,CN,100,4000,3,2026-05-21
,73170060,7317006000,00,CORUFIX NAILS,BE,100,4000,4,2026-07-27
,73181210,7318121090,90,WOOD BOLT WITH NUT,GB,100,4000,1,2026-03-05
,73181290,7318129090,90,SCREWS,DE,100,4000,1,2026-01-08
,73181300,7318130090,90,MOULDBOARD STAY LG 700 M20,FR,100,4000,2,2026-03-08
,73181410,7318141090,90,SCREWS,DE,100,4000,2,2026-03-26
,73181491,7318149190,90,SCREWS,DE,100,4000,2,2026-03-05
,73181535,7318153590,90,SCREWS AND BOLTS,BE,100,4000,4,2026-08-04
,73181542,7318154290,90,SCREWS AND BOLTS,BE,100,4000,15,2026-08-04
,73181548,7318154890,90,SCREWS AND BOLTS,CN,100,4000,10,2026-06-24
,73181552,7318155290,90,SLOTTED AND CROSS RECESSED HEADS,DE,100,4000,1,2026-01-08
,73181558,7318155890,90,SCREWS AND BOLTS FOR AGRICULTRUAL MACHINERY,BE,100,4000,1,2026-07-16
,73181568,7318156890,90,CYLINDER HEAD SCREW,CZ,100,4000,4,2026-08-08
,73181575,7318157590,90,COIL COMPRESSION SPRINGS,CZ,100,4000,5,2026-08-08
,73181588,7318158880,80,SPARE SCREW PARTS FOR AGRICULTRUAL MACHINERY,MY,100,4000,14,2026-08-01
,73181595,7318159589,89,SPARE SCREW PARTS FOR AGRICULTRUAL MACHINERY,FR,100,4000,10,2026-08-01
,73181639,7318163990,90,OUTPUT MODULE RELAYS,CH,100,4000,2,2026-03-30
,73181660,7318166090,90,SELF LOCKING NYLOC NUT FOR AGRI MACHINERY,IT,100,4000,8,2026-08-01
,73181692,7318169290,90,NUTS,CN,100,4000,3,2026-07-07
,73181699,7318169990,90,GALVANIZED STEEL HEXAGONAL NUT,BE,100,4000,10,2026-07-16
,73181900,7318190090,90,DOUBLE NUT FASTNER,CN,100,4000,2,2026-08-01
,73182100,7318210098,98,WASHERS,DE,100,4000,3,2026-07-08
,73182200,7318220098,98,IMPULSE WASHER FOR AGRICULTURAL MACHINERY,IT,100,4000,15,2026-07-09
,73182400,7318240090,90,GALVANISED STEEL LOCKING PIN,CN,100,4000,5,2026-08-01
,73182900,7318290090,90,ACCESSORIES AND SPARE PARTS FOR AGRI MACHINERY,CN,100,4000,6,2026-08-01
,73201019,7320101990,90,METAL SENSOR SPRINGS FOR AGRICULTRUAL MACHINERY,DE,100,4000,2,2026-05-16
,73202020,7320202090,90,SPRING,CZ,100,4000,2,2026-08-08
,73202081,7320208190,90,COIL COMPRESSION SPRINGS,BE,100,4000,2,2026-04-15
,73202085,7320208590,90,COIL TRACTION SPRING SPARE PART FOR AGRI MACHINERY,FR,100,4000,5,2026-05-21
,73202089,7320208990,90,SPRING LOADED TINE,DE,100,4000,4,2026-05-29
,73209090,7320909090,90,AGRICULTRIAL SPRING,CZ,100,4000,3,2026-08-08
,73221900,7322190000,00,STANDING TOWEL HEATER,GB,100,4000,4,2026-07-03
,73239300,7323930090,90,STAINLESS STEEL PANS,BE,100,4000,35,2026-08-11
,73239900,7323990090,90,BAKING TRAYS,IT,100,4000,2,2026-06-20
,73249000,7324900090,90,SHOWER DRAIN,CN,100,4000,3,2026-08-02
,73259990,7325999090,90,TOWING EYE FOR AGRICULTRUAL MACHINES,AT,100,4000,2,2026-08-10
,73269092,7326909290,90,ART SUPPLIES,CH,100,4000,1,2026-04-07
,73269098,7326909890,90,CASE FOR WATERCOLOUR PAINT,CN,100,4000,28,2026-08-05
,74032200,7403220000,00,ELEVATOR MATERIAL,DE,100,4000,1,2026-01-15
,74091900,7409190000,00,COPPER SLATS,BE,100,4000,1,2026-01-08
,74121000,7412100000,00,COMI FRABO MUFF,IT,100,4000,1,2026-01-21
,74122000,7412200000,00,STEAM GLOVES,IT,100,4000,3,2026-07-09
,74130000,7413000090,90,CONTROL CABLES,TW,100,4000,3,2026-07-28
,74153300,7415330000,00,BOLT ON MOUNTING FRAME FOR EXCAVATORS,PL,100,4000,1,2026-06-04
,74153900,7415390000,00,SCREWS AND BOLTS,IT,100,4000,3,2026-08-01
,74182000,7418200010,10,OLD BRASS BARTHROOM ACCESSORIES,GB,100,4000,1,2026-08-17
,74182000,7418200090,90,PUSH PLATE,GB,100,4000,4,2026-03-05
,74198090,7419809098,98,Other Other Other,IN,100,4000,1,2026-01-13
,75072000,7507200000,00,REDUCER,IT,100,4000,4,2026-01-21
,76072099,7607209900,00,ALUMINIUM FOIL,FR,300,4000,2,2026-05-20
,76101000,7610100000,00,ELEVATOR DOOR MATERIAL,BG,300,4000,9,2026-07-22
,76109090,7610909095,95,PANELS,IT,300,4000,4,2026-07-22
,76151080,7615108090,90,ALUMINUM AND STAINLESS STEEL FRYING PANS,IT,100,4000,8,2026-08-11
,76169990,7616999099,99,ELEVATOR MATERIAL,SK,100,4000,6,2026-04-28
,79070000,7907000010,10,METAL KEYRINGS,CN,100,4000,10,2026-08-18
,82011000,8201100000,00,SPADE,IT,100,4000,2,2026-06-20
,82021000,8202100000,00,HANDSAW,PT,100,4000,2,2026-01-08
,82032000,8203200000,00,DRILL SET,US,100,4000,4,2026-01-08
,82041100,8204110000,00,WRENCH,CZ,100,4000,4,2026-04-08
,82041200,8204120000,00,MONKEY WRENCH,PT,100,4000,1,2026-01-08
,82042000,8204200000,00,WRENCHES,DE,100,4000,1,2026-01-08
,82051000,8205100000,00,CHISEL,PT,100,4000,3,2026-01-08
,82052000,8205200000,00,PULLING HAMMER,UA,100,4000,2,2026-02-04
,82053000,8205300000,00,NAIL PUNCHERS,US,100,4000,1,2026-01-08
,82055100,8205510000,00,WHISK,CN,100,4000,7,2026-08-02
,82055980,8205598000,00,PALETTE KNIFE,CN,100,4000,7,2026-06-21
,82057000,8205700000,00,STEEL VICE,CN,100,4000,1,2026-01-08
,82079099,8207909900,00,SPRIT LEVEL,DE,100,4000,3,2026-02-04
,82082000,8208200000,00,MULTI TIP DISC FOR AGRICULTRUAL MACHINERY,CZ,100,4000,2,2026-08-08
,82084000,8208400000,00,STEEL ROTARY FLAIN BLADE FOR AGRICULTRUAL MACHINERY,IT,100,4000,40,2026-08-13
,82100000,8210000000,00,HAND HELD MANDOLINE,CN,100,4000,1,2026-08-02
,82130000,8213000000,00,PAIR OF SCISSORS,NL,100,4000,1,2026-01-08
,82141000,8214100000,00,LETTER OPENERS PENCIL SHARPENERS,DE,100,4000,6,2026-07-23
,82159910,8215991000,00,NON STICK CHEESE PLANE,CN,100,4000,3,2026-08-02
,83014011,8301401100,00,STEEL LOCK,IT,100,4000,2,2026-06-17
,83014019,8301401900,00,ELECTRONIC LOCKS FOR DOORS,CN,100,4000,1,2026-07-27
,83014090,8301409000,00,BICYCLE LOCKS,CN,100,4000,1,2026-04-23
,83016000,8301600090,90,ROUND SHUTTER LOCK,CN,100,4000,1,2026-05-29
,83021000,8302100090,90,BASE METAL HINGES FOR,CN,100,4000,6,2026-07-10
,83022000,8302200090,90,WHEELS,ES,100,4000,4,2026-08-10
,83024110,8302411000,00,PIVOT STEEL HINGES,CN,100,4000,5,2026-04-22
,83024190,8302419000,00,IRON CURTAIN RODS WITH BRACKETS AND RINGS,BE,100,4000,7,2026-07-03
,83024200,8302420090,90,HINGE,ES,100,4000,1,2026-05-04
,83024900,8302490099,99,ELEVATOR MATERIAL,DE,100,4000,2,2026-07-08
,83025000,8302500000,00,CABINET HANGERS,CN,100,4000,1,2026-01-22
,83026000,8302600090,90,SLIDING DOOR SYSTEM,TW,100,4000,6,2026-07-08
,83062900,8306290000,00,TROPHIES FOR COMPETITIONS,CN,100,4000,1,2026-04-07
,83071000,8307100090,90,FLEX PIPE,IT,100,4000,5,2026-08-03
,83079000,8307900090,90,FLEXIBEL BUILDING MATERIAL,BE,100,4000,1,2026-01-21
,83099010,8309901000,00,WINE STOPPERS,IT,100,4000,2,2026-08-03
,83100000,8310000000,00,NAME PLATES,CN,100,4000,16,2026-07-30
,83119000,8311900000,00,COPPER WIRE FOR CLEANING SOLDER,US,100,4000,10,2026-07-08
,84039090,8403909000,00,PLUG PARTS,IT,100,4000,1,2026-02-13
,84122120,8412212090,90,Hydraulic power,GB,100,4000,1,2026-03-17
,84122180,8412218090,90,MECHANICAL LIFTING EQUIPMENT,DE,300,4000,1,2026-04-23
,84131100,8413110000,00,PUMPS,CZ,100,4000,2,2026-06-17
,84132000,8413200090,90,PLASTIC PUMPS,CN,100,4000,12,2026-06-17
,84133080,8413308090,90,Fuel lubricating or cooling medium pumps for internal combustion piston,GB,100,4000,3,2026-07-17
,84135061,8413506190,90,HYDRAULIC FLUID POWER,BE,100,4000,2,2026-03-13
,84135069,8413506990,90,SOLENOID PUMPS,IT,100,4000,4,2026-07-24
,84136031,8413603190,90,HYDRAULIC FLUID POWER PUMPS,IT,100,4000,7,2026-08-07
,84137021,8413702100,00,SUBMERSIBLE PUMPS FENGYUAN,CN,100,4000,1,2026-06-09
,84137029,8413702900,00,SUBMERSIBLE PUMPS,CN,100,4000,5,2026-08-07
,84138100,8413810090,90,BREASTPUMP UNITS,CN,100,4000,11,2026-07-27
,84139100,8413910090,90,SPARE PARTS FOR PUMPS,US,100,4000,7,2026-07-08
,84141025,8414102590,90,PUMPS AND FILTERS,IT,100,4000,1,2026-01-18
,84143020,8414302090,90,COMPRESSORS,CN,100,4000,2,2026-06-24
,84143081,8414308189,89,CHILLER PARTS,IT,100,4000,2,2026-08-08
,84143089,8414308990,90,CHILLER PARTS,IT,100,4000,5,2026-08-13
,84145100,8414510090,90,HONEYWELL TURBO FAN,CN,100,4000,2,2026-08-02
,84145915,8414591500,00,Fans,VN,100,4000,1,2026-04-07
,84145995,8414599590,90,FANS,VN,100,4000,12,2026-08-03
,84148080,8414808090,90,Other Other Other,JP,100,4000,1,2026-03-17
,84149000,8414900090,90,BEARING,JP,100,4000,3,2026-07-24
,84151010,8415101010,10,AIR CON UNITS,IT,100,4000,1,2026-06-29
,84151010,8415101090,90,CHILLER PARTS,IT,100,4000,6,2026-08-06
,84151090,8415109090,90,CONDENSING UNIT,MY,100,4000,3,2026-02-13
,84159000,8415900091,91,AIR CON UNITS,IT,100,4000,1,2026-06-29
,84159000,8415900099,99,CHILLER PARTS,IT,100,4000,11,2026-08-08
,84169000,8416900000,00,VALVE,IT,100,4000,1,2026-02-13
,84182159,8418215990,90,REFRIDGERATOR MIELE KU,DE,100,4000,1,2026-06-05
,84182900,8418290090,90,HOUSEHOLD REFRIGERERATOR,DE,100,4000,1,2026-05-22
,84185011,8418501190,90,REFRIGERATOR,IT,100,4000,1,2026-06-20
,84185019,8418501990,90,Refrigerated showcases and counters,FR,100,4000,1,2026-07-26
,84185090,8418509090,90,FRIDGES,FR,100,4000,3,2026-06-17
,84186100,8418610091,91,INDUSTRIAL COOLING TOWER,IT,100,4000,1,2026-05-15
,84186900,8418690091,91,CHILLER PARTS,IT,100,4000,60,2026-07-30
,84186900,8418690099,99,CHILLER PARTS,IT,100,4000,6,2026-07-21
,84189990,8418999091,91,CHILLER PARTS,IT,100,4000,2,2026-04-28
,84189990,8418999099,99,CHILLER PARTS,IT,100,4000,9,2026-07-17
,84198120,8419812090,90,COFFEE MACHINE,GR,100,4000,1,2026-04-28
,84198180,8419818090,90,TWIN MULTI HOB FOR CATERING EQUIPMENT,DE,100,4000,8,2026-08-15
,84198910,8419891000,00,CHILLER UNIT,IT,100,4000,1,2026-03-31
,84199085,8419908590,90,MOUNTING BOX FOR CATERING EQUIPMENT,CH,100,4000,3,2026-06-18
,84212100,8421210090,90,HYDRASTAND HDS 16 DB WITH LADDER PLATFORM AND GUARDRAIL,FR,100,4000,1,2026-04-19
,84212300,8421230090,90,OIL FILTER,CZ,100,4000,16,2026-08-08
,84212980,8421298090,90,CARTRIDGE,BE,100,4000,24,2026-07-20
,84213100,8421310090,90,AIR FILTER PARTS FOR AGRICULTRUAL MACHINERY,CZ,100,4000,2,2026-08-08
,84213925,8421392590,90,CARTRIDGE,IT,100,4000,19,2026-08-03
,84219990,8421999099,99,CARTRIDGES,CZ,100,4000,33,2026-08-08
,84223000,8422300000,00,BOX ERECTOR,FR,100,4000,2,2026-06-26
,84238220,8423822000,00,ELEVATOR MATERIAL,FI,100,4000,2,2026-03-01
,84239010,8423901000,00,WEIGHING SENSOR,DE,100,4000,1,2026-04-27
,84239090,8423909000,00,TEST WEIGHTS,GB,100,4000,1,2026-05-09
,84243090,8424309000,00,CONTROL PANELS CARMEN MINI INOX,IT,100,4000,3,2026-08-12
,84244100,8424410000,00,EMPTY PUMP SPRAYER,IT,100,4000,3,2026-07-08
,84244910,8424491000,00,HORSCH LEEB 5 LT COMPACT SPRAYER,DE,100,4000,77,2026-08-14
,84244990,8424499000,00,HORSCH LEEB 6.300 VT SPRAYER AGRICULTRUAL MACHINE,DE,100,4000,36,2026-08-07
,84248210,8424821000,00,2 X HOSE REELS WITH ACCESSORIES,FR,100,4000,42,2026-08-07
,84248290,8424829000,00,USED CLASS INTERCEPTOR MACHINE,GB,100,4000,1,2026-02-17
,84248940,8424894000,00,SHOWER ROSE,GB,100,4000,2,2026-03-05
,84248970,8424897000,00,SPRAY NOZZLE JET,DE,100,4000,1,2026-07-01
,84249020,8424902000,00,SPARE PARTS FOR AGRICULTRUAL MACHINERY,IT,100,4000,1,2026-01-20
,84249080,8424908080,80,HORSCH FIELD SUPPORT KIT,DE,100,4000,156,2026-08-14
,84253100,8425310000,00,ELEVATOR MATERIAL,CH,100,4000,27,2026-08-16
,84272019,8427201990,90,LOT 781 GENIE Z6034 4WD DIESEL ARTICULATING BOOM LIFT,US,100,4000,1,2026-01-16
,84281020,8428102000,00,ELEVATOR MATERIAL,DE,100,4000,735,2026-08-18
,84281080,8428108000,00,MOVING AIDS AND LIFITING TACKLES,GB,100,4000,1,2026-05-09
,84283100,8428310000,00,ELEVATOR MATERIAL,FI,100,4000,1,2026-07-22
,84283300,8428330000,00,BELT ON ROLLER CONVEYOR,DE,100,4000,8,2026-08-08
,84283920,8428392000,00,ROLLER CONVEYOR,DE,100,4000,1,2026-01-15
,84284000,8428400000,00,LIFT PARTS,SK,100,4000,7,2026-07-21
,84289071,8428907100,00,PARTS FOR AGRICULTRUAL MACHINERY,DE,100,4000,2,2026-04-29
,84289090,8428909080,80,SPARE PARTS FOR GEBHARDT CONVEYOR SYSTEM,ES,100,4000,19,2026-07-31
,84291100,8429110000,00,CATERPILLAR D6 BULLDOZER,FR,100,4000,7,2026-07-31
,84295191,8429519100,00,2 X DOOSAN E10 EXCAVATORS,CZ,100,4000,3,2026-04-22
,84295199,8429519900,00,KRAMER TELEHANDLER KT276,DE,100,4000,35,2026-07-30
,84295210,8429521000,00,DOOSAN KEYLESS EXCAVATOR,CN,100,4000,30,2026-08-13
,84306900,8430690000,00,MI BREAKER,FR,100,4000,4,2026-07-04
,84311000,8431100000,00,LEVER ASSEMBLY,CH,100,4000,2,2026-07-03
,84312000,8431200080,80,PALLET FORK,TR,100,4000,4,2026-07-04
,84313100,8431310000,00,ELEVATOR MATERIAL,FI,100,4000,438,2026-08-17
,84313900,8431390090,90,MECHANICAL LIFTING EQUIPMENT,DE,100,4000,7,2026-07-27
,84314100,8431410090,90,MI BUCKET,FI,100,4000,11,2026-07-09
,84314300,8431430090,90,CATCH DRIVER,CZ,100,4000,2,2026-08-08
,84314920,8431492090,90,FIXING CAP SPARE PART FOR AGRICULTRUAL MACHINERY,PL,100,4000,5,2026-07-19
,84314980,8431498050,50,PARTS,IE,100,4000,2,2026-05-04
,84314980,8431498090,90,PALLET FORKS,IT,300,4000,21,2026-08-16
,84321000,8432100000,00,OCCITAN 50 MACHINE,RO,100,4000,2,2026-03-04
,84322100,8432210000,00,HORSCH JOKER 6 RT CULTIVATORS,DE,100,4000,43,2026-08-18
,84322910,8432291000,00,HORSCH TERRANO 4 MT AGRICULTRUAL MACHINE,DE,100,4000,51,2026-08-16
,84322930,8432293000,00,AGRICULTRIAL MULCHER MACHINES,IT,100,4000,41,2026-07-31
,84322990,8432299000,00,ROTARY TILLER CULTIVATION MACHINE,DE,100,4000,22,2026-08-14
,84323100,8432310000,00,HORSCH 21003200 AVATAR 6 SL,DE,100,4000,14,2026-06-26
,84323911,8432391100,00,HORSCH MAESTRO 8 CX TRAILERD DRILL,IT,100,4000,29,2026-07-30
,84323919,8432391900,00,HORSCH SPRINTER 6 ST SEED DRILL AGRICULTRUAL MACHINE,DE,100,4000,70,2026-08-18
,84324100,8432410000,00,AGRICULTRUAL LIQUID MANURE SPREADING MACHINE,DE,100,4000,4,2026-05-22
,84324200,8432420000,00,HORSCH PARTNER 2.5 FT SPREADER MACHINES,DE,100,4000,37,2026-08-05
,84328000,8432800000,00,CULTIVATOR MACHINES,IT,100,4000,35,2026-08-13
,84329000,8432900000,00,SPARE PARTS AND ACCESSORIES FOR AGRICULTRUAL MACHINERY,RO,100,4000,285,2026-08-13
,84331151,8433115100,00,DOOSAN BOBCAT ZS4000 STAND ON COMMERCIAL LAWN MOWER,US,100,4000,1,2026-07-24
,84332010,8433201000,00,KRONE BIG M 450 TRACTOR,FR,100,4000,2,2026-07-16
,84332050,8433205000,00,MOWER MACHINES,RO,100,4000,17,2026-07-09
,84332090,8433209000,00,2 X TRACTOR DRAWN COMMERCIAL FLAIL MOWER AND VACUUM COMBINATION WAGONS FOR AGRICULTRUAL USE,NL,100,4000,1,2026-07-02
,84333000,8433300000,00,SWATHER CUTTER FOR HAY OR SMALL CROPS AGRI MACHINERY,SI,100,4000,15,2026-05-13
,84334000,8433400000,00,2234 LARGE SQUARE BALER,US,100,4000,52,2026-07-16
,84335100,8433510000,00,AGRI COMBINE,IT,100,4000,7,2026-07-03
,84335310,8433531000,00,USED TWO ROW TRAILERD POTATO HARVESTER,DE,100,4000,2,2026-07-16
,84335330,8433533000,00,SUGERBEET HARVESTER,GB,100,4000,3,2026-07-09
,84335390,8433539000,00,USED MOUNTED HARVESTER WV165,DE,100,4000,1,2026-04-24
,84335985,8433598500,00,HEAVY DUTY MOUNTED MOWER,IT,100,4000,42,2026-08-10
,84336000,8433600000,00,ROPA MAUS 6D SELF PROPELLED SUGAR BEET LOADING AND CLEANING MACHINE,DE,100,4000,1,2026-06-20
,84339000,8433900000,00,SPARE PARTS AND ACCESSORIES FOR AGRICULTRUAL MACHINERY,DE,100,4000,55,2026-08-18
,84342000,8434200000,00,Dairy machinery,IT,100,4000,2,2026-07-13
,84361000,8436100000,00,2 X CASTOR 30 RC,DE,100,4000,46,2026-07-30
,84368010,8436801000,00,DRUM CHIPPER WITH CRANE,IT,100,4000,3,2026-07-02
,84368090,8436809000,00,BEDNAR MULCHER MZ 6000 SEMI MOUNTED ROTARY MOTOR,CZ,100,4000,9,2026-08-09
,84369900,8436990090,90,PARTS FOR AGRICULTRUAL MACHINERY,CZ,100,4000,16,2026-08-08
,84381010,8438101000,00,BAKERY MACHINERY,IT,100,4000,5,2026-08-03
,84388099,8438809900,00,FISH SKINNIG MACHINE ST600 SV 60GBWR415,BE,100,4000,1,2026-07-28
,84483900,8448390000,00,PCB SCREENS,IT,100,4000,2,2026-06-29
,84602300,8460230000,00,GRINDING MACHINE,DE,100,4000,1,2026-01-08
,84602400,8460240000,00,GRINDING MACHINES,CH,100,4000,1,2026-07-24
,84615019,8461501900,00,Sawing or cuttingoff machines,IT,100,4000,1,2026-08-08
,84626290,8462629000,00,MECHANICAL PRESSES,IT,100,4000,6,2026-07-08
,84642019,8464201900,00,KICK WHEEL SECON HAND,NL,100,4000,1,2026-07-09
,84659120,8465912000,00,ROBLAND VERZENDNR RADIAL ARM SAW,BE,300,4000,1,2026-04-21
,84659200,8465920000,00,1 X WOOD CUTTING MACHINES,BE,300,4000,3,2026-03-23
,84659600,8465960000,00,HEIZOHACK HM 10500 WOODCHIPPER MACHINE,DE,100,4000,7,2026-05-06
,84669280,8466928000,00,SPARE PARTS FOR WOODCHIPPER MACHINES,DE,100,4000,6,2026-07-18
,84669400,8466940000,00,PORTAL PRESS CAP MAKING TOOL,ES,100,4000,1,2026-02-10
,84671900,8467190000,00,AIRPRESS GUN,NL,100,4000,1,2026-01-08
,84672953,8467295300,00,BELT SANDER,US,100,4000,2,2026-02-04
,84714100,8471410000,00,HORSCH TERMINAL IN CAB HOLDER,DE,100,4000,1,2026-04-30
,84714900,8471490000,00,ELEVATOR MATERIAL,FI,100,4000,2,2026-06-28
,84716070,8471607000,00,SMART PENS,KR,100,4000,9,2026-07-30
,84718000,8471800000,00,AUTO DATA PROCESING UNITS,IT,100,4000,1,2026-02-19
,84719000,8471900000,00,USB READER CONNECTIONS,CN,100,4000,1,2026-02-18
,84729080,8472908000,00,PENCIL SHARPENING MACHINES,TW,100,4000,11,2026-06-30
,84742000,8474200000,00,MOBILE IMPACT CRUSHER MACHINE,AT,100,4000,6,2026-03-24
,84743100,8474310000,00,FLEX MIXER,DE,100,4000,1,2026-01-08
,84749090,8474909000,00,USED VIBRATORY SCREENER OMNIKON,PL,100,4000,2,2026-01-24
,84779080,8477908000,00,SPAR PART FOR 3D PRINTING EXTRUDER,NL,100,4000,1,2026-05-11
,84795000,8479500000,00,OILS FOR ROBOT ARM,NL,100,4000,1,2026-05-11
,84798997,8479899790,90,PARTS FOR SMARTWASHER UNITS,CH,100,4000,37,2026-08-10
,84799070,8479907099,99,REPLACEMENT PARTS FOR SMARTWASHER CLEANING UNITS,CN,100,4000,32,2026-08-07
,84807900,8480790000,00,INJECTION MOULDING TOOL,CN,100,4000,3,2026-02-17
,84812090,8481209090,90,SOLENOID VALVE AND FAN,CN,100,4000,1,2026-03-16
,84818011,8481801190,90,3 HOLE BASIN MIXER,GB,100,4000,11,2026-03-05
,84818079,8481807990,90,ACT KOS 020 AQUA,DE,100,4000,1,2026-01-15
,84818085,8481808590,90,REPLACEMENT VALVE,DE,100,4000,1,2026-04-20
,84818099,8481809990,90,VALVES,US,100,4000,4,2026-07-08
,84819000,8481900090,90,VALVE PARTS AND PIPE FITTINGS,CN,100,4000,1,2026-04-01
,84821010,8482101090,90,STEEL BALL BEARING FOR AGRICULTRIAL MACHINERY,CN,100,4000,2,2026-08-01
,84821090,8482109000,00,BEARINGS PART FOR AGRICULTRUAL MACHINERY,CN,100,4000,8,2026-08-13
,84822000,8482200000,00,BEARINGS,CN,100,4000,9,2026-07-27
,84831050,8483105090,90,SHAFT DRIVES FOR AGRI MACHINERY,IT,100,4000,13,2026-07-08
,84831095,8483109590,90,DRIVE SIDE HUB,TN,100,4000,2,2026-05-21
,84832000,8483200000,00,BEARINGS,CN,100,4000,2,2026-07-18
,84833032,8483303290,90,ROLLER BEARING SUPPORT,FR,100,4000,3,2026-05-21
,84833080,8483308090,90,SHARFT BEARINGS PARTS FOR AGRICULTRUAL MACHINERY,IT,100,4000,5,2026-05-21
,84834023,8483402390,90,AXLE STUB,DE,100,4000,4,2026-07-13
,84834051,8483405190,90,GEAR BOX,DE,100,4000,2,2026-04-27
,84835020,8483502090,90,WROUGHT IRON PULLEY,BE,100,4000,1,2026-08-17
,84835080,8483508090,90,PULLEYS,CZ,100,4000,4,2026-08-08
,84836020,8483602090,90,ELECTRONIC SIGNAL SENSOR,CN,100,4000,3,2026-05-21
,84836080,8483608090,90,STEEL MECHANICAL SHAFT COUPLING HOOK FOR TRANSMISSION OF AGRICULTRUAL MACHINERY,CZ,100,4000,7,2026-08-08
,84839020,8483902090,90,ROTORS,IT,100,4000,3,2026-08-06
,84839081,8483908190,90,MECHANICAL GEAR COMPONENT,DE,100,4000,5,2026-05-29
,84839089,8483908990,90,DRIVE WHEELS PARTS FOR TRAMSMISSION,DE,100,4000,15,2026-08-02
,84841000,8484100090,90,GASKET,IT,100,4000,11,2026-08-03
,84842000,8484200090,90,WATER PROOF OIL SEAL,CN,100,4000,7,2026-07-09
,84849000,8484900090,90,GASKET,DK,100,4000,6,2026-05-16
,84879090,8487909090,90,ROD ENDS,CN,100,4000,11,2026-08-18
,85011010,8501101090,90,TUBULAR MOTORS,GB,100,4000,4,2026-07-17
,85012000,8501200090,90,UNIVERSAL ACDC MOTORS,BE,100,4000,1,2026-04-15
,85013100,8501310054,54,ELECTRIC MOTOR,CZ,100,4000,6,2026-08-08
,85015100,8501510030,30,THERMO,NL,100,4000,1,2026-05-06
,85015220,8501522080,80,PARTS,DE,100,4000,3,2026-08-07
,85015220,8501522089,89,ELEVATOR MATERIAL,CN,100,4000,11,2026-07-14
,85015290,8501529090,90,ELEVATOR MATERIAL,SK,100,4000,6,2026-08-06
,85023100,8502310097,97,GENERATOR,GB,100,4000,1,2026-05-02
,85043180,8504318090,90,PRESSURE TRANSD.,PL,100,4000,1,2026-02-13
,85044060,8504406010,10,Static converters,CH,100,4000,1,2026-04-07
,85044060,8504406090,90,RMS POWER SUPPLY,CN,100,4000,7,2026-07-30
,85044083,8504408390,90,LIFT PARTS,DE,100,4000,2,2026-05-12
,85044084,8504408490,90,ELEVATOR MATERIAL,CH,100,4000,3,2026-06-20
,85044095,8504409590,90,ELEVATOR MATERIAL,CH,100,4000,90,2026-08-16
,85049090,8504909000,00,CAPACITORS USED IN STATIC CONVERTERS,HU,100,4000,39,2026-08-10
,85051110,8505111099,99,WIPER MOTORS FOR AGRICULTRUAL MACHINERY,DE,100,4000,2,2026-08-18
,85051190,8505119099,99,MAGNETIC HEAVY DUTY CLIPS,CN,100,4000,1,2026-02-08
,85052000,8505200090,90,ELEVATOR MATERIAL,CZ,100,4000,4,2026-08-08
,85066000,8506600000,00,Airzinc,CN,100,4000,8,2026-07-18
,85068080,8506808000,00,DEWALT BATTERY,CN,100,4000,1,2026-01-21
,85076000,8507600090,90,VISION REVO ION BATTERY,CN,100,4000,1,2026-04-09
,85079031,8507903190,90,Parts,IT,100,4000,1,2026-04-07
,85079080,8507908090,90,ELECTRIC ACCUMULATORS,TW,100,4000,2,2026-08-03
,85081900,8508190000,00,VACUM CLEANER,FI,100,4000,2,2026-05-22
,85087000,8508700000,00,KIT MOTOR INCLUDING GASKETS,IT,100,4000,5,2026-08-12
,85122000,8512200090,90,TRANSPORT SIGN KIT,CN,100,4000,11,2026-06-14
,85141910,8514191000,00,BAKERY OVENS,IT,100,4000,1,2026-07-18
,85142080,8514208000,00,Dielectric furnaces and ovens,US,100,4000,1,2026-06-09
,85162999,8516299900,00,SELF AHESIVE HEATING MAT,GB,100,4000,2,2026-07-03
,85163100,8516310000,00,REVALON ELECTRICAL HAIR PRODUCTS,CN,100,4000,2,2026-07-28
,85163200,8516320000,00,HAIR STRAIGHTENER,CN,100,4000,5,2026-08-02
,85167100,8516710000,00,RADIPED BREWER,CN,100,4000,1,2026-04-29
,85169000,8516900099,99,ROUND HAIR BRUSH ATTACHMENT,CN,100,4000,1,2026-08-02
,85176200,8517620000,00,ELEVATOR MATERIAL,CH,100,4000,27,2026-08-10
,85177900,8517790000,00,RADIO EQUIPMENT SPARES,CN,100,4000,1,2026-01-24
,85198900,8519890000,00,SONOS ARC ULTRA SOIUND BAR,CN,100,4000,1,2026-07-03
,85235110,8523511000,00,PEN DRIVE,CN,100,4000,1,2026-01-24
,85235990,8523599000,00,SEMICONDUCTOR MEDIA,CN,100,4000,2,2026-03-23
,85249900,8524990000,00,FLAT PANEL DISPLAY MODULE,CN,100,4000,2,2026-07-06
,85256000,8525600000,00,SONY BRAVIA TV,GB,100,4000,1,2026-07-03
,85269200,8526920090,90,TUBULAR MOTORS,CN,100,4000,1,2026-01-26
,85271300,8527130000,00,PREFECT PRO RADIO,DE,100,4000,1,2026-01-08
,85285299,8528529900,00,MONITORS,RO,100,4000,2,2026-07-21
,85291095,8529109500,00,ELEVATOR MATERIAL,CH,100,4000,3,2026-03-26
,85318070,8531807000,00,WATER LEAK DETECTOR,CN,100,4000,1,2026-05-06
,85319000,8531900000,00,Parts,CN,100,4000,2,2026-07-30
,85321000,8532100000,00,FIXED CAPACITORS,HU,100,4000,12,2026-08-10
,85322200,8532220000,00,ALUMINIUM ELECTROLYTIC,DE,100,4000,14,2026-08-13
,85322500,8532250000,00,DIELECTRIC OF PLASTICS,CN,100,4000,16,2026-08-10
,85322900,8532290000,00,FIXED CAPACITORS,CN,100,4000,3,2026-07-23
,85340019,8534001900,00,PRINTED CIRCUITS,IT,100,4000,8,2026-08-03
,85340090,8534009000,00,PRINTED CIRCUIT BOARDS,IT,100,4000,2,2026-06-29
,85351000,8535100090,90,FUSES,DE,100,4000,1,2026-02-19
,85361090,8536109090,90,FUSES,CH,100,4000,12,2026-08-03
,85363030,8536303000,00,3 POLES CONTACTOR,CH,100,4000,1,2026-06-11
,85365005,8536500500,00,ELECTRONIC SWITCHES,CH,100,4000,4,2026-03-11
,85365007,8536500700,00,SWITCH LEVERS,CZ,100,4000,4,2026-08-08
,85365011,8536501100,00,PUSH BUTTON TO START FOR AGRI MACHINERY,CZ,100,4000,2,2026-08-08
,85365019,8536501900,00,PROXIMITY SENSOR,VN,100,4000,4,2026-05-21
,85365080,8536508000,00,POWER SWITCHES,IT,100,4000,2,2026-08-12
,85366990,8536699099,99,SOCKETS PLUGS LAMP HOLDERS,CH,100,4000,2,2026-03-02
,85369010,8536901000,00,CONNECTION FOR CABLES,PL,100,4000,1,2026-01-21
,85369095,8536909500,00,ELECTRICAL CONNECTOR PARTS FOR AGRICULTRUAL MACHINERY,CN,100,4000,5,2026-06-08
,85371010,8537101090,90,ELEVATOR MATERIAL,CH,100,4000,3,2026-06-06
,85371091,8537109157,57,MI ROMOTE CONTROL,CA,100,4000,1,2026-02-10
,85371098,8537109845,45,CONTROL BOX ASSEMBLY,US,100,4000,1,2026-01-15
,85371098,8537109899,99,ELEVATOR MATERIAL,CH,100,4000,29,2026-08-16
,85389091,8538909189,89,ELEVATOR MATERIAL,CH,100,4000,2,2026-06-01
,85389099,8538909999,99,ELEVATOR MATERIAL,CH,100,4000,24,2026-08-16
,85393190,8539319090,90,DISCHARGE LAMP,JP,100,4000,5,2026-07-07
,85412900,8541290000,00,TRANSISTORS,HU,100,4000,12,2026-07-23
,85413000,8541300000,00,THYRISTORS,SK,100,4000,3,2026-05-06
,85414300,8541430000,00,SOLAR PANEL,CH,100,4000,1,2026-03-11
,85414900,8541490000,00,SOLID STATE PANEL MOUNTS,MX,100,4000,1,2026-02-18
,85423111,8542311100,00,Electronic integrated circuits,IT,100,4000,1,2026-04-07
,85423190,8542319000,00,ELECTRONIC INTEGRATED CIRCUITS,CH,100,4000,58,2026-08-10
,85423990,8542399000,00,ELECTRONIC INTEGRATED CIRCUITS,IT,100,4000,3,2026-05-06
,85437001,8543700100,00,DATA LOGGERS,CH,100,4000,1,2026-01-28
,85437090,8543709030,30,REMOTE CONTROLER,CZ,100,4000,1,2026-06-17
,85437090,8543709099,99,REMOTE CONTROLS,CZ,100,4000,1,2026-06-13
,85439090,8543909000,00,Parts,CN,100,4000,1,2026-01-07
,85442000,8544200090,90,PARALLEL CABLE,IT,100,4000,1,2026-05-13
,85443000,8544300089,89,CABLE,DE,100,4000,2,2026-06-18
,85444210,8544421000,00,ELEVATOR MATERIAL,SK,100,4000,2,2026-06-20
,85444290,8544429090,90,ELEVATOR MATERIAL,SK,100,4000,67,2026-08-16
,85472000,8547200000,00,INSULATING FITTINGS OF PLASTICS FOR ELECTRICAL MACHINES,IT,100,4000,1,2026-01-19
,85480090,8548009099,99,ELECTRICAL PARTS FOR AGRICULTRIAL MACHINERY,BE,100,4000,1,2026-03-13
,86080000,8608000000,00,ELEVATOR MATERIAL,BE,100,4000,1,2026-04-27
,86090090,8609009000,00,FRECH HOCH FRAME AND TARPAULIN FOR IVECO 190E35W TRUCK,CH,100,4000,1,2026-02-11
,87012190,8701219000,00,SCANIA T1AACA TRACTOR UNIT,SE,100,4000,1,2026-03-25
,87019110,8701911000,00,NEW AGRICULTRUAL TRACTOR ISKM1M25LTJ000061,JP,100,4000,2,2026-06-05
,87019210,8701921000,00,SOLIS 39 ROPS TRACTOR,KR,100,4000,2,2026-07-04
,87019310,8701931000,00,NEW AGRICULTRUAL TRACTOR ISKM2E56ATI000007,DE,100,4000,33,2026-08-11
,87019410,8701941000,00,NEW HOLLAND TRACTOR,DE,100,4000,172,2026-08-13
,87019510,8701951000,00,FENDT 724 TRACTOR,DE,100,4000,356,2026-08-13
,87079010,8707901000,00,CABIN AIRCONDI.,IT,100,4000,1,2026-08-07
,87082190,8708219000,00,Safety Seat Belt Kit DIR Kit,GB,100,4000,1,2026-02-25
,87083099,8708309900,00,Brakes and servobrakes,PL,100,4000,2,2026-03-17
,87084020,8708402080,80,Gear boxes and parts,GB,100,4000,3,2026-07-17
,87084050,8708405070,70,Gear boxes,GB,100,4000,3,2026-07-17
,87085035,8708503590,90,Driveaxles,GB,100,4000,3,2026-07-17
,87085099,8708509990,90,Driveaxles with differential,GB,100,4000,1,2026-03-17
,87087099,8708709985,85,HUB UNITS,CN,100,4000,10,2026-07-27
,87088035,8708803590,90,Suspension systems,CZ,100,4000,2,2026-07-17
,87088099,8708809990,90,Suspension systems,DE,100,4000,2,2026-07-17
,87089993,8708999390,90,REAR VIEW MIRROR HOLDER DIRT CONTAINERS,IT,100,4000,2,2026-02-18
,87089997,8708999790,90,ROD ENDS,SI,100,4000,10,2026-08-16
,87139000,8713900000,00,EXPLORER MINI NVR2 PEDIATRIC MOTORIZED WHEELCHAIR,US,100,4000,4,2026-07-28
,87149110,8714911075,75,Forks,TW,100,4000,1,2026-02-19
,87149210,8714921000,00,WHEEL RIMS,IT,100,4000,2,2026-05-22
,87149500,8714950000,00,Saddles,TW,100,4000,2,2026-03-04
,87149990,8714999011,11,DT SWISS,TW,100,4000,1,2026-02-19
,87149990,8714999089,89,TYRE LEVERS,TW,100,4000,2,2026-03-04
,87162000,8716200000,00,AGRICULTRUAL FORAGE WAGON,DE,100,4000,22,2026-07-16
,87163100,8716310000,00,NEW MAGYAR SEMITRALIER TANKER,FR,100,4000,5,2026-02-26
,87169090,8716909097,97,WHEEL KIT,IT,100,4000,3,2026-05-30
,87169090,8716909098,98,PRESSURE PLATES,BE,100,4000,42,2026-07-14
,90041091,9004109100,00,NOVELTY GLASSES,CN,100,4000,1,2026-04-14
,90041099,9004109900,00,SUNGLASSES,CN,100,4000,1,2026-06-08
,90049010,9004901000,00,SUNGLASSES,CN,100,4000,1,2026-06-08
,90132000,9013200000,00,LASER,US,100,4000,2,2026-06-19
,90139080,9013908000,00,2 X LASER RCVRS CARRY CASES FOR AGRICULTRUAL MACHINERY,US,100,4000,1,2026-06-19
,90172010,9017201000,00,DRAWING BOARDS,IN,200,4000,1,2026-06-25
,90172090,9017209000,00,STANLEY PROTRACTOR,US,100,4000,1,2026-01-08
,90178010,9017801000,00,SIP BLACK WOODEN METER,SI,100,4000,1,2026-01-11
,90183190,9018319000,00,SYRINGES,CH,100,4000,1,2026-01-30
,90184100,9018410000,00,DENTAL DISPENSING TIPS NEEDLES FOR COMPOSITE APPLICATION,JP,100,4000,1,2026-03-10
,90184910,9018491000,00,BURRS DISCS DRILL AND BRUSHES,DE,100,4000,2,2026-07-17
,90184990,9018499000,00,DENTAL STAINLESS STEEL FINISHING STRIPS FOR CONTOURING AND POLISHING,US,100,4000,254,2026-08-18
,90189010,9018901000,00,UPPER ARM BLOOD PRESSURE MONITOR,CN,100,4000,1,2026-08-02
,90189084,9018908400,00,BREASTPUMP UNITS,IT,100,4000,28,2026-07-27
,90211090,9021109000,00,ALU ROLLATOR,CN,100,4000,4,2026-08-14
,90212900,9021290000,00,ARTIFICIAL TEETH AND DENTAL FITTINGS,JP,100,4000,68,2026-08-18
,90230080,9023008000,00,DENATL INSTRUMENTS FOR TOOTH MODELING,BR,100,4000,7,2026-07-17
,90251900,9025190090,90,DIGITAL INSTANT READ THERMOMETER,VN,100,4000,11,2026-08-02
,90258040,9025804089,89,TRANSMITTERS,LK,100,4000,83,2026-08-10
,90259000,9025900090,90,FILTERS,GB,100,4000,46,2026-08-05
,90261081,9026108100,00,FUEL GAUGE,CZ,100,4000,2,2026-08-08
,90261089,9026108900,00,FLOW METERS,US,100,4000,1,2026-01-24
,90262020,9026202000,00,DATA LOGGERS,CH,100,4000,16,2026-08-05
,90262040,9026204000,00,PRESSURE GAUGE,CH,100,4000,2,2026-06-19
,90271010,9027101000,00,DATA LOGGER,CN,100,4000,1,2026-03-11
,90282000,9028200000,00,FUEL OIL METERS FLOW OIL METERS,CH,100,4000,7,2026-08-06
,90289090,9028909000,00,PAIR SCREW CONNECTIONS,CH,100,4000,6,2026-08-06
,90299000,9029900090,90,PARTS OF SPEEDOMETERS TACHOMETER SENSOR,DE,100,4000,1,2026-02-13
,90308900,9030890000,00,VISION GBMS SYSTEM,CN,100,4000,1,2026-04-09
,90318080,9031808000,00,ELECTRIC CONTROL UNIT FOR AGRICULTRUAL MACHINERY,CZ,100,4000,1,2026-05-21
,90329000,9032900090,90,PARTS FOR FLOAT SWITCHES,CN,100,4000,1,2026-04-20
,90330090,9033009000,00,PUMP ASSEMBLY VACUUM REGULATORS,SI,100,4000,9,2026-07-27
,91059900,9105990000,00,TIME MACHINE BEING RETURNED AFTER REPAIR,CH,100,6123,1,2026-03-11
,94012000,9401200000,00,Motor Vehicle Seat Drivers Seat Right,TR,100,4000,1,2026-02-25
,94013900,9401390000,00,LOUNGE CHAIR,IT,100,4000,1,2026-03-17
,94014100,9401410000,00,WOODEN SEAT,BE,100,4000,1,2026-05-22
,94016100,9401610000,00,RE UPHOLSTERD ARM CHAIRS,BE,100,4000,22,2026-08-17
,94016900,9401690000,00,WOODEN CHAIRS,GR,100,4000,1,2026-01-21
,94018000,9401800000,00,SEATS,BE,100,4000,1,2026-02-01
,94029000,9402900000,00,DENTAL SUCTION SYSTEM BOARDS FILTERS PEGS MOTORS,IT,100,4000,1,2026-03-24
,94031051,9403105100,00,OFFICE DESKS,CH,100,4000,5,2026-04-23
,94031098,9403109800,00,LITTLE OLD BRASS DOOR,BE,100,4000,3,2026-07-03
,94032080,9403208000,00,PRODUCT DISPLAYS,FR,100,4000,9,2026-06-08
,94032080,9403208080,80,COVER,PL,100,4000,4,2026-08-03
,94033011,9403301100,00,WOODEN DESK,BE,100,4000,2,2026-07-03
,94033019,9403301900,00,WOODEN TABLE,BE,100,4000,4,2026-07-03
,94033099,9403309900,00,FURNITURE,CH,100,4000,9,2026-08-06
,94035000,9403500000,00,WOODEN WALL CUPBOARD,BE,100,4000,2,2026-08-17
,94036010,9403601000,00,WOODEN STORAGE UNIT,BE,100,4000,5,2026-08-17
,94036030,9403603000,00,DISPLAY FOR WATERCOLOUR TUBES,UA,100,4000,6,2026-06-21
,94036090,9403609000,00,OTHER WOODEN FURNITURE,BE,100,4000,10,2026-07-03
,94037000,9403700000,00,OTHER PLASTIC FURNITURE DISPLAY STANDS,CH,100,4000,10,2026-07-23
,94038900,9403890090,90,Furniture of other materials including cane osier bamboo or similar materials,FI,300,4000,1,2026-04-08
,94054990,9405499090,90,Other electric lamps and lighting fittings Other Other Of other materials Other,PL,100,4000,1,2026-01-16
,94056120,9405612090,90,NEON SIGNS,CN,100,4000,1,2026-04-07
,94069090,9406909000,00,POOL ENCLOSURE SYSTEM,HU,300,4000,4,2026-07-12
,95030041,9503004100,00,PRINTME MINI STUFFED TOY,CN,100,4000,3,2026-07-09
,95030095,9503009590,90,BALLOONS,CN,100,4000,1,2026-03-27
,95030099,9503009990,90,BREAST MODELS,CN,100,4000,4,2026-06-29
,95059000,9505900000,00,DISCO BALLS,CN,100,4000,3,2026-04-14
,95069190,9506919000,00,PILATES REFORMERS,CN,100,4000,1,2026-08-06
,96031000,9603100000,00,SOFT KOKOS BRROM WITH HANDLE,IN,100,4000,1,2026-06-05
,96032100,9603210000,00,FLOSSES,CN,100,4000,1,2026-05-10
,96032930,9603293000,00,REVALON CUSHION BRUSH,CN,100,4000,3,2026-08-02
,96033010,9603301000,00,SYNTHETIC PAINT BRUSHES,CN,100,4000,6,2026-08-05
,96033090,9603309000,00,ARTISTS BRUSHES,JP,100,4000,7,2026-07-23
,96035000,9603500000,00,VSHAPE ROLLERS,CN,100,4000,1,2026-03-18
,96039010,9603901000,00,SPRAY MOP,CN,100,4000,1,2026-02-08
,96039091,9603909100,00,STRAW CLEANING SET,CN,100,4000,5,2026-08-02
,96039099,9603909900,00,BUTTERFLY REFILL MOIP,CN,100,4000,8,2026-08-02
,96081010,9608101000,00,PENS,SI,100,4000,3,2026-07-30
,96081092,9608109200,00,CRC PROMOTIONAL PEN,CN,100,4000,1,2026-01-28
,96081099,9608109900,00,PENS,SI,100,4000,25,2026-07-30
,96082000,9608200000,00,MARKER PENS,JP,100,4000,1,2026-03-11
,96083000,9608300000,00,PENS,TW,100,4000,4,2026-05-28
,96084000,9608400000,00,ART SUPPLIES,CH,100,4000,1,2026-04-07
,96086000,9608600000,00,PENS,JP,100,4000,8,2026-07-30
,96089100,9608910090,90,CALIGRAPHY DIP PEN SET ENGLISH,IN,200,4000,1,2026-06-25
,96091010,9609101000,00,PENCILS,CN,100,4000,19,2026-07-30
,96091090,9609109000,00,ART SUPPLIES,ID,100,4000,2,2026-06-08
,96092000,9609200000,00,PENCIL LEADS BLACK OR COLOURED,JP,100,4000,3,2026-07-23
,96099010,9609901000,00,DRAWING CHARCOALS,CZ,100,4000,10,2026-07-30
,96099090,9609909000,00,PASTELS DRAWING CHARCOALS CHALKS,GB,100,4000,19,2026-07-23
,96170000,9617000000,00,FLEX CUP WITH STRAW,CN,100,4000,34,2026-08-02
,96190089,9619008900,00,DISPOSABLE BREAST PADS,CN,100,4000,3,2026-07-27
,99050000,9905000000,00,USED PERSONAL EFFECTS FOR TRANSFER OF RESIDENCE TOR 264270 URN00424326,BE,100,4000,2,2026-03-17
00763520099,15092000,1509200090,90,EXTRA VIRGIN OLIVE OIL,IT,300,4000,1,2026-06-09
00763520099,21042000,2104200090,90,HOMOGENISED COMPOSITE FOOD PREPERATIONS,IT,300,4000,1,2026-06-09
01817890856,11031110,1103111000,00,DURUM WHEAT,IT,300,4000,3,2026-06-28
02787920814,04041016,0404101600,00,FROZEN RICOTTA,IT,300,4000,1,2026-07-17
02810110961,84641000,8464100000,00,TRIMMER,IT,300,4000,1,2026-03-30
03084500598,04064090,0406409000,00,CHEESE,IT,300,4000,2,2026-05-24
03084500598,04069092,0406909290,90,CHEESE,IT,300,4000,2,2026-05-24
03992410286,87082990,8708299099,99,FRAME HOPPERS TUBES FRAMES COMPRESSORS,IT,300,4000,1,2026-03-18
1117000290,85122000,8512200090,90,TRANSPORT SIGN KIT,IT,300,4000,1,2026-04-26
1372,85166090,8516609000,00,CATERING EQUIPMENT,CH,300,4000,1,2026-06-08
1372,94039990,9403999090,90,INDUCTION CABINET,CH,300,4000,1,2026-03-31
1406,84814010,8481401090,90,SAFETY RELIEF VALVES,CH,300,4000,1,2026-01-24
16718421007,15092000,1509200010,10,OLIVE OIL,IT,300,4000,1,2026-06-11
16718421007,22041098,2204109890,90,ITALIAN SPARKLING WINE,IT,300,4000,1,2026-06-11
16718421007,22042183,2204218310,10,ITALIAN WINE,IT,300,4000,3,2026-06-11
16718421007,22042183,2204218390,90,ITALIAN WINE,IT,300,4000,1,2026-06-11
16718421007,22042184,2204218410,10,ITALIAN WINE,IT,300,4000,1,2026-06-11
16718421007,22042184,2204218490,90,ITALIAN WINE,IT,300,4000,4,2026-06-11
20250197,32089019,3208901990,90,PENETRATING OIL PREPARATION AND RUST LOOSENING LUBRICANT,NL,300,4000,1,2026-05-22
20250197,94034010,9403401010,10,CUPBORADS FOR HOUSEHOLD FURNITURE,BE,300,4000,1,2026-05-22
20260420-01,87033211,8703321100,00,FAT TRUCK VEHICLE,CA,300,4000,1,2026-04-28
26GB64KMTHDLFP5AR3,73269098,7326909890,90,PARTS FOR HEADER,IT,300,4000,3,2026-06-12
26GB64KMTHDLFP5AR3,84332090,8433209000,00,2 X DOMAI HEADER,IT,300,4000,3,2026-06-12
26GB64L86BNC3XBAR9,73269098,7326909890,90,PARTS FOR HEADER,IT,300,4000,3,2026-06-12
26GB64L86BNC3XBAR9,84332090,8433209000,00,2 X DOMAI HEADER,IT,300,4000,3,2026-06-12
385911,73229000,7322900090,90,POOL HEATER,FR,300,4000,1,2026-01-05
5170,87042291,8704229100,00,IVECO 260E 44W CURSOR TRUCK,IT,300,4000,5,2026-02-27
5170,87042391,8704239100,00,Liebherr L 508FUG 93 sn M48031 3722032,DE,300,4000,2,2026-02-11
7316,28273985,2827398590,90,HUMIDITY STANDARDS,CH,300,4000,10,2026-07-30
7316,28275900,2827590000,00,HUMIDITY STANDARDS,CH,300,4000,8,2026-08-05
7316,39269097,3926909790,90,MOUNTING FLANGE,CH,300,4000,2,2026-05-13
7316,85371010,8537101090,90,OUTPUT MODULE RELAY,CH,300,4000,7,2026-07-30
7316,85444290,8544429090,90,PROBE CONNECTING CABLE,CH,300,4000,2,2026-07-30
7316,90329000,9032900090,90,COVER CAPS USED IN CONTROLLING INSTRUMENTS,CH,300,4000,1,2026-02-18
7335017065,29159090,2915909098,98,TRIGONOX 23 25KG BAG,BE,300,4000,1,2026-01-13
7335017112,29159090,2915909098,98,TRIGONOX 23,BE,300,4000,1,2026-01-27
7335017167,29159090,2915909098,98,TRIGONOX 23,BE,300,4000,1,2026-02-18
7335017210,29159090,2915909098,98,TRIGONOX 23,BE,300,4000,1,2026-02-24
7335017309,29159090,2915909098,98,TRIGONOX 23,BE,300,4000,1,2026-03-17
7335017351,29159090,2915909098,98,TRIGONOX 23,BE,300,4000,1,2026-03-30
7335017437,29159090,2915909098,98,TRIGONOX 23,BE,300,4000,1,2026-04-27
7335017456,29159090,2915909098,98,TRIGONOX 23,BE,300,4000,1,2026-05-04
7335017504,29159090,2915909098,98,TRIGONOX 23,BE,300,4000,1,2026-05-18
7335017557,29159090,2915909098,98,TRIGONOX 23,BE,300,4000,1,2026-06-01
7335017611,29159090,2915909098,98,TRIGONOX 23,BE,300,4000,1,2026-06-15
7335017672,29159090,2915909098,98,TRIGONOX 23,BE,300,4000,1,2026-06-29
7335017739,29159090,2915909098,98,TRIGONOX 23,BE,300,4000,1,2026-07-20
7335017758,29159090,2915909098,98,TRIGONOX 23,BE,300,4000,1,2026-07-28
7335017826,29159090,2915909098,98,TRIGONOX 23,BE,300,4000,1,2026-08-10
7438,32064970,3206497090,90,PIGMENT IN JARS,CH,300,4000,1,2026-06-30
7438,39211390,3921139000,00,POLYURETHANES,CH,300,4000,1,2026-02-06
7438,39233010,3923301000,00,PLASTIC BOTTLES FLASKS FOR PACKING,CH,300,4000,4,2026-06-30
7438,39239000,3923900000,00,PLASTIC BOXES FOR PACKAGING,CH,300,4000,2,2026-07-23
7438,39261000,3926100000,00,PLASTIC OFFICE OR SCHOOL SUPPLIES,CH,300,4000,1,2026-03-23
7438,73269098,7326909890,90,OTHER IRON OR STEEL PRODUCTS,CH,300,4000,1,2026-02-06
7438,95051090,9505109000,00,XMAS FESTIVITIES ARTICLES,CH,300,4000,1,2026-06-30
7438,96081099,9608109900,00,ARTIST SUPPLIES,CH,300,4000,2,2026-06-08
7438,96082000,9608200000,00,FELT TIPPED PENS AND MARKERS,CH,300,4000,7,2026-07-23
7438,96084000,9608400000,00,MECHANICAL PENCILS,CH,300,4000,5,2026-07-23
7438,96091010,9609101000,00,COLOURED OR GRAPHITE PENCILS,CH,300,4000,6,2026-07-23
7438,96091090,9609109000,00,CRAYONS AND PENCILS,CH,300,4000,1,2026-06-08
7438,96092000,9609200000,00,PENCIL LEADS BLACK OR COLOURED,CH,300,4000,2,2026-05-05
7438,96099010,9609901000,00,ARTIST CHARCOALS,CH,300,4000,1,2026-06-08
7665,32089091,3208909100,00,PAINT,CH,300,4000,1,2026-04-28
7867,84149000,8414900090,90,IMPELLERS,CH,300,4000,1,2026-06-12
8263,39233010,3923301000,00,DISPOSABLE MILK BOTTLES,CH,300,4000,1,2026-05-21
8263,39249000,3924900090,90,MILK BOTTLES,CH,300,4000,5,2026-07-27
8263,39269097,3926909740,40,SILICONE SHELL FOR BREAST IMPLANTS,CH,300,4000,6,2026-07-27
90293121,19059070,1905907000,00,SWEET OR SAVOURY TARTLET CASES,FR,300,4000,1,2026-01-12
90293121,19059080,1905908000,00,GLUTEN FREE TARTLETS CASES,FR,300,4000,1,2026-01-12
9198,39073000,3907300085,85,RESINS,CH,300,4000,2,2026-07-23
ATREXD000C43,20097199,2009719990,90,APPLE JUICE,AT,300,4000,2,2026-06-25
ATREXD000C43,22029919,2202991999,99,FRUIT JUICE,AT,300,4000,2,2026-06-25
BE0415916895,29159090,2915909098,98,SAMPLE TRIGONOX,NL,300,4000,1,2026-08-10
BE0543567709,29096090,2909609090,90,SAMPLE BUTANOX,BE,300,4000,4,2026-06-22
BE0543567709,29159090,2915909098,98,SAMPLE TRIGONOX,BE,300,4000,2,2026-03-24
BE0543567709,29163200,2916320000,00,SAMPLE PERKADOX,MX,100,4000,1,2026-03-24
BE0543567709,29163990,2916399090,90,SAMPLE TRIGONOX,BE,300,4000,1,2026-03-24
BE0543567709,29209070,2920907090,90,SAMPLE TRIGONOX,BE,300,4000,1,2026-01-13
BE0836666273,28112200,2811220090,90,CAB O SIL M5,DE,300,4000,1,2026-05-13
BE2559,84798997,8479899790,90,FIRE DAMPERS,BE,300,4000,3,2026-03-24
BE2559,84819000,8481900090,90,FIRE DAMPERS,BE,300,4000,27,2026-03-31
BEREBX0E451053463,19023090,1902309090,90,SPAGHETTI MEATBALLS,BE,300,4000,1,2026-01-09
BEREBX0E451053463,19049010,1904901000,00,CHICKEN TIKKA AND KORMA,BE,300,4000,1,2026-01-09
BEREBX0E451053463,21069098,2106909869,69,PIES,BE,300,4000,1,2026-01-09
BEREBXE0451053463,19023090,1902309090,90,SPAGHETTI MEATBALLS,BE,300,4000,1,2026-02-10
BEREBXE0451053463,19049010,1904901000,00,CHICKEN TIKKA AND KORMA,BE,300,4000,1,2026-02-10
BEREBXE0451053463,21069098,2106909869,69,PIES,BE,300,4000,1,2026-02-10
BEREX040129714,32064970,3206497090,90,MASTERBATCH WHITE POLYETHYLENE COLOPURANT,BE,300,4000,1,2026-02-16
BEREX0412120336,84186900,8418690091,91,CHILLER PARTS,IT,300,4000,1,2026-05-28
BEREXBE0351053463,19023090,1902309090,90,SPAGHETTI MEATBALLS,BE,300,4000,1,2026-07-03
BEREXBE0351053463,19049010,1904901000,00,TIKKA AND KORMA OF CHICKEN,BE,300,4000,1,2026-07-03
BEREXBE0351053463,21069098,2106909869,69,PIES,BE,300,4000,1,2026-07-03
BEREXBE0402135274,15162095,1516209500,00,GLYCEROL TRIOLEATE FATTY ACID ESTER OF INDUSTRIAL USE NON HAZARDOUS AND NON FOOD GRADE,BE,300,4000,2,2026-05-06
BEREXBE0402135274,27101225,2710122590,90,FAST DRYING SOLVENT BREAK CLEANER FOR METAL,BE,300,4000,7,2026-07-29
BEREXBE0402135274,27101985,2710198500,00,DIRECT CONTACT FOOD LUBICATION,DE,300,4000,1,2026-03-04
BEREXBE0402135274,27101991,2710199100,00,FREEZE RELEASE PRENETRAING OIL ACTION CAN FOR RUST,BE,300,4000,3,2026-07-16
BEREXBE0402135274,27101999,2710199990,90,MULTIPURPOSE GREASE FOR FOOD PROCESSING EQUIPMENT,BE,300,4000,6,2026-07-29
BEREXBE0402135274,29031200,2903120000,00,PMS NON FLAMMABLE MOULD CLEANER,BE,300,4000,1,2026-03-11
BEREXBE0402135274,29035100,2903510090,90,DRY COOLANT SPRAY,BE,300,4000,17,2026-07-22
BEREXBE0402135274,32082090,3208209000,00,ACRYLIC ANTICORROSIVE PRIMER FOR IRON AND STEELE,DE,300,4000,13,2026-08-05
BEREXBE0402135274,32089091,3208909100,00,ANTI CORROSION SPRAY,BE,300,4000,29,2026-08-05
BEREXBE0402135274,34024200,3402420090,90,STAINLESS STEELE CLEANER,BE,300,4000,26,2026-08-10
BEREXBE0402135274,34024900,3402490000,00,WATER BASED GENRAL DEGREASER CLEANER,BE,300,4000,3,2026-06-03
BEREXBE0402135274,34029010,3402901090,90,WATER BASED RUST REMOVER,BE,300,4000,12,2026-08-05
BEREXBE0402135274,34029090,3402909000,00,HEAVY DUTY DEGREASING SOLUTION,BE,300,4000,18,2026-08-05
BEREXBE0402135274,34031910,3403191000,00,ANTI CORROSION MACHINE OIL FOR FOOD PROCESSING EQUIPMENT,BE,300,4000,9,2026-07-22
BEREXBE0402135274,34031980,3403198000,00,PENETRATING SPRAY DEGREASING LUBRICANT,BE,300,4000,4,2026-07-29
BEREXBE0402135274,34039900,3403990000,00,BIODEGRADABLE MULTI PURPOSE OIL FOR LUBRICATION,DE,300,4000,10,2026-07-08
BEREXBE0402135274,38249993,3824999390,90,WATER BASED DEGREASER,BE,300,4000,2,2026-06-24
BEREXBE0402135274,39022000,3902200090,90,NON DRYING AEROSOL LUBRICANT FOR FOOD PROCESSING MACHINES,BE,300,4000,4,2026-04-15
BEREXBE0402135274,39100000,3910000070,70,SILCONE OIL,BE,300,4000,7,2026-07-08
BEREXBE0402135274,39100000,3910000090,90,SILCONE OIL,BE,300,4000,13,2026-07-29
BEREXBE0402135274,39173200,3917320090,90,EXTENSION TUBE APPLICATOR,BE,300,4000,15,2026-07-22
BEREXBE0402135274,39235090,3923509000,00,CHILD SAFTEY CAP FOR BOTTLES,IT,300,4000,12,2026-08-05
BEREXBE0402135274,73262000,7326200090,90,DISPLAY METAL RACK FOR PRODUCTS,PL,300,4000,4,2026-03-25
BEREXBE0402135274,84249080,8424908080,80,AEROSOL SPRAY NOZZEL,FR,300,4000,4,2026-07-22
BEREXBE0402135274,84818099,8481809990,90,VALVE AND TURBO CLEANER,FR,300,4000,5,2026-07-29
BEREXBE0403958973,39269097,3926909727,27,Gasket of polyethylene foam intended to fillup the space between the body of a motor vehicleand the base of a rearview mirror,BE,300,4000,1,2026-01-18
BEREXBE0403958973,84381010,8438101000,00,Bakery machinery and machinery,BE,300,4000,1,2026-07-05
BEREXBE0403958973,84389000,8438900000,00,Parts,BE,300,4000,2,2026-01-18
BEREXBE0405150984,29159090,2915909098,98,ZINC CARBOXYLATE BASED PU CATALYST VALIKAT ZN 1910,BE,300,4000,2,2026-06-09
BEREXBE0405150984,32110000,3211000000,00,ECOS ND,BE,300,4000,2,2026-06-01
BEREXBE0405150984,38089210,3808921000,00,VALIREX,BE,300,4000,1,2026-03-02
BEREXBE0405150984,38159090,3815909090,90,BISMUTH POLYURETHANE CATALYST VALIKAT BI 2010,BE,300,4000,4,2026-08-17
BEREXBE0405502461,19059080,1905908000,00,SAVORY SWEET PASTRY CASES,BE,300,4000,8,2026-07-13
BEREXBE0405515626,39269097,3926909743,43,PLASTIC YELLOW CUPS,BE,300,4000,1,2026-04-15
BEREXBE0405515626,40169300,4016930090,90,RUBBER GASKETS AND WASHERS,BE,300,4000,2,2026-04-15
BEREXBE0405515626,84122981,8412298190,90,HYDRAULIC FLUID POWER MOTOTRS,BE,300,4000,1,2026-04-15
BEREXBE0405515626,84812010,8481201090,90,TRANSMISSION VALVES,BE,300,4000,2,2026-04-15
BEREXBE0405515626,84821010,8482101090,90,BALL BEARINGS,BE,300,4000,1,2026-04-15
BEREXBE0405515626,84831095,8483109590,90,TRANSMISSION SHAFTS,BE,300,4000,2,2026-04-15
BEREXBE0405515626,85441110,8544111000,00,PARTS FOR AGRICULTRUAL MACHINERY,BE,300,4000,1,2026-03-13
BEREXBE0405515626,87084020,8708402090,90,GEARBOX PARTS FOR AGRICULTRUAL MACHINERY,BE,300,4000,1,2026-03-13
BEREXBE0405515626,87085020,8708502090,90,SPARE PARTS FOR AGRICULTRUAL MACHINERY,BE,300,4000,1,2026-03-13
BEREXBE0405515626,87089420,8708942000,00,STEERING WHEELS,BE,300,4000,1,2026-04-15
BEREXBE0405558582,16023119,1602311900,00,TURKEY RASHERS,BE,300,4000,2,2026-05-21
BEREXBE0412120336,84143089,8414308990,90,CHILLER PARTS,IT,300,4000,2,2026-04-30
BEREXBE0412120336,84158300,8415830090,90,CHILLER PARTS,IT,300,4000,1,2026-03-18
BEREXBE0412120336,84159000,8415900091,91,CHILLER PARTS,IT,300,4000,5,2026-07-28
BEREXBE0412120336,84159000,8415900099,99,CHILLER PARTS,IT,300,4000,5,2026-07-29
BEREXBE0412120336,84186100,8418610091,91,CHILLER PARTS,IT,300,4000,2,2026-04-07
BEREXBE0412120336,84186100,8418610099,99,CHILLER PARTS,IT,300,4000,1,2026-01-12
BEREXBE0412120336,84186900,8418690091,91,CHILLER PARTS,IT,300,4000,49,2026-08-13
BEREXBE0412120336,84186900,8418690099,99,CHILLER PARTS,IT,300,4000,3,2026-01-20
BEREXBE0412120336,84189990,8418999091,91,CHILLER PARTS,IT,300,4000,1,2026-07-21
BEREXBE0412120336,84189990,8418999099,99,CHILLER PARTS,IT,300,4000,11,2026-08-05
BEREXBE0412120336,85437090,8543709085,85,CUT AWAY VRV 5,IT,300,4000,1,2026-06-10
BEREXBE0421053442,54072019,5407201900,00,TEXTILE,BE,300,4000,1,2026-07-20
BEREXBE0421053442,56031390,5603139090,90,NEEDLE PUNCHED THERMALLY BONDED NON WOVEN TEXTILES FABRIC,BE,300,4000,10,2026-06-18
BEREXBE0421053442,56031480,5603148090,90,NEEDLE PUNCHED AND THERMALLY BONDED NONWOVEN TEXTILES,BE,300,4000,37,2026-07-24
BEREXBE0424864156,40169997,4016999790,90,RUBBER SOLES,BE,300,4000,1,2026-07-16
BEREXBE0431096011,09011100,0901110000,00,KENYA ARIBICA COFFEE,ID,100,4000,8,2026-07-15
BEREXBE0431096011,09011200,0901120000,00,COLOMBIE EXCELSO DECAF COFFEE,DE,300,4000,1,2026-08-09
BEREXBE0441314861,76109090,7610909095,95,POOL SHELTER,BE,300,4000,2,2026-03-05
BEREXBE0451053463,19022099,1902209990,90,Stuffed pasta,BE,300,4000,14,2026-08-12
BEREXBE0451053463,19023090,1902309090,90,SPAGHETTI MEATBALLS,BE,300,4000,194,2026-08-18
BEREXBE0451053463,19049010,1904901000,00,CHICKEN TIKKA AND KORMA,BE,300,4000,200,2026-08-18
BEREXBE0451053463,21069098,2106909869,69,PIES,BE,300,4000,193,2026-08-18
BEREXBE045105363,19023090,1902309090,90,SPAGHETTI MEATBALLS,BE,300,4000,1,2026-02-06
BEREXBE045105363,19049010,1904901000,00,TIKKA KORMA RISOTTO,BE,300,4000,1,2026-02-06
BEREXBE045105363,21069098,2106909869,69,PIES,BE,300,4000,1,2026-02-06
BEREXBE04510536463,19023090,1902309090,90,SPAGHETTI MEATBALLS,BE,300,4000,1,2026-07-13
BEREXBE04510536463,19049010,1904901000,00,CHICKEN TIKKA AND KORMA,BE,300,4000,1,2026-07-13
BEREXBE04510536463,21069098,2106909869,69,PIES,BE,300,4000,1,2026-07-13
BEREXBE0452053463,19023090,1902309090,90,SPAGHETTI MEATBALLS,BE,300,4000,1,
BEREXBE0452053463,19049010,1904901000,00,CHICKEN TIKKA AND KORMA,BE,300,4000,1,
BEREXBE0452053463,21069098,2106909869,69,PIES,BE,300,4000,1,
BEREXBE0452407307,38249996,3824999699,99,LIGHT CURING DENTAL 3D PRINTING RESIN FOR RESTORATIONS,BE,300,4000,13,2026-07-28
BEREXBE0452407307,39162000,3916200099,99,DENTAL IMPRESSION MATERIAL,BE,300,4000,7,2026-08-18
BEREXBE0452407307,39211900,3921190099,99,IMPRESSION SEPERATION WAFER FOR TEETH,BE,300,4000,15,2026-08-18
BEREXBE0452407307,39261000,3926100000,00,WORKING PAD,CH,300,4000,3,2026-04-13
BEREXBE0452407307,39269097,3926909790,90,DISPOSABLE DISPENSING DISH,AT,300,4000,6,2026-08-18
BEREXBE0452407307,69091100,6909110000,00,MIXING DISH FOR DENTAL POWDERS AND CEMENTS,AT,300,4000,3,2026-07-30
BEREXBE0452407307,96033090,9603309000,00,DENTAL BRUSH,AT,300,4000,3,2026-07-07
BEREXBE0453390074,29173500,2917350000,00,PHTHALIC ANHYDRIDE,BE,300,4000,6,2026-08-17
BEREXBE0464130449,39269097,3926909790,90,GOVAPLAST BOARD,BE,300,4000,19,2026-08-10
BEREXBE051053463,19023090,1902309090,90,SPAGHETTI MEATBALLS,BE,300,4000,1,2026-05-04
BEREXBE051053463,19049010,1904901000,00,CHICKEN TIKKA AND KORMA,BE,300,4000,1,2026-05-04
BEREXBE051053463,21069098,2106909869,69,PIES,BE,300,4000,1,2026-05-04
BEREXBE0711855482,21039090,2103909019,19,CONDIMENTS,BE,300,4000,1,2026-06-25
BEREXBE0711855482,21039090,2103909089,89,BURGER SAUCE,BE,300,4000,5,2026-06-24
BEREXBE0845246122,04069099,0406909900,00,CHEESE,BE,300,4000,9,2026-06-04
BEREXBE0897550205,28212000,2821200000,00,PIGMENT POWDER FOR PAINT,BE,300,4000,1,2026-03-22
BEREXBE0897550205,28281000,2828100010,10,SODIUM HYPOCHLORITE CLEANING CHEMICAL,BE,300,4000,1,2026-05-22
BEREXBE0897550205,29034200,2903420000,00,refrigerant gas,IT,300,4000,2,2026-02-13
BEREXBE0897550205,32082010,3208201090,90,BOLIER,BE,300,4000,1,2026-05-06
BEREXBE0897550205,32089091,3208909100,00,PAINT,BE,300,4000,1,2026-04-10
BEREXBE0897550205,32089099,3208909900,00,LIQUID ACRYLIC PRIMER AND LIQUID INTERIOR WOOD WAX STAIN,BE,300,4000,1,2026-05-22
BEREXBE0897550205,32091000,3209100000,00,HOUSEHOLD INTERIOR PAINT,NL,300,4000,3,2026-05-22
BEREXBE0897550205,32099000,3209900000,00,SEALANT,BE,300,4000,2,2026-05-22
BEREXBE0897550205,32141010,3214101000,00,BERNER FIX GLUE,DE,300,4000,1,2026-04-10
BEREXBE0897550205,32141090,3214109000,00,ARDEX PAINTERS FILLINGS,NL,300,4000,1,2026-02-13
BEREXBE0897550205,32149000,3214900000,00,TECH 7 RESIN,NL,300,4000,7,2026-06-05
BEREXBE0897550205,35061000,3506100000,00,Twocomponent chemical anchor injection mortar vinyl esterepoxy acrylate resin for heavyduty structural anchoring in concrete and masonry,DE,300,4000,1,2026-04-10
BEREXBE0897550205,35069190,3506919040,40,COLOURED POLYURETHANE CONSTRUCTION ADHESIVE CARTRIDGES,BE,300,4000,1,2026-05-22
BEREXBE0897550205,38244000,3824400000,00,WATERPROOFING ADMIXTURE AND BONDING AGENT,NL,300,4000,3,2026-05-22
BEREXBE0897550205,38245010,3824501000,00,FLEXTILE GLUE,BE,300,4000,3,2026-03-22
BEREXBE0897550205,38245090,3824509000,00,SIKA MORTAR,BE,300,4000,2,2026-01-21
BEREXBE0897550205,39039020,3903902000,00,INSULATIOPN BOARDS,FR,100,4000,1,2026-01-08
BEREXBE0897550205,39069060,3906906000,00,WATERPROOFING MICROMORTAR FORTECHNICAL AND DECORATIVE COATING,BE,300,4000,1,2026-03-22
BEREXBE0897550205,39073000,3907300080,80,PRIMER,CH,300,4000,3,2026-02-04
BEREXBE0897550205,39172110,3917211090,90,INSULATED PIPE,IT,300,4000,3,2026-02-13
BEREXBE0897550205,39172900,3917290019,19,IPLASTIC DRAIN PIPE,DE,300,4000,4,2026-02-13
BEREXBE0897550205,39191080,3919108090,90,SELF AHESIVE NON WOVEN FLEECE FOR FLOOR PROTECTION,DE,300,4000,1,2026-05-22
BEREXBE0897550205,39199080,3919908099,99,TAPE,FR,300,4000,3,2026-03-26
BEREXBE0897550205,39201025,3920102590,90,GRADUATED PLASTIC CUPS FOR MEASURING AND MIXING PAINT,NL,300,4000,1,2026-05-22
BEREXBE0897550205,39209928,3920992850,50,ROLL OF PROTECTIVE PLASTICS,BE,300,4000,1,2026-03-05
BEREXBE0897550205,39211310,3921131000,00,PU FOAM,CH,300,4000,1,2026-04-10
BEREXBE0897550205,39219010,3921901010,10,INSULATION BOARDS,PL,300,4000,1,2026-03-25
BEREXBE0897550205,39219010,3921901030,30,DECOUPLING FOIL,BE,300,4000,1,2026-01-21
BEREXBE0897550205,39219010,3921901090,90,INSULWOOD ACOUSTIC UNDERLAYER,BE,300,4000,1,2026-03-05
BEREXBE0897550205,39232100,3923210000,00,BLACK RUBBISH BAGS FOR HOUSEHOLD WASTE,DE,300,4000,1,2026-05-22
BEREXBE0897550205,39233010,3923301000,00,GRADUATED PLASTIC STORAGE CUP FOR PAINT,NL,300,4000,1,2026-05-22
BEREXBE0897550205,39259010,3925901000,00,HEAVY DUTY PLASTIC MORTAR TUB,NL,300,4000,1,2026-05-22
BEREXBE0897550205,39259080,3925908000,00,CABLE TIE,FR,300,4000,7,2026-01-21
BEREXBE0897550205,39269097,3926909758,58,PLUGS,DE,300,4000,3,2026-03-05
BEREXBE0897550205,39269097,3926909790,90,KEMP ROLL,IT,300,4000,1,2026-02-13
BEREXBE0897550205,44079139,4407913900,00,OLD PINE BOARDS,FR,300,4000,1,2026-02-13
BEREXBE0897550205,44111495,4411149500,00,MDF WOODEN BOARDS,BE,300,4000,1,2026-06-05
BEREXBE0897550205,44125110,4412511000,00,OAK VENEER BLOCKBOARDS,BE,300,4000,1,2026-06-05
BEREXBE0897550205,44181990,4418199000,00,OLD OAK DOOR,FR,300,4000,1,2026-08-17
BEREXBE0897550205,56012190,5601219000,00,DUST PROTECTION DOOR SHEETS,DE,300,4000,1,2026-03-26
BEREXBE0897550205,56039480,5603948040,40,SEALING TAPE,DE,300,4000,1,2026-01-21
BEREXBE0897550205,56075011,5607501110,10,TWINE MACK ROPE,NL,300,4000,1,2026-08-17
BEREXBE0897550205,56075030,5607503010,10,TWINE ROPE,NL,300,4000,1,2026-08-17
BEREXBE0897550205,56075030,5607503090,90,MASONERY CORD,BE,300,4000,1,2026-01-08
BEREXBE0897550205,59061000,5906100000,00,MASKING TAPE,NL,300,4000,1,2026-01-21
BEREXBE0897550205,63039290,6303929090,90,ROLLER BLINDS,BE,300,4000,1,2026-07-03
BEREXBE0897550205,63039910,6303991000,00,BED VALANCE,BE,300,4000,2,2026-07-03
BEREXBE0897550205,63039990,6303999090,90,LINNEN CURTINS,BE,300,4000,13,2026-07-03
BEREXBE0897550205,63041990,6304199099,99,BEDCOVER,BE,300,4000,4,2026-07-03
BEREXBE0897550205,63079095,6307909595,95,FACE MASK,BE,300,4000,1,2026-01-08
BEREXBE0897550205,68029390,6802939090,90,NATRUAL STONE BASIN,BE,100,4000,1,2026-03-25
BEREXBE0897550205,69109000,6910900000,00,SQUARE SINK WITH STRAINER,DE,300,4000,1,2026-05-22
BEREXBE0897550205,70191200,7019120039,39,WATERPROOF AND ANTI FRACTURE MEMBRANE,IT,300,4000,1,2026-03-22
BEREXBE0897550205,70191400,7019140090,90,CONSTRUCTION AND PLASTERING MATERIALS,BE,300,4000,1,2026-03-22
BEREXBE0897550205,73089098,7308909890,90,Wall reinforcement 5cm3 05m,NL,300,4000,1,2026-02-04
BEREXBE0897550205,73181290,7318129090,90,Galvanised screws,DE,300,4000,1,2026-02-04
BEREXBE0897550205,73181410,7318141090,90,Selftapping screws,DE,300,4000,2,2026-03-26
BEREXBE0897550205,73221900,7322190000,00,RADIATOR,CZ,300,4000,4,2026-05-06
BEREXBE0897550205,73269030,7326903000,00,STEP LADDER,NL,300,4000,2,2026-05-22
BEREXBE0897550205,73269098,7326909840,40,REINFORCED ANGLE SET,DE,300,4000,1,2026-03-26
BEREXBE0897550205,73269098,7326909890,90,METAL BOX,FR,300,4000,1,2026-02-04
BEREXBE0897550205,76109090,7610909092,92,WINDOWS WITH GLASS,BE,300,4000,1,2026-04-10
BEREXBE0897550205,76169990,7616999099,99,RAILS,DE,300,4000,1,2026-01-08
BEREXBE0897550205,82051000,8205100000,00,stone drill set,DE,300,4000,1,2026-02-04
BEREXBE0897550205,82052000,8205200000,00,HAMMER,NL,300,4000,2,2026-01-08
BEREXBE0897550205,82053000,8205300000,00,WOODEN DRILL SET,PT,300,4000,1,2026-01-08
BEREXBE0897550205,82054000,8205400000,00,SCREW SET,DE,300,4000,2,2026-01-08
BEREXBE0897550205,82055910,8205591000,00,BUCKETS,BE,300,4000,8,2026-03-05
BEREXBE0897550205,82055980,8205598000,00,SPANNER,NL,300,4000,5,2026-02-13
BEREXBE0897550205,82079099,8207909900,00,Würth spirit leval 1m,DE,300,4000,1,2026-02-04
BEREXBE0897550205,84031090,8403109000,00,OUTDOOR INDOOR HEAT PUMP,BE,300,4000,1,2026-04-10
BEREXBE0897550205,84144010,8414401000,00,COMPRESSOR,BE,300,4000,1,2026-01-08
BEREXBE0897550205,84145100,8414510090,90,TUBE FAN,ES,300,4000,1,2026-01-21
BEREXBE0897550205,84148075,8414807590,90,AIR COMPRESSOR,BE,300,4000,1,2026-01-08
BEREXBE0897550205,84151090,8415109090,90,CONDENSING UNIT,ES,300,4000,2,2026-02-04
BEREXBE0897550205,84158200,8415820099,99,CONTROL SWITCH,BE,300,4000,2,2026-01-21
BEREXBE0897550205,84159000,8415900099,99,MOUNTINGBLOCS FOR AIR CON UNITS,AT,300,4000,2,2026-04-10
BEREXBE0897550205,84659120,8465912000,00,MITER SAW,DE,300,4000,2,2026-03-26
BEREXBE0897550205,84672110,8467211000,00,SCREWDRIVER,RO,300,4000,3,2026-02-04
BEREXBE0897550205,84672191,8467219100,00,DRILL HAMMER,DE,300,4000,1,2026-01-08
BEREXBE0897550205,84672199,8467219900,00,CHISEL,PL,300,4000,1,2026-01-08
BEREXBE0897550205,84672230,8467223000,00,RAID SAW,DE,300,4000,1,2026-01-08
BEREXBE0897550205,84672290,8467229000,00,SWING SAW,JP,100,4000,3,2026-04-10
BEREXBE0897550205,84672951,8467295100,00,ANGEL GRINDERS,RO,300,4000,2,2026-02-04
BEREXBE0897550205,84672959,8467295900,00,MULTIMASTER TOOL,DE,300,4000,1,2026-01-08
BEREXBE0897550205,84672970,8467297000,00,PLUS PLANER,DE,300,4000,1,2026-01-08
BEREXBE0897550205,84672985,8467298500,00,DRILL,RO,300,4000,2,2026-02-04
BEREXBE0897550205,84818031,8481803100,00,THERMIC VALVE,IT,300,4000,3,2026-03-25
BEREXBE0897550205,84818039,8481803900,00,BALL VALVE,NL,300,4000,8,2026-05-06
BEREXBE0897550205,84818069,8481806999,99,VALVE,IT,300,4000,1,2026-02-04
BEREXBE0897550205,84818099,8481809990,90,EXPANSION VALVE KIT,JP,100,4000,1,2026-02-13
BEREXBE0897550205,85043200,8504320090,90,MAKITA battery charger DC18RD,RO,300,4000,1,2026-02-04
BEREXBE0897550205,85441110,8544111000,00,EXTENSION CABLE,BE,300,4000,1,2026-04-10
BEREXBE0897550205,85444290,8544429090,90,ELECTRICAL CONNECTOR,DE,300,4000,1,2026-01-08
BEREXBE0897550205,85444999,8544499900,00,ELECTRIC CABLE,BE,300,4000,4,2026-01-21
BEREXBE0897550205,87089491,8708949100,00,steel tube antirust painted,BE,300,4000,1,2026-02-04
BEREXBE0897550205,90178010,9017801000,00,TAPE MEASURE,NL,300,4000,1,2026-01-08
BEREXBE0897550205,90321020,9032102090,90,THERMOSTAT,NL,300,4000,2,2026-05-06
BEREXBE0897550205,94015900,9401590000,00,OLD WOODEN STOOL,BE,300,4000,1,2026-08-17
BEREXBE0897550205,94034090,9403409010,10,CHIPBOARD SHELVES AND RADIATOR GRILLE,BE,300,4000,1,2026-08-17
BEREXBE0897550205,94038900,9403890010,10,MDF RADIATOR CASING,BE,300,4000,1,2026-08-17
BEREXBE0897550205,94039100,9403910010,10,WOODEN PLANKS,BE,300,4000,1,2026-03-26
BEREXBE0897550205,94039910,9403991090,90,HEADBOARD,BE,300,4000,4,2026-07-03
BEREXBE0897550205,94039990,9403999090,90,WOODEN CUPBOARD,BE,300,4000,2,2026-08-17
BEREXBE0897550205,94049090,9404909000,00,SEAT CUSHION,BE,300,4000,3,2026-07-03
BEREXBE0897550205,94051190,9405119090,90,LIGHT FIXTURE,IT,300,4000,3,2026-04-10
BEREXBE0897550205,96039010,9603901000,00,FLOOR CLEANER APPLIANCE,BE,300,4000,1,2026-02-04
BEREXBE0897550205,96091010,9609101000,00,LEAD PENCIL,DE,300,4000,1,2026-01-08
BEREXBE0897550205,96091090,9609109000,00,CHALK,DE,300,4000,2,2026-01-08
BEREXBE405558582,16023119,1602311900,00,TURKEY RASHER,BE,300,4000,1,2026-07-27
BERREX040129714,32041700,3204170019,19,MASTERBATCH RED POLYETHYLENE COLOPURANT,BE,300,4000,1,2026-02-16
CH1442,22072000,2207200019,19,TSDA ORGANIC DE NATURED ETHANOL FOR COSMETIC USE ONLY EXEMPT FROM EXCISE AS NOT FIT FOR HUMAN CONSUMPTION,CH,300,4000,6,2026-08-12
CYREX00000000029,04069089,0406908990,90,HALLOUMI CHEESE,CY,300,4000,1,2026-02-05
CYREX00000000218,04069089,0406908990,90,HALLOUMI CHEESE,CY,300,4000,1,2026-08-06
CYREX0000000029,04069089,0406908990,90,HALLOUMI CHEESE,CY,300,4000,2,2026-04-12
CYREX0000000218,04069089,0406908990,90,HALLOUMI CHEESE,CY,300,4000,3,2026-06-07
CZ88692117,40092200,4009220090,90,KIT HOSE SPARE PART FOR AGRI MACHINERY,CZ,300,4000,1,2026-07-19
CZREX58002921,40103100,4010310090,90,V BELT,CZ,300,4000,1,2026-04-08
CZREX58002921,40103200,4010320000,00,TRANSMISSION V BELT XPA,CZ,300,4000,2,2026-08-08
CZREX58002921,40103300,4010330090,90,TRANSMISSION V BELT SPA,CZ,300,4000,1,2026-04-08
CZREX58002921,40103400,4010340000,00,TRANSMISSION V BELT EXTRA,CZ,300,4000,1,2026-08-08
CZREX58002921,40117000,4011700000,00,WHEELS FOR AGRICULTRUAL MACHINERY,CZ,300,4000,2,2026-08-08
CZREX58002921,40169300,4016930090,90,GASKET,CZ,300,4000,1,2026-04-08
CZREX58002921,84099100,8409910075,75,EXHAIST AND MUFLER DEFECTOR FOR AGRICULTRUAL MACHINES,CZ,300,4000,1,2026-08-08
CZREX58002921,84099900,8409990090,90,PARTS FOR AGRICULTRUAL MACHINES,CZ,300,4000,1,2026-07-08
CZREX58002921,84122981,8412298190,90,HYDROMOTOR,CZ,300,4000,1,2026-04-08
CZREX58002921,84821090,8482109000,00,BEARINGS,CZ,300,4000,2,2026-08-08
CZREX58002921,84831050,8483105090,90,SHAT FLANGE FOR AGRICULTRUAL MACHINES,CZ,300,4000,2,2026-04-08
CZREX58002921,85111000,8511100090,90,SPARK PLUG,CZ,300,4000,1,2026-04-08
CZREX58002921,85361010,8536101090,90,TAPE FUSE,CZ,300,4000,1,2026-08-08
CZREX58002921,85364110,8536411090,90,RELAY,CZ,300,4000,1,2026-04-08
CZREX58002921,85444995,8544499590,90,CABLE SET,CZ,300,4000,1,2026-04-08
CZREX62000617,39073000,3907300085,85,EPOXY RESIN,CZ,300,4000,3,2026-07-15
DE185121328,84136020,8413602090,90,MECHANICAL LIFTING EQUIPMENT,DE,300,4000,1,2026-04-23
DE185121328,84833080,8483308090,90,MECHANICAL LIFTING EQUIPMENT,DE,300,4000,1,2026-04-23
DE7150EA0418,35051050,3505105000,00,NOVASPERSE,NL,300,4000,1,2026-01-07
DEREX,40169997,4016999790,90,COUPLING TRANSMISSION PIECES,DE,300,4000,1,2026-05-01
DEREX23000165,73090059,7309005900,00,STORAGE TANKS,DE,300,4000,1,2026-01-05
DEREX26500037,32082010,3208201090,90,BYK,NL,300,4000,2,2026-06-16
DEREX26500037,32089019,3208901990,90,BYK,DE,300,4000,3,2026-04-26
DEREX26500037,38249992,3824999290,90,BYK,DE,300,4000,2,2026-04-26
DEREX26500037,38249992,3824999299,99,CHEMICALS,DE,300,4000,2,2026-04-19
DEREX26500037,39069090,3906909090,90,BYK,DE,300,4000,2,2026-04-26
DEREX32000304,28112200,2811220090,90,AEROSIL 200 HV,BE,300,4000,8,2026-07-16
DEREX32009001,29161300,2916130090,90,MERACRYL GMAA,DE,300,4000,2,2026-04-27
DEREX32009001,29161400,2916140090,90,MERACRYL MMA,DE,300,4000,2,2026-04-11
DEREX40500691,39233090,3923309000,00,Carboys bottles flasks and similar articles,DE,300,4000,1,2026-07-08
DEREX40500691,39235090,3923509000,00,Stoppers lids caps and other closures,DE,300,4000,1,2026-07-08
DEREX40511691,39231090,3923109090,90,TUBS,DE,300,4000,3,2026-07-05
DEREX40511691,39233010,3923301000,00,TUBS,DE,300,4000,9,2026-07-31
DEREX40511691,39233090,3923309000,00,TUBS,DE,300,4000,9,2026-08-07
DEREX40511691,39235090,3923509000,00,LIDS,DE,300,4000,18,2026-08-07
DEREX53000039,39073000,3907300080,80,EPOXY RESIN,DE,300,4000,12,2026-07-16
DEREX53500178,39173200,3917320090,90,TUBES,DE,300,4000,1,2026-04-27
DEREX53500178,39219090,3921909000,00,SEALING STRIP FOR AGRIDCULTRUAL MACHINERY,DE,300,4000,1,2026-04-27
DEREX53500178,39269097,3926909743,43,ROLLER,DE,300,4000,1,2026-04-27
DEREX53500178,40103100,4010310090,90,CONVEYOR BELT FOR AGRI MACHINERY,DE,300,4000,3,2026-04-27
DEREX53500178,40169300,4016930090,90,O RING FOR AGRI MACHINERY,DE,300,4000,1,2026-04-27
DEREX53500178,63079098,6307909899,99,PROMOTIONAL BEACHFLAGS,DE,300,4000,1,2026-05-07
DEREX53500178,84122981,8412298190,90,HYDR MOTOR,DE,300,4000,1,2026-04-27
DEREX53500178,84821090,8482109000,00,TWOHOE FLANGED BEARINGS,DE,300,4000,2,2026-05-29
DEREX53500178,84823000,8482300000,00,SELF ALIIGING RADIAL ROLLER,DE,300,4000,1,2026-04-27
DEREX53500178,84825000,8482500090,90,MESSER EXCAT CUT PARTS FOR MACHINE,DE,300,4000,1,2026-05-29
DEREX53500178,85371091,8537109157,57,CONTROL UNIT,DE,300,4000,1,2026-04-27
DEREX53500178,96081010,9608101000,00,PROMOTIONAL GREEN PANS,DE,300,4000,1,2026-05-07
DEREX53500318,84798200,8479820000,00,KREIS DISSOLVER,DE,300,4000,1,2026-07-06
DEREX58500541,84281020,8428102000,00,LIFT CONVER,DE,300,4000,5,2026-08-15
DEREX71500019,84082037,8408203700,00,TTCD6.1L6 DEUTZ DIESEL,DE,300,4000,5,2026-01-19
DEREX71500019,84082057,8408205700,00,DEUTZ DIESEL,DE,300,4000,36,2026-08-17
DEREX71500019,84082099,8408209900,00,DEUTZ DIESEL MEDIUMBLOCK,DE,300,4000,2,2026-02-22
DEREX71500019,84089061,8408906190,90,DEUTZ DIESEL,DE,300,4000,6,2026-03-17
DEREX71500019,84089065,8408906590,90,DEUTZ DIESEL,DE,300,4000,28,2026-07-21
DEREX75000138,20011000,2001100090,90,GHERKINS,DE,300,4000,6,2026-07-06
DEREX76000015,38159090,3815909090,90,CHEMICALS,DE,300,4000,1,2026-02-09
DEREX77500003,28112200,2811220090,90,SILICON DIOXIDE,DE,300,4000,10,2026-08-07
DEREX80000716,94041000,9404100000,00,MATTRESS SUPPORTS WITH PROTECTIVE COVERS,DE,300,4000,1,2026-07-01
DEREX81000726,84831095,8483109590,90,SHAFT FOR PILLOW BEARINGS,DE,300,4000,1,2026-03-29
DEREX81000726,84833032,8483303290,90,GREASE BEARING CASING DRILLED,DE,300,4000,1,2026-03-29
DEREX83000254,23099031,2309903116,16,QUIKO CANTHAXANTIN,DE,300,4000,1,2026-02-19
DEREX85800541,84281020,8428102000,00,LIFT CONVER,DE,300,4000,2,2026-06-20
DEREX87500216,84659600,8465960000,00,HEIZOHACK WOODCHIPPER MACHINES,DE,300,4000,3,2026-07-18
DEREX88000042,27101983,2710198300,00,HYDRAULIC OIL FOR AGRICULTRUAL MACHINERY,DE,300,4000,3,2026-06-29
DEREX88000042,27101987,2710198700,00,GEAR OIL FOR AGRICULTRUAL MACHINERY,DE,300,4000,1,2026-05-16
DEREX88000042,35061000,3506100000,00,ADHESIVE,DE,300,4000,2,2026-05-16
DEREX88000042,39199080,3919908045,45,SELF ADHESIVE LABLES FOR AGRICULTRUAL MACHINERY,DE,300,4000,1,2026-05-16
DEREX88000042,39235090,3923509000,00,PLASTIC SEALING PLUGS,DE,300,4000,1,2026-05-16
DEREX88000042,39269097,3926909743,43,SLIDE PIECE FOR CONVEYOURS,DE,100,4000,2,2026-08-02
DEREX88000042,39269097,3926909790,90,PLASTIC AND POLURETHANE COMONENTS INCLUDING BALL GRIPS CLAMP PARTS AND PLATES FOR AGRICULTRUAL MACHINERY,DE,300,4000,1,2026-05-16
DEREX88000042,40081900,4008190000,00,VULCANISED RUBBER SHEETS FOR AGRICULTRUAL USE,DE,300,4000,1,2026-05-16
DEREX88000042,40082190,4008219000,00,RUBBER O RINGS FOR AGRICUTRUAL USE,DE,300,4000,2,2026-05-16
DEREX88000042,40169300,4016930090,90,DUAL LIP GASKET,DE,300,4000,1,2026-06-29
DEREX88000042,40169997,4016999790,90,RUBBER CONVEYOR BELT FOR AGRICULTRUAL MACHINERY,DE,300,4000,1,2026-05-16
DEREX88000042,73269098,7326909890,90,FABRICATED STEEL COPMPONENTS COVER PLATES AND MOUNTING SOCKETS,DE,300,4000,1,2026-05-16
DEREX88000042,84122180,8412218090,90,HYDRAULIC CYLINDER,DE,300,4000,3,2026-05-16
DEREX88000042,84828000,8482800090,90,TENSIONING BEARING FOR AGRICULTRUAL MACHINERY,DE,300,4000,1,2026-06-29
DEREX88000042,84831050,8483105090,90,ARTICLATED INTERMEDIATE SHAFTS,DE,300,4000,1,2026-04-21
DEREX88000042,84832000,8483200000,00,PEDESTRIAL BEARINGS FOR AGRICULTRIAL MACHINERY,DE,300,4000,3,2026-06-29
DEREX88000042,85122000,8512200090,90,LED MARKER LIGHTS,DE,300,4000,1,2026-04-21
DEREX88000042,87083099,8708309900,00,BRAKE FLUID CONTAINER,DE,300,4000,1,2026-08-18
DEREX88000088,94012000,9401200000,00,Seats of a kind used for motor vehicles,DE,300,4000,1,2026-05-05
DEREXDE811577594,39174000,3917400099,99,HORSCH KAMLOCK ADAPTER,DE,300,4000,10,2026-02-03
DEREXDE811577594,84818081,8481808190,90,EASY CONNECT SPARE PART,DE,300,4000,1,2026-01-11
DKREX230249758,29051685,2905168500,00,2 ETHYLHEXANOL,DE,300,4000,4,2026-06-11
DKREX230519034,21050010,2105001000,00,SALTED CARAMEL CONE,NL,300,4000,2,2026-08-05
EL094266883,19059080,1905908000,00,TSOUREKI,GR,300,4000,1,2026-04-08
EL095329939,21069092,2106909285,85,MOUSAKA,GR,300,4000,2,2026-07-06
EL099948465,19022091,1902209190,90,Stuffed pasta,GR,300,4000,1,2026-05-27
EL099948465,19049010,1904901000,00,Obtained from rice,GR,300,4000,1,2026-05-27
EL099948465,20052080,2005208000,00,Potatoes,GR,300,4000,1,2026-05-27
EL099948465,21033090,2103309090,90,CONDIMENTS,GR,300,4000,6,2026-07-29
EL099948465,21039090,2103909019,19,CONDIMENTS,IT,300,4000,1,2026-06-30
EL099948465,21039090,2103909081,81,SAUCE,GR,300,4000,1,2026-05-27
EL099948465,21069092,2106909285,85,CONDIMENTS,IT,300,4000,1,2026-06-30
EL2106923024,19059055,1905905500,00,BOUGATSA,GR,300,4000,1,2026-08-06
EL27029740000,04069032,0406903200,00,FETA CHEESE,GR,300,4000,1,2026-07-22
EL27029740000,04069050,0406905000,00,CHEESE,GR,300,4000,1,2026-07-22
EL800934879,21069092,2106909285,85,GREEK DESSERT ELITE,GR,300,4000,6,2026-07-22
EL800934879,21069098,2106909869,69,GREEK DESSERT,GR,300,4000,10,2026-08-10
EL801263045,19059080,1905908000,00,FROZEN BAKLAVA,GR,300,4000,1,2026-08-03
EL801705663,19019091,1901909100,00,CROQUETTES,GR,300,4000,3,2026-06-17
EL801705663,19019099,1901909990,90,FALAFEL,GR,300,4000,4,2026-07-30
EL802143715,20059980,2005998098,98,HUMMOUS,GR,300,4000,1,2026-03-17
EL802143715,21069098,2106909869,69,CRUNCHY CHEESE SALAD,GR,300,4000,2,2026-03-17
EL998575492,04069032,0406903200,00,FETA CHEESE,GR,300,4000,2,2026-06-16
EL998575492,04069050,0406905000,00,HARD CHEESE,GR,300,4000,2,2026-06-16
EL99948465,21033090,2103309090,90,CONDIMENTS,GR,300,4000,1,2026-06-23
EL999863856,07101000,0710100000,00,POTATOES,GR,300,4000,1,2026-04-09
EL999863856,07102100,0710210000,00,PEAS,GR,300,4000,2,2026-04-09
EL999863856,07102200,0710220090,90,SPINACH LEAVES,GR,300,4000,1,2026-04-09
EL999863856,07103000,0710300000,00,SPINACH,GR,300,4000,1,2026-04-09
EL999863856,07108080,0710808000,00,ARTICHOKES,GR,300,4000,1,2026-04-09
EL999863856,07108095,0710809530,30,OKRA,GR,300,4000,1,2026-04-09
EL999863856,07108095,0710809580,80,OTHER VEG,GR,300,4000,1,2026-04-09
EL999863856,07109000,0710900000,00,VEG MIX,GR,300,4000,1,2026-04-09
EL999863856,19022099,1902209990,90,ORZO WITH MUSHROOMS AND PEPPERS,GR,300,4000,1,2026-02-24
EL999863856,21061080,2106108079,79,PROTEIN MIXTURE,GR,300,4000,1,2026-04-09
EORI 07994400153,17049099,1704909999,99,SUGAR CONFECTIONERY,IT,300,4000,1,2026-02-04
EORI 07994400153,18062080,1806208099,99,CHOCOLATE FLAVOUR COATING,IT,300,4000,1,2026-02-04
ES,76082089,7608208990,90,SPARE PARTS FOR IRRIGATION MACHINES,ES,300,4000,1,2026-04-12
ES,76090000,7609000090,90,SPARE PARTS FOR IRRIGATION MACHINES,ES,300,4000,1,2026-04-12
ESA08700197,28332400,2833240000,00,DRY MHP SAMPLE,ES,300,4000,1,2026-05-14
ESA83512400,32099000,3209900000,00,Other,ES,300,4000,1,2026-07-21
ESB09874397,20081995,2008199580,80,SUNFLOWER SEEDS,ES,300,4000,1,2026-06-22
ESB1581242,16041100,1604110030,30,FISH,ES,300,4000,1,2026-03-29
ESB1581242,16041421,1604142100,00,FISH,ES,300,4000,1,2026-03-29
ESB20531604,16041600,1604160090,90,FISH,ES,300,4000,1,2026-07-16
ESB73843724,04032011,0403201100,00,YOGURT,ES,300,4000,5,2026-08-13
ESB73843724,04032013,0403201300,00,YOGURT,ES,300,4000,5,2026-08-13
ESB73843724,04039051,0403905100,00,KEFIR,ES,300,4000,5,2026-08-13
ESB73843724,04039053,0403905300,00,KEFIR,ES,300,4000,5,2026-08-13
ESRES18865,16055500,1605550000,00,OCTOPUS,ES,300,4000,1,2026-04-19
ESREX10618,03048700,0304870090,90,FISH,ES,300,4000,1,2026-01-25
ESREX11087,20052020,2005202000,00,CRISPS,ES,300,4000,6,2026-06-17
ESREX11087,20052080,2005208000,00,CRISPS,ES,300,4000,5,2026-08-13
ESREX13144,85066000,8506600000,00,Airzinc,ES,300,4000,3,2026-04-30
ESREX1350,15179091,1517909100,00,VEGETABLE OIL,ES,300,4000,1,2026-07-06
ESREX17235,07108069,0710806990,90,ITALIAN MUSHROOMS,IT,300,4000,1,2026-05-31
ESREX2655,35040090,3504009091,91,EGGSHELL MEMBRANE POWDER,ES,300,4000,8,2026-08-03
ESREX2655,35040090,3504009099,99,EGGSHELL MEMBRANE POWDER,ES,300,4000,1,2026-01-05
ESREX4078,39232990,3923299000,00,PLASTIC SACKS,ES,300,4000,1,2026-06-09
ESREX4583,03075200,0307520000,00,Octopus Frozen,PT,300,4000,2,2026-07-16
ESREX5004,16041436,1604143690,90,TUNA,ES,300,4000,1,2026-01-21
ESREX597,16041600,1604160090,90,ANCHOVIES,ES,300,4000,1,2026-03-01
ESREX6711,16041436,1604143690,90,TUNA IN OLIVE OIL,ES,300,4000,1,2026-03-16
ESREX9377,29173985,2917398590,90,PIA,ES,300,4000,12,2026-06-05
EXREX2677,02101950,0210195010,10,HAMS,ES,300,4000,1,2026-04-17
EXREX2677,04064090,0406409000,00,CHEESE,ES,300,4000,2,2026-07-23
EXREX2677,04069099,0406909900,00,CHEESE,ES,300,4000,4,2026-07-23
EXREX2677,04090000,0409000090,90,NATURAL HONEY,ES,300,4000,2,2026-07-23
EXREX2677,15093000,1509300010,10,OLIVE OIL,ES,300,4000,2,2026-07-23
EXREX2677,16030080,1603008090,90,Seafood Bisque,ES,300,4000,1,2026-07-23
EXREX2677,16041600,1604160090,90,ANCHOVIES,ES,300,4000,1,2026-04-17
EXREX2677,19054090,1905409000,00,RUSKS TOASTED BREAD,ES,300,4000,1,2026-07-23
EXREX2677,20051000,2005100010,10,MIXTURES,ES,300,4000,1,2026-07-23
EXREX2677,20055100,2005510000,00,Beans shelled,ES,300,4000,1,2026-07-23
EXREX2677,20059910,2005991090,90,PIMENTOS,ES,300,4000,1,2026-07-23
EXREX2677,20059930,2005993090,90,Globe artichokes,ES,300,4000,1,2026-07-23
EXREX2677,20059980,2005998098,98,VEGETABLES,ES,300,4000,1,2026-07-23
EXREX2677,20060038,2006003881,81,PIQUILLO PEPPER,ES,300,4000,1,2026-07-23
EXREX2677,20079939,2007993919,19,FRUIT,ES,300,4000,2,2026-07-23
FI14650995,29153300,2915330000,00,PURE ACC,FI,300,4000,1,2026-06-18
FI14650995,39079110,3907911000,00,PURE RED,FI,300,4000,1,2026-06-18
FI18919760,85371098,8537109899,99,ELEVATOR MATERIAL,FI,300,4000,1,2026-07-14
FIRE18919760,73121081,7312108190,90,ELEVATOR MATERIAL,DE,300,4000,3,2026-01-06
FIRE18919760,84823000,8482300000,00,ELEVATOR MATERIAL,FI,300,4000,1,2026-05-18
FIRE18919760,85371098,8537109850,50,LIFT PARTS,FI,300,4000,2,2026-04-24
FIRE18919760,85371098,8537109899,99,ELEVATOR MATERIAL,FI,300,4000,91,2026-08-04
FIREX09710957,20049098,2004909880,80,CAULI WINGS,FI,300,4000,4,2026-07-13
FIREX18919760,73121049,7312104900,00,ELEVATOR MATERIAL,FI,300,4000,1,2026-03-19
FIREX18919760,84313100,8431310000,00,ELEVATOR MATERIAL,FI,300,4000,20,2026-08-14
FIREX18919760,85371098,8537109899,99,ELEVATOR MATERIAL,FI,300,4000,22,2026-08-14
FIREXFI18919760,85371098,8537109899,99,ELEVATOR MATERIAL,FI,300,4000,1,2026-05-08
FR REX20260CCF,04064010,0406401000,00,CHEESE,FR,300,4000,1,2026-08-04
FR REX20260CCF,04064090,0406409000,00,CHEESE,FR,300,4000,1,2026-08-04
FR REX20260CCF,04069082,0406908200,00,CHEESE,FR,300,4000,1,2026-08-04
FR REX20260CCF,04069084,0406908400,00,CHEESE,FR,300,4000,1,2026-08-04
FR REX20260CCF,04069089,0406908990,90,CHEESE,FR,300,4000,1,2026-08-04
FR REX20260CCF,04069092,0406909290,90,CHEESE,FR,300,4000,2,2026-08-04
FR REX20260CCF,04069099,0406909900,00,CHEESE,FR,300,4000,1,2026-08-04
FR00011579900001,19059080,1905908000,00,CORNETTO,IT,300,4000,2,2026-06-29
FR00011579900001,21069098,2106909869,69,CREME,IT,300,4000,2,2026-06-29
FR0003900107,16029099,1602909900,00,MEAT TERRINE AND MEAT MOUSSE,FR,300,4000,1,2026-06-10
FR2310799635,19059080,1905908000,00,BAKLAVA,GR,300,4000,1,2026-04-02
FR306450313,04069079,0406907990,90,Esrom,FR,300,4000,2,2026-05-27
FR306450313,04069082,0406908200,00,Camembert,FR,300,4000,2,2026-05-27
FR306450313,04069084,0406908400,00,Brie,FR,300,4000,1,2026-05-27
FR31684050300015,20079997,2007999770,70,CONFITURES,FR,300,4000,1,2026-04-30
FR327807210,21041000,2104100081,81,Soups and broths,FR,300,4000,1,
FR327807210,21041000,2104100089,89,Soups and broths,FR,300,4000,4,2026-07-22
FR3368583700019,04064010,0406401000,00,CHEESE,FR,300,4000,1,2026-03-04
FR3368583700019,04069089,0406908990,90,CHEESE,FR,300,4000,2,2026-03-04
FR3368583700019,04069099,0406909900,00,CHEESE,FR,300,4000,1,2026-03-04
FR35004427700027,16054000,1605400070,70,Other crustaceans Other,FR,300,4000,1,2026-02-26
FR35350963100019,46012990,4601299000,00,Paillons naturels,FR,300,4000,1,2026-02-05
FR41290533300040,09021000,0902100000,00,TEA,FR,300,4000,1,2026-05-20
FR41290533300040,17024090,1702409000,00,SWEETS,FR,300,4000,1,2026-05-20
FR41290533300040,17049071,1704907100,00,SWEETS,FR,300,4000,1,2026-05-20
FR41290533300040,17049099,1704909999,99,SWEETS,FR,300,4000,1,2026-05-20
FR41555028400012,20089759,2008975919,19,PISTASCHIO PASTE,FR,300,4000,2,2026-06-14
FR43327807210,21041000,2104100089,89,Soups and broths,FR,300,4000,1,2026-03-19
FR447557620,02101981,0210198190,90,COLD CUTS,FR,300,4000,1,2026-07-30
FR46572091817,07123900,0712390039,39,Mushrooms,TR,300,4000,1,2026-03-03
FR46572091817,25010091,2501009100,00,SALT,FR,300,4000,1,2026-03-03
FR532524444,04032019,0403201900,00,GREEK YOGOURT,GR,300,4000,3,2026-05-14
FR532524444,04069032,0406903200,00,FETA,GR,300,4000,3,2026-05-14
FR532524444,04069089,0406908990,90,HALLOUMI,GR,300,4000,3,2026-05-14
FR532524444,15092000,1509200090,90,ORGANIC EXTRA VIRGIN OLIVE OIL,GR,300,4000,2,2026-05-14
FR532524444,19059080,1905908000,00,PITA BREADS,GR,300,4000,2,2026-05-14
FR532524444,20019065,2001906590,90,OLIVES IN BRINE,GR,300,4000,2,2026-05-14
FR532524444,21039090,2103909089,89,FIG BALSAMIC,GR,300,4000,1,2026-01-29
FR547150730,62043990,6204399090,90,MARKETING MATERIALJACKETS,FR,300,4000,1,2026-03-26
FR56278046000019,02101981,0210198190,90,COLD CUTS,FR,300,4000,2,2026-04-17
FR56278046000019,16010091,1601009190,90,SAUSAGES,FR,300,4000,3,2026-08-13
FR75319242600017,19059080,1905908000,00,MINI BLINI,FR,300,4000,8,2026-07-23
FR76507991123,84272011,8427201100,00,MFTH.6030 NEW AGRICULTURAL TELESCOPIC HANDLER,FR,300,4000,7,2026-07-20
FR78405500014,22042178,2204217810,10,WINE,FR,300,4000,1,2026-05-14
FR78405500014,22042178,2204217890,90,WINE,FR,300,4000,1,2026-05-14
FR788267292,07108069,0710806990,90,MUSHROOMS,FR,300,4000,2,2026-02-03
FR802395988,20054000,2005400000,00,CRISPS,FR,300,4000,1,2026-05-14
FR80310524600026,48116000,4811600090,90,PACKAGING,FR,100,4000,4,2026-07-23
FR82026648400014,04032099,0403209900,00,YOGHURT,FR,300,4000,11,2026-06-04
FR82026648400014,04039011,0403901100,00,YOGHURT,FR,300,4000,11,2026-06-04
FR82026648400014,04039069,0403906900,00,YOGHURT,FR,300,4000,11,2026-06-04
FR82026648400014,04039071,0403907100,00,YOGHURT,FR,300,4000,11,2026-06-04
FR83368583700019,04015039,0401503990,90,Creme,FR,300,4000,7,2026-08-04
FR83368583700019,04061050,0406105090,90,SAVARIN,FR,300,4000,4,2026-08-04
FR83368583700019,04064010,0406401000,00,Roquefort,FR,300,4000,11,2026-08-04
FR83368583700019,04064090,0406409000,00,Blueveined cheese,FR,300,4000,10,2026-08-04
FR83368583700019,04069061,0406906100,00,PARMIGIANO REGGIANO,FR,300,4000,1,
FR83368583700019,04069079,0406907990,90,SaintNectaire,FR,300,4000,5,2026-08-04
FR83368583700019,04069081,0406908190,90,Cantal,FR,300,4000,1,2026-06-28
FR83368583700019,04069089,0406908990,90,Croix,FR,300,4000,19,2026-08-04
FR83368583700019,04069093,0406909300,00,PONT,FR,300,4000,4,2026-08-04
FR83368583700019,04069099,0406909900,00,LANGRES,FR,300,4000,17,2026-08-04
FR89615004200043,16029099,1602909900,00,DUCK RILLETES,FR,300,4000,1,2026-02-19
FR953911906,18063210,1806321000,00,CHOCOLATE PRODUCTS,FR,300,4000,1,2026-05-20
FR953911906,18063290,1806329000,00,CHOCOLATE PRODUCTS,FR,300,4000,1,2026-05-20
FRREX20170201,22041011,2204101100,00,CHAMPAGNE,FR,300,4000,1,2026-02-19
FRREX20170710,22029911,2202991199,99,SOYA DRINK,FR,300,4000,12,2026-08-17
FRREX20170724,22042178,2204217810,10,WINE,FR,300,4000,2,2026-05-20
FRREX20170724,22042178,2204217890,90,WINE,FR,300,4000,5,2026-07-30
FRREX20170724,22042179,2204217910,10,WINE,FR,300,4000,4,2026-07-30
FRREX20170724,22042182,2204218210,10,WINE,FR,300,4000,2,2026-07-30
FRREX20171176,04064010,0406401000,00,Roquefort,FR,300,4000,3,2026-01-22
FRREX20171176,04064090,0406409000,00,Blueveined cheese,FR,300,4000,3,2026-01-22
FRREX20171176,04069015,0406901500,00,Gruyère,FR,300,4000,3,2026-01-22
FRREX20171176,04069078,0406907800,00,Gouda,FR,300,4000,1,2026-01-14
FRREX20171176,04069079,0406907990,90,SaintPaulin,FR,300,4000,1,2026-01-22
FRREX20171176,04069082,0406908200,00,Camembert,FR,300,4000,3,2026-01-22
FRREX20171176,04069084,0406908400,00,Brie,FR,300,4000,2,2026-01-14
FRREX20171176,04069089,0406908990,90,Tome Grasse,FR,300,4000,1,2026-01-22
FRREX20171176,04069092,0406909290,90,From. Gras,FR,300,4000,5,2026-01-22
FRREX20182342,21039090,2103909019,19,WILD MUSHROOMS,FR,300,4000,2,2026-06-17
FRREX20182342,21039090,2103909089,89,WILD MUSHROOMS,IT,300,4000,3,2026-07-21
FRREX20182392,28183000,2818300090,90,APYRAL 40CD,DE,300,4000,1,2026-07-17
FRREX20182392,39079110,3907911000,00,RESINS,FR,300,4000,1,2026-02-10
FRREX20183442,39235090,3923509000,00,Stoppers lids caps and other closures,FR,300,4000,5,2026-07-20
FRREX20183442,73102191,7310219100,00,METAL PACKAGING,FR,300,4000,8,2026-07-20
FRREX20183467,21033090,2103309090,90,MUSTARD,FR,300,4000,9,2026-08-10
FRREX20194084,04064010,0406401000,00,ROQUEFORT,FR,300,4000,7,2026-07-30
FRREX20194084,04069092,0406909290,90,CHEESE,FR,300,4000,8,2026-07-30
FRREX20194087,04015039,0401503990,90,CREAM,FR,300,4000,13,2026-08-13
FRREX20194087,04051019,0405101900,00,BUTTER,FR,300,4000,13,2026-08-13
FRREX20194326,04069015,0406901500,00,CHEESE,FR,300,4000,7,2026-07-10
FRREX20200035,63023100,6302310000,00,DUVET COVERS AND PILLOW CASES,FR,300,4000,1,2026-05-26
FRREX20200035,63026000,6302600090,90,SHOWER TOWELS,FR,300,4000,1,2026-05-26
FRREX20207511,16022010,1602201000,00,MEAT PRODUCTS,FR,300,4000,1,2026-01-29
FRREX20207511,16023929,1602392900,00,MEAT PRODUCTS,FR,300,4000,2,2026-01-29
FRREX20210012,04069084,0406908400,00,CHEESE,FR,300,4000,14,2026-08-13
FRREX20210012,04069099,0406909900,00,CHEESE,FR,300,4000,14,2026-08-13
FRREX20211500,28353900,2835390000,00,FR CROS 484,ES,300,4000,1,2026-02-17
FRREX20211500,29054200,2905420000,00,MICRONIZED POLYALCOHOLS,DE,300,4000,1,2026-02-17
FRREX20211500,29145000,2914500090,90,UVASORB,CN,100,4000,1,2026-02-17
FRREX20211500,29171200,2917120090,90,ADIPIC ACID,FR,300,4000,2,2026-06-29
FRREX20211500,29232000,2923200000,00,SOYA LECITHIN,FR,300,4000,1,2026-02-26
FRREX20211500,29336100,2933610000,00,MELAFINE,NL,300,4000,1,2026-02-17
FRREX20211500,32061100,3206110085,85,RTC90 TIONA 595 RCL595,GB,100,4000,1,2026-02-02
FRREX20211500,32089019,3208901990,90,WETTING ADDITIVE BYK,DE,300,4000,1,2026-02-17
FRREX20211500,34029010,3402901090,90,BYK,DE,300,4000,1,2026-02-17
FRREX20211500,38249996,3824999699,99,MOUSSEX,FR,300,4000,1,2026-02-17
FRREX20211500,39069090,3906909090,90,UPEX 1811290,FR,300,4000,1,2026-03-03
FRREX20211500,39079110,3907911000,00,RESIN SOLUTION,FR,300,4000,48,2026-08-10
FRREX20211500,39206100,3920610090,90,POLYFLAKE,US,100,4000,2,2026-03-12
FRREX20211678,22042113,2204211310,10,WINE,FR,300,4000,2,2026-03-26
FRREX20211678,22042143,2204214310,10,WINE,FR,300,4000,1,2026-03-26
FRREX20215053,04069079,0406907990,90,Taleggio,FR,300,4000,4,2026-07-22
FRREX20215053,04069082,0406908200,00,Camembert,FR,300,4000,4,2026-07-22
FRREX20215053,04069084,0406908400,00,Brie,FR,300,4000,3,2026-07-22
FRREX20215568,04069099,0406909900,00,CHEESE,FR,300,4000,3,2026-08-13
FRREX20215569,04061080,0406108080,80,CHEESE,FR,300,4000,8,2026-07-23
FRREX20215569,04064090,0406409000,00,CHEESE,FR,300,4000,8,2026-07-23
FRREX20215569,04069079,0406907990,90,SAINT NECTAIRE,FR,300,4000,1,2026-01-23
FRREX20215569,04069081,0406908190,90,CANTAL,FR,300,4000,1,2026-01-23
FRREX20215594,22042179,2204217910,10,STILL WINE,FR,300,4000,4,2026-07-02
FRREX20215594,22042180,2204218010,10,STILL WINE,FR,300,4000,6,2026-07-02
FRREX20215611,04069092,0406909290,90,CHEESE,FR,300,4000,6,2026-08-13
FRREX20220004,04069069,0406906900,00,CHEESE,FR,300,4000,6,2026-07-30
FRREX20220033,22029919,2202991999,99,gin jnp non alcoholic,FR,300,0700,2,2026-03-03
FRREX20220033,22041091,2204109100,00,ITALIAN WINE,IT,300,0700,1,2026-04-16
FRREX20220033,22041093,2204109300,00,franciacorta barone pizzini,IT,300,0700,3,2026-04-16
FRREX20220033,22042106,2204210600,00,ITALIAN WINE,IT,300,0700,1,2026-04-16
FRREX20220033,22042112,2204211290,90,ITALIAN WINE,IT,300,0700,4,2026-04-16
FRREX20220033,22042118,2204211890,90,ITALIAN WINE,IT,300,0700,2,2026-04-16
FRREX20220033,22042124,2204212410,10,frascati superiore,FR,300,0700,1,2026-02-16
FRREX20220033,22042127,2204212710,10,wine alois lageder,FR,300,0700,3,2026-03-03
FRREX20220033,22042138,2204213810,10,ITALIAN WINE,IT,300,0700,1,
FRREX20220033,22042138,2204213890,90,verdicchio castelli,FR,300,0700,1,2026-02-16
FRREX20220033,22042142,2204214290,90,ITALIAN WINE,IT,300,0700,1,
FRREX20220033,22042162,2204216290,90,ITALIAN WINE,IT,300,0700,4,2026-04-16
FRREX20220033,22042166,2204216690,90,ITALIAN WINE,IT,300,0700,4,2026-04-16
FRREX20220033,22042179,2204217910,10,ITALIAN WINE,IT,300,0700,5,2026-04-16
FRREX20220033,22042179,2204217990,90,ITALIAN WINE,IT,300,0700,3,2026-04-16
FRREX20220033,22042180,2204218090,90,ITALIAN WINE,IT,300,0700,3,2026-04-16
FRREX20220033,22042182,2204218290,90,ITALIAN WINE,IT,300,0700,1,
FRREX20220033,22042183,2204218390,90,wine emidio pepe trebbiano dabruzzo,FR,300,0700,1,2026-03-03
FRREX20220033,22042184,2204218410,10,ITALIAN WINE,IT,300,0700,1,2026-04-16
FRREX20220033,22042184,2204218490,90,ITALIAN WINE,IT,300,0700,6,2026-04-16
FRREX20220033,22042190,2204219010,10,ITALIAN WINE,IT,300,0700,1,
FRREX20220033,22042191,2204219110,10,ITALIAN WINE,IT,300,0700,1,2026-04-16
FRREX20220033,22042232,2204223290,90,wine marcarini,FR,300,0700,1,2026-03-03
FRREX20220330,04061050,0406105090,90,CHEESE,FR,300,4000,12,2026-08-13
FRREX20220417,04069089,0406908990,90,CHEESE,FR,300,4000,8,2026-08-13
FRREX20220417,04069092,0406909290,90,CHEESE,FR,300,4000,9,2026-08-13
FRREX20220417,04069093,0406909300,00,CHEESE,FR,300,4000,9,2026-08-13
FRREX20220439,09051000,0905100000,00,ORGANIC BOURBON VANILLA PODS,FR,300,4000,1,2026-05-20
FRREX20220439,13021905,1302190500,00,VANILA EXTRACT,FR,300,4000,2,2026-05-20
FRREX20220439,33021090,3302109000,00,BOURBON VANILLA PASTE,FR,300,4000,1,2026-02-26
FRREX20220450,22041093,2204109300,00,WINE,FR,300,4000,2,2026-03-12
FRREX20220450,22041093,2204109390,90,WINE,FR,300,4000,2,2026-07-23
FRREX20220450,22042111,2204211110,10,WINE,FR,300,4000,4,2026-07-23
FRREX20220450,22042178,2204217810,10,WINE,FR,300,4000,1,2026-01-22
FRREX20220450,22060010,2206001000,00,PIQUETTE,FR,300,4000,3,2026-07-23
FRREX20221281,18069039,1806903900,00,CHOCOLATE CUPS AND DESSERT SHELLS READY TO FILL CONFECTIONERY ITEMS,BE,300,4000,13,2026-08-12
FRREX20221281,19053130,1905313000,00,READY TO EAT BISCUITS READY PREPARED,FR,300,4000,21,2026-08-03
FRREX20221281,19053199,1905319900,00,SPONGE FINGERS,BE,300,4000,54,2026-08-13
FRREX20221281,19053219,1905321900,00,SWEET WAFFLE AND WAFERS CHOCOLATE COATED READY FOR FILLING,FR,300,4000,2,2026-07-21
FRREX20221281,19053299,1905329900,00,SWEET WAFFLE AND WAFER BAKERY CONES AND SHELLS BAKED READY FOR FOOD USE,BE,300,4000,91,2026-08-17
FRREX20221281,19059055,1905905500,00,SPONGE CAKE SHEETS AND BAKERY BASES FOR FOOD PREPARATION,FR,300,4000,68,2026-08-17
FRREX20221281,19059070,1905907000,00,SWEET AND SAVOURY PASTRY TART SHELLS AND SABLE BASES READY FOR FILLING,FR,300,4000,136,2026-08-17
FRREX20221281,19059080,1905908000,00,BAKED PASTRY PRODUCTS INCLUDING QUICHE SHEELS TARTLETS AND BAKERY BASES,FR,300,4000,206,2026-08-17
FRREX20221281,39231090,3923109090,90,CLEAR PLASTIC PACKAGING FOR SMALL PASTRY ITEMS,BE,300,4000,3,2026-07-08
FRREX20221281,39232100,3923210000,00,SACKS AND BAGS FOR PASTRYS,BE,300,4000,1,2026-02-18
FRREX20221281,39239000,3923900000,00,BUBBLE WRAP SHEET,BE,300,4000,3,2026-07-22
FRREX20221281,44152090,4415209000,00,PALLETS,BE,300,4000,2,2026-02-03
FRREX2023704C,19059045,1905904500,00,BISCUITS,FR,300,4000,4,2026-06-11
FRREX2023A0D5,22041011,2204101100,00,CHAMPAGNE,FR,300,0700,1,2026-01-27
FRREX2024838A,39202021,3920202190,90,PACKAGING,FR,300,4000,1,2026-07-23
FRREX2024838A,48119000,4811900090,90,PACKAGING,FR,100,4000,2,2026-07-23
FRREX2024838A,48192000,4819200000,00,PACKAGING,FR,100,4000,1,2026-04-17
FRREX2024838A,48194000,4819400000,00,PACKAGING,FR,100,4000,2,2026-07-23
FRREX2025253C,19059070,1905907000,00,CHOCOLATE GENOISE SPONGE CAKE READY TO EAT,FR,300,4000,1,2026-03-19
FRREX2025253C,19059080,1905908000,00,READY TO EAT MACARON SHELLS,FR,300,4000,7,2026-03-19
FRREX2025CED0,04069099,0406909900,00,CHEESE,FR,300,4000,10,2026-07-23
FRREX2025F72E,29161100,2916110010,10,GLACIAL ACRYLIC ACID,FR,300,4000,3,2026-03-27
FRREX2025F72E,29161400,2916140090,90,CHEMICALS,FR,300,4000,1,2026-01-12
FRREX2025F72E,34024200,3402420090,90,SURFALINE,BE,300,4000,1,2026-04-20
FRREX2025F72E,39072920,3907292090,90,CHEMICALS,BE,300,4000,1,2026-03-10
FRREX20260CCF,04032019,0403201900,00,Yogurt,FR,300,4000,5,2026-04-28
FRREX20260CCF,04032053,0403205300,00,Yogurt,FR,300,4000,7,2026-06-28
FRREX20260CCF,04032099,0403209900,00,Yogurt,FR,300,4000,1,2026-04-17
FRREX20260CCF,04064010,0406401000,00,Roquefort,FR,300,4000,10,2026-07-22
FRREX20260CCF,04064090,0406409000,00,Pate Persille,FR,300,4000,9,2026-07-22
FRREX20260CCF,04069015,0406901500,00,Gruyère,FR,300,4000,9,2026-07-09
FRREX20260CCF,04069078,0406907800,00,Gouda,FR,300,4000,2,2026-07-22
FRREX20260CCF,04069079,0406907990,90,SaintPaulin,FR,300,4000,9,2026-07-22
FRREX20260CCF,04069082,0406908200,00,Camembert,FR,300,4000,8,2026-07-22
FRREX20260CCF,04069084,0406908400,00,Brie,FR,300,4000,13,2026-07-22
FRREX20260CCF,04069089,0406908990,90,Tome Grasse,FR,300,4000,12,2026-07-22
FRREX20260CCF,04069092,0406909210,10,Chevre Brebis,FR,300,4000,1,2026-03-04
FRREX20260CCF,04069092,0406909290,90,P.Molle,FR,300,4000,31,2026-07-22
FRREX2083005,16024290,1602429000,00,FISH SOUP,FR,300,4000,1,
FRREX2083005,16055200,1605520020,20,FISH SOUP,FR,300,4000,1,
GB362346012,19059055,1905905500,00,BOUGATSA WITH CHEESE,IT,300,4000,1,2026-07-01
GB446074744,39235010,3923501000,00,BOTTLE OPENERS AND STOPPERS,FR,300,4000,1,2026-06-05
GB446074744,82055100,8205510000,00,BOTTLE OPENER CHAINS,FR,300,4000,1,2026-06-05
GB446074744,95030095,9503009590,90,MODELS OF AGRICULTRUAL SPRAY MACHINES,FR,300,4000,1,2026-06-05
GB446074744,96081010,9608101000,00,PROMOTIONAL PENS,FR,300,4000,1,2026-06-05
GR073157376,19059045,1905904500,00,BISCUITS,GR,300,4000,2,2026-02-22
GR082088390,19059080,1905908000,00,TRADITIONAL CHEESE PIES,GR,300,4000,8,2026-08-04
GR091242892,19054090,1905409000,00,Rusks toasted bread,GR,300,4000,1,2026-07-22
GR094091058,22021000,2202100000,00,ORANGEADE,GR,300,4000,3,2026-07-25
GR094449779,19054090,1905409000,00,Rusks,GR,300,4000,2,2026-04-28
GR09449779,19054090,1905409000,00,TSATSAKIS,IT,300,4000,1,2026-04-20
GR0949058,22021000,2202100000,00,FLAVOURED WATER,GR,300,4000,1,2026-02-17
GR099346780,02101219,0210121900,00,BELLIE PORK,GR,300,4000,1,2026-03-03
GR099346780,02102090,0210209099,99,MEANS,GR,300,4000,1,2026-03-03
GR099346780,16010091,1601009190,90,SAUSAGES,GR,300,4000,2,2026-08-01
GR099346780,16010099,1601009999,99,MEANS,GR,300,4000,2,2026-08-01
GR099346780,16023211,1602321190,90,CHICKEN CUTS,GR,300,4000,2,2026-08-01
GR099346780,16024915,1602491500,00,PORK GYROS,GR,300,4000,1,2026-03-03
GR099346780,16029091,1602909100,00,MEANS,GR,300,4000,1,2026-03-03
GR107710998,07133900,0713390000,00,BEANS,GR,300,4000,3,2026-02-17
GR107710998,12119086,1211908640,40,PLANTS,GR,300,4000,1,2026-02-17
GR107710998,19023010,1902301080,80,PASTA,GR,300,4000,1,2026-02-17
GR2310799635,19059080,1905908000,00,BAKLAVA,GR,300,4000,1,2026-04-28
GR271826589,21039090,2103909089,89,SOFT EDESMA,GR,300,4000,1,2026-01-21
GR271826589,21069098,2106909869,69,CRUNCHY CHEESE SALADS,GR,300,4000,1,2026-01-21
GR800640632,19012000,1901200000,00,PITA WHEAT FLOUR,GR,300,4000,1,2026-06-09
GR800834832,22042138,2204213890,90,WINE,IT,300,4000,1,2026-07-21
GR800834832,22042183,2204218310,10,WINE,IT,300,4000,1,2026-07-21
GR800834832,22042184,2204218410,10,WINE,IT,300,4000,1,2026-07-21
GR800901793,22042183,2204218310,10,WHITE WINES,GR,300,4000,2,2026-01-05
GR800901793,22042184,2204218410,10,ROSE AND RED WINE,GR,300,4000,1,2026-01-05
GR800901793,22042184,2204218490,90,KIFEAS RED,GR,300,4000,1,2026-01-05
GR800904598,19059080,1905908000,00,CHICKEN PIE,GR,300,4000,1,2026-06-09
GR800934879,21069098,2106909830,30,GREEK DESSERT,GR,300,4000,1,2026-07-22
GR801280552,16024915,1602491500,00,PRECOOKED CHICKEN GYROS,GR,300,4000,1,2026-03-10
GR802143715,21039090,2103909019,19,MUSTARD,GR,300,4000,1,2026-05-27
GR802143715,21069098,2106909869,69,TYROSALATA,GR,300,4000,2,2026-07-14
GR802225630,68022100,6802210000,00,TILES,GR,300,4000,1,2026-01-21
GR802237523,16025010,1602501090,90,BEEF SAUSAGES,GR,300,4000,2,2026-03-10
GR802332876,19059055,1905905500,00,PIES,GR,300,4000,2,2026-01-27
GR802403093,19059080,1905908000,00,PETIT FLOUR WITH FLAVOURS,GR,300,4000,1,2026-03-24
GR802425031,04032019,0403201900,00,YOGHURT,GR,300,4000,1,2026-07-22
GR802425031,04069001,0406900100,00,WHITE CHEESE,GR,300,4000,1,2026-07-22
GR802425031,04069032,0406903200,00,FETA CHEESE,GR,300,4000,1,2026-07-22
GR802425031,19019091,1901909100,00,EDESMA,GR,300,4000,1,2026-07-22
GR802525416,15092000,1509200010,10,EXTRA VIRGIN OLIVE OIL,GR,300,4000,1,2026-04-20
GR902320299,94036010,9403601000,00,TABLES WITH MARBLE LACQUER,GR,300,4000,1,2026-01-21
GR988833565,16023211,1602321190,90,FROZEN CHICKEN SOUVLAKI,GR,300,4000,1,2026-07-30
GR988833565,16023219,1602321990,90,GRILLED CHICKEN GYROS,GR,300,4000,1,2026-07-30
GR998575492,04069032,0406903200,00,FETA CHEESE,GR,300,4000,1,2026-03-11
GR998575492,04069050,0406905000,00,WHITE CHEESE,GR,300,4000,1,2026-03-11
GRREEX4019A800414801,15092000,1509200010,10,EXTRA VIRGIN OLIVE OIL,GR,300,4000,1,2026-05-05
GRREX0700A0924442430,22029919,2202991999,99,FRUIT FLAVOURED JUICES,GR,300,4000,1,2026-07-14
GRREX0700A094099646,22041098,2204109810,10,WINE,GR,300,4000,1,2026-06-16
GRREX0700A094099646,22042138,2204213810,10,WINE,GR,300,4000,1,2026-06-16
GRREX0700A094099646,22042138,2204213890,90,WINE,GR,300,4000,3,2026-06-16
GRREX0700A094099646,22042178,2204217810,10,WINE,GR,300,4000,1,2026-06-16
GRREX0700A094099646,22042178,2204217890,90,WINE,GR,300,4000,1,2026-06-16
GRREX0700A094099646,22042179,2204217910,10,WINE,GR,300,4000,4,2026-06-16
GRREX0700A094099646,22042180,2204218010,10,WINE,GR,300,4000,3,2026-06-16
GRREX0700A094099646,22042180,2204218090,90,WINE,GR,300,4000,1,2026-06-16
GRREX0700A094099646,22042181,2204218110,10,WINE,GR,300,4000,2,2026-06-16
GRREX0700A094099646,22042182,2204218210,10,WINE,GR,300,4000,3,2026-06-16
GRREX0700A094099646,22042183,2204218310,10,WINE,GR,300,4000,1,2026-06-16
GRREX0700A094099646,22042193,2204219329,29,WINE,GR,300,4000,1,2026-06-16
GRREX0700A094099646,22082028,2208202800,00,TSIPOURO,GR,300,4000,1,2026-06-16
GRREX0700A094099646,22089041,2208904100,00,OUZO,GR,300,4000,2,2026-06-16
GRREX0700A094185689,04069001,0406900100,00,CHEESE,GR,300,4000,4,2026-05-19
GRREX0700A094185689,04069032,0406903200,00,FETA CHEESE,GR,300,4000,10,2026-07-29
GRREX0700A094185689,04069035,0406903500,00,CHEESE,GR,300,4000,3,2026-07-08
GRREX0700A094185689,04069085,0406908500,00,CHEESE,GR,300,4000,4,2026-07-29
GRREX0700A094442430,22021000,2202100000,00,SOFT DRINKS,GR,300,4000,2,2026-05-27
GRREX0700A094442430,22029919,2202991999,99,ORANGE DRINK,GR,300,4000,3,2026-05-27
GRREX0700A094442430,22029999,2202999990,90,DRINKS,GR,300,4000,1,2026-01-27
GRREX0700A099805602,08029990,0802999000,00,NUTS,GR,300,4000,1,2026-03-24
GRREX0700A099805602,18061090,1806109000,00,COCOA POWDER,GR,300,4000,1,2026-03-24
GRREX0700A099805602,18069011,1806901100,00,HARMONY READY NEUTRAL,GR,300,4000,1,2026-03-24
GRREX0700A099805602,18069090,1806909099,99,NEGRELLA BITTER,GR,300,4000,1,2026-03-24
GRREX0700A099805602,19012000,1901200000,00,TART SHELLS,GR,300,4000,1,2026-03-24
GRREX0700A099805602,19059045,1905904500,00,PASTRIES,GR,300,4000,1,2026-03-24
GRREX0700A099805602,20079920,2007992090,90,CHESNUT PUREE,GR,300,4000,1,2026-03-24
GRREX0700A099805602,20081913,2008191380,80,PASTA,GR,300,4000,1,2026-03-24
GRREX0700A099805602,21069030,2106903090,90,DELI ORANGE,GR,300,4000,1,2026-03-24
GRREX0700A099805602,21069098,2106909869,69,PASTA,GR,300,4000,1,2026-03-24
GRREX0700A801958469,07099210,0709921000,00,OLIVES,GR,300,4000,1,2026-06-17
GRREX0700A801958469,15092000,1509200010,10,EXTRA VIRGIN OLIVE OIL,GR,300,4000,4,2026-06-17
GRREX0700A801958469,48191000,4819100000,00,PACKAGING FOR FOOD,GR,300,4000,1,2026-06-17
GRREX0700A80198469,07099210,0709921000,00,OLIVES,GR,300,4000,2,2026-07-21
GRREX0700A802287108,04032019,0403201900,00,Yogurt,GR,300,4000,2,2026-06-04
GRREX0700A802287108,21069098,2106909842,42,TZATZIKI,GR,300,4000,1,2026-06-04
GRREX0700A802287108,21069098,2106909860,60,TZATZIKI,GR,300,4000,2,2026-07-22
GRREX0700A802287108,21069098,2106909869,69,TZATZIKI,GR,300,4000,19,2026-08-04
GRREX0700A82287108,21069098,2106909869,69,TZATZIKI,GR,300,4000,1,2026-04-02
GRREX0700A99805602,18050000,1805000000,00,COCOA POWDER,GR,300,4000,1,2026-07-07
GRREX0700A99805602,19012000,1901200000,00,TWIN CHOCO,GR,300,4000,1,2026-07-07
GRREX0700A99805602,20081913,2008191380,80,PASTA PISTACCHIO,GR,300,4000,1,2026-07-07
GRREX0700A99805602,21069030,2106903090,90,ORANGE CREAM,GR,300,4000,1,2026-07-07
GRREX0700A998383758,19012000,1901200000,00,PIES,GR,300,4000,1,2026-05-06
GRREX0700A998383758,19059080,1905908000,00,SPINACH PIES,GR,300,4000,13,2026-08-05
GRREX0700A99838758,19059080,1905908000,00,SPINACH PIES AND CHICKEN PIES,GR,300,4000,1,2026-06-23
GRREX0700A9985901013,20057000,2005700000,00,OLIVES IN JARS,GR,300,4000,1,2026-05-29
GRREX0700A998591013,20057000,2005700000,00,OLIVES,GR,300,4000,1,2026-01-26
GRREX0700A998761227,15092000,1509200010,10,EXTRA VIRGIN OLIVE OIL,GR,300,4000,1,2026-02-11
GRREX0700A998833565,16010091,1601009190,90,SAUSAGES,GR,300,4000,5,2026-06-17
GRREX0700A998833565,16023211,1602321190,90,CHICKEN GYROS,GR,300,4000,17,2026-08-05
GRREX0700A998833565,16023219,1602321990,90,CHICKEN GYROS,GR,300,4000,8,2026-06-23
GRREX0700A998833565,16024915,1602491500,00,PORK GYROS,GR,300,4000,5,2026-03-20
GRREX0700A998833565,16024919,1602491990,90,PORK GYROS,GR,300,4000,7,2026-08-05
GRREX0700A998833565,16025010,1602501090,90,BURGERS KEBABS,GR,300,4000,1,2026-01-20
GRREX0700A998833565,16029061,1602906100,00,FROZEN KEBAB,GR,300,4000,1,2026-03-04
GRREX0700A998835565,16023211,1602321190,90,CHICKEN GYROS,GR,300,4000,1,2026-07-07
GRREX0700A998835565,16023219,1602321990,90,GRILLED CHICKEN GYROS,GR,300,4000,1,2026-07-07
GRREX0700A99883565,16010091,1601009190,90,SAUSAGES,GR,300,4000,1,2026-08-10
GRREX0700A99883565,16023211,1602321190,90,CHICKEN,GR,300,4000,1,2026-08-10
GRREX0700A99883565,16023219,1602321990,90,CHICKEN GYROS,GR,300,4000,1,2026-08-10
GRREX0700A99883565,16024919,1602491990,90,PORK GYROS,GR,300,4000,1,2026-08-10
GRREX0700A998898582,22030001,2203000100,00,RED ALE 330ml,GR,300,4000,5,2026-01-21
GRREX070998761227,15092000,1509200010,10,EXTRA VIRGIN OLIVE OIL,GR,300,4000,1,2026-05-27
GRREX070A998761227,15092000,1509200010,10,EXTRA VIRGIN OLIVE OIL,GR,300,4000,1,2026-03-24
GRREX096037930,22042179,2204217910,10,WINE,GR,300,4000,3,2026-01-21
GRREX096037930,22042179,2204217990,90,WINE,GR,300,4000,1,2026-01-21
GRREX096037930,22042983,2204298310,10,WINE,GR,300,4000,1,2026-01-21
GRREX096037930,22082028,2208202800,00,OUZO,GR,300,4000,1,2026-01-21
GRREX096037930,22089041,2208904100,00,OUZO,GR,300,4000,1,2026-01-21
GRREX2015A02086439,19059080,1905908000,00,WALNUT PIES,GR,300,4000,1,2026-07-21
GRREX2015A081465176,09101200,0910120000,00,GEMISTA,GR,300,4000,1,2026-06-24
GRREX2015A081465176,16025095,1602509590,90,MEATBALLS,GR,300,4000,2,2026-06-24
GRREX2015A081465176,19021100,1902110090,90,LENTILS,GR,300,4000,1,2026-06-24
GRREX2015A081465176,19023090,1902309090,90,SPAGHETTI ZITI ORZO,GR,300,4000,1,2026-06-24
GRREX2015A081465176,19049010,1904901000,00,DOLMADAKIA,GR,300,4000,2,2026-06-24
GRREX2015A081465176,20021011,2002101100,00,TOMATOES,GR,300,4000,1,2026-01-05
GRREX2015A081465176,20049091,2004909100,00,STIFADO,GR,300,4000,2,2026-06-24
GRREX2015A081465176,20059980,2005998098,98,BAYILDI,GR,300,4000,2,2026-06-24
GRREX2015A081465176,21069092,2106909285,85,GIANT BEANS,GR,300,4000,2,2026-06-24
GRREX2015A082088390,19059080,1905908000,00,TRADITIONAL PIES,GR,300,4000,5,2026-04-28
GRREX2015A092176882,19059080,1905908000,00,PASTRY PIES,GR,300,4000,9,2026-07-26
GRREX2015A092443755,04032011,0403201100,00,YOGURT,GR,300,4000,11,2026-07-08
GRREX2015A092443755,04032019,0403201900,00,YOGURT,GR,300,4000,39,2026-08-03
GRREX2015A092443755,04061050,0406105090,90,CHEESE,GR,300,4000,31,2026-08-03
GRREX2015A092443755,04063031,0406303100,00,PROCESSED CHEESE,GR,300,4000,1,2026-03-03
GRREX2015A092443755,04069032,0406903200,00,FETA CHEESE,GR,300,4000,15,2026-08-18
GRREX2015A092443755,04069069,0406906900,00,CHEESE,GR,300,4000,1,2026-03-03
GRREX2015A092443755,04069085,0406908500,00,CHEESE,GR,300,4000,5,2026-07-22
GRREX2015A092443755,04069086,0406908690,90,CHEESE,GR,300,4000,2,2026-06-16
GRREX2015A092443755,04069089,0406908990,90,CHEESE,GR,300,4000,1,2026-07-22
GRREX2015A092443755,19019091,1901909100,00,EDESMA,GR,300,4000,7,2026-07-26
GRREX2015A092443755,21069098,2106909869,69,V CHEDDAR FLAVOUR SLICES,GR,300,4000,11,2026-08-03
GRREX2015A092975667,19054090,1905409000,00,PIT FOUR CRISPY PEANUT,GR,300,4000,1,2026-05-27
GRREX2015A094032986,20057000,2005700000,00,Olives,GR,300,4000,2,2026-07-30
GRREX2015A094069654,21069098,2106909869,69,BEEF MEATBALLS,GR,300,4000,1,2026-06-23
GRREX2015A094104464,22021000,2202100000,00,SOFT DRINKS,GR,300,4000,3,2026-06-17
GRREX2015A094118813,15092000,1509200010,10,EXTRA VIRGIN OLIVE OIL,GR,300,4000,1,2026-02-25
GRREX2015A094118813,20057000,2005700000,00,OLIVES,GR,300,4000,1,2026-02-25
GRREX2015A094123792,04069089,0406908990,90,CHEESE,GR,300,4000,4,2026-07-14
GRREX2015A094132463,12089000,1208900090,90,MACED TAHINI,GR,300,4000,1,2026-04-08
GRREX2015A094132463,20081919,2008191980,80,MACED TAHINI,GR,300,4000,1,2026-06-16
GRREX2015A094132463,20081999,2008199980,80,PASTE,GR,300,4000,1,2026-01-03
GRREX2015A094152880,22042179,2204217910,10,WHITE WINE,GR,300,4000,3,2026-05-14
GRREX2015A094152880,22042180,2204218010,10,RED WINE,GR,300,4000,3,2026-05-14
GRREX2015A094152880,22042180,2204218090,90,RED WINE,GR,300,4000,2,2026-05-14
GRREX2015A094152880,22042182,2204218210,10,ROSE WINE,GR,300,4000,2,2026-05-14
GRREX2015A09416295,19059070,1905907000,00,TARTS AND CAKES,GR,300,4000,1,2026-08-04
GRREX2015A094162965,19059070,1905907000,00,PITTA BREADS,GR,300,4000,4,2026-05-06
GRREX2015A09416965,19059070,1905907000,00,WALNUT PIE,GR,300,4000,1,2026-05-27
GRREX2015A094200704,22042179,2204217910,10,WINE,GR,300,4000,3,2026-06-17
GRREX2015A094200704,22042179,2204217990,90,WINE,GR,300,4000,1,2026-06-17
GRREX2015A094200704,22042180,2204218010,10,WINE,GR,300,4000,2,2026-06-17
GRREX2015A094200704,22042180,2204218090,90,WINE,GR,300,4000,2,2026-06-17
GRREX2015A094200704,22082019,2208201900,00,METHEXIS,GR,300,4000,1,2026-06-17
GRREX2015A094200704,22082028,2208202800,00,TSIPOURO,GR,300,4000,7,2026-06-17
GRREX2015A094200704,22089041,2208904100,00,OUZO 700ML,GR,300,4000,5,2026-06-17
GRREX2015A094219323,20057000,2005700000,00,OLIVES,GR,300,4000,3,2026-08-04
GRREX2015A09423913,20057000,2005700000,00,GREEN OLIVES STUFFED WITH GARLIC AND PEPPER,GR,300,4000,2,2026-02-18
GRREX2015A094243913,20057000,2005700000,00,GREEN OLIVES,GR,300,4000,1,2026-03-04
GRREX2015A094266883,19059070,1905907000,00,TSOUREKI,GR,300,4000,2,2026-03-24
GRREX2015A0942668830,19059070,1905907000,00,TSOUREKI,GR,300,4000,1,2026-03-15
GRREX2015A094289571,04032019,0403201900,00,Co-Op 10% Fat Yoghurt 6x500g,GR,300,4000,2,2026-02-24
GRREX2015A094374009,18069019,1806901900,00,TSOUREKI WITH CHOCOLATE,GR,300,4000,1,2026-03-10
GRREX2015A094374009,19059080,1905908000,00,TSOUREKI,GR,300,4000,2,2026-03-10
GRREX2015A09438340,20029049,2002904995,95,TOMATO PASTE,GR,300,4000,27,2026-07-23
GRREX2015A094388874,04069032,0406903200,00,FETA CHEESE,GR,300,4000,3,2026-07-22
GRREX2015A094388874,04069089,0406908990,90,CHEESE,GR,300,4000,2,2026-07-22
GRREX2015A094388874,04069099,0406909900,00,CHEESE,GR,300,4000,2,2026-07-22
GRREX2015A094453989,20055100,2005510000,00,BAKED GIANT BEANS,GR,300,4000,1,2026-07-29
GRREX2015A094490198,04069032,0406903200,00,FETA CHEESE,GR,300,4000,1,2026-07-29
GRREX2015A095329939,21069092,2106909285,85,FOOD PREPARATIONS,GR,300,4000,1,2026-01-19
GRREX2015A095675861,21069092,2106909285,85,CONDIMENTS HUMMUS,GR,300,4000,5,2026-07-22
GRREX2015A099136740,22042179,2204217910,10,KATSAROS ALCOHOLIC DRINK,GR,300,4000,1,2026-07-21
GRREX2015A099136740,22042180,2204218090,90,KATSAROS ALCOHOLIC DRINK,GR,300,4000,1,2026-07-21
GRREX2015A099136740,22082028,2208202800,00,Spirits,GR,300,4000,2,2026-07-21
GRREX2015A099136740,22087010,2208701000,00,Liqueurs and cordials,GR,300,4000,1,2026-07-21
GRREX2015A099136740,22089041,2208904100,00,Ouzo,GR,300,4000,1,2026-07-21
GRREX2015A099136740,22089069,2208906900,00,spirits,GR,300,4000,3,2026-07-21
GRREX2015A099136740,22089078,2208907800,00,spirits,GR,300,4000,1,2026-07-21
GRREX2015A099148695,20057000,2005700000,00,OLIVES,GR,300,4000,3,2026-07-14
GRREX2015A099217005,20029049,2002904995,95,PASSATA,GR,300,4000,2,2026-07-23
GRREX2015A099405575,20057000,2005700000,00,OLIVES,GR,300,4000,2,2026-03-11
GRREX2015A099648099,16024911,1602491100,00,PORK SOUVLAKI,GR,300,4000,1,2026-03-20
GRREX2015A099648099,16024919,1602491990,90,PORK GYROS,GR,300,4000,3,2026-03-20
GRREX2015A099770855,19059080,1905908000,00,BOUGATSA,GR,300,4000,4,2026-08-03
GRREX2015A2425022990,20057000,2005700000,00,OLIVES,GR,300,4000,1,2026-05-26
GRREX2015A800495589,15092000,1509200010,10,E V O O,GR,300,4000,1,2026-08-05
GRREX2015A800495589,20057000,2005700000,00,OLIVES,GR,300,4000,1,2026-08-05
GRREX2015A800495589,20059980,2005998098,98,PICKLES,GR,300,4000,1,2026-08-05
GRREX2015A800495589,21069098,2106909869,69,HEY HONEY INFUSED WITH CINNAMON,GR,300,4000,1,2026-08-05
GRREX2015A800495589,22042181,2204218110,10,RED DRY WINE,GR,300,4000,1,2026-08-05
GRREX2015A800495589,22042182,2204218290,90,WHITE DRY WINE,GR,300,4000,1,2026-08-05
GRREX2015A800760691,19059055,1905905500,00,COOKIES AND CINNAMON ROLLS,GR,300,4000,2,2026-04-08
GRREX2015A800934879,21069098,2106909869,69,GREEK DESSERT ELITE,GR,300,4000,3,2026-04-09
GRREX2015A801263045,19059080,1905908000,00,BAKALAVA,GR,300,4000,2,2026-06-01
GRREX2015A801272263,04061080,0406108080,80,CHEESE,GR,300,4000,3,2026-05-08
GRREX2015A801394402,17049099,1704909919,19,DESSERT CAKES AND PIES,GR,300,4000,3,2026-03-04
GRREX2015A801395853,19059080,1905908000,00,CHEESE PIES,GR,300,4000,2,2026-07-07
GRREX2015A801844190,21069098,2106909869,69,TOMATO FRITTERS,GR,300,4000,6,2026-07-08
GRREX2015A802086439,19059080,1905908000,00,WALNUT PIE,GR,300,4000,3,2026-06-23
GRREX2015A8094023049,12089000,1208900090,90,TAHINI,GR,300,4000,1,2026-03-24
GRREX2015A8094023049,17049081,1704908100,00,SESAME BAR,GR,300,4000,1,2026-03-24
GRREX2015A8094023049,17049099,1704909999,99,BISCUIT WITH TAHINI,GR,300,4000,1,2026-03-24
GRREX2015A8094023049,18069060,1806906099,99,TAHINI WITH COCOA,GR,300,4000,1,2026-03-24
GRREX2015A8094023049,18069090,1806909099,99,HALVA CHOCOLATE,GR,300,4000,1,2026-03-24
GRREX2015A8094023049,20081999,2008199980,80,BUTTER NUTS,GR,300,4000,1,2026-03-24
GRREX2015A8094023049,21069092,2106909285,85,TAHINI STEVIA,GR,300,4000,1,2026-03-24
GRREX2015A98033980,22030001,2203000100,00,BEER,GR,300,4000,7,2026-02-04
GRREX2015A996822230,16023211,1602321190,90,CHICKEN,GR,300,4000,1,2026-05-08
GRREX2015A998001042,19059080,1905908000,00,ELMA CHIOS MASTIC,GR,300,4000,4,2026-07-11
GRREX2015A998001042,20093931,2009393199,99,FRUIT JUICES,GR,300,4000,2,2026-07-11
GRREX2015A998001042,21069098,2106909869,69,STUFFED VINE LEAVES AND LAYS CHIPS,GR,300,4000,1,2026-03-24
GRREX2015A998001042,22042179,2204217910,10,WINE,GR,300,4000,2,2026-07-11
GRREX2015A998001042,22042179,2204217990,90,WINE,GR,300,4000,2,2026-07-11
GRREX2015A99801042,04090000,0409000090,90,HONEY,GR,300,4000,1,2026-02-25
GRREX2015A99801042,21069098,2106909869,69,RUSKS AMITA AND SIMILAR ITEMS,GR,300,4000,1,2026-02-25
GRREX2015A99801042,48194000,4819400000,00,PRINTED RICE PAPER,GR,300,4000,1,2026-02-25
GRREX2015A998122823,17049099,1704909999,99,HALVA,GR,300,4000,1,2026-01-21
GRREX2015A998575074,16022090,1602209000,00,CHICKEN GYROS,GR,300,4000,1,2026-01-27
GRREX2015A998575074,16023219,1602321990,90,CHICKEN GYROS,GR,300,4000,8,2026-08-11
GRREX2015A998575074,16023929,1602392900,00,CHICKEN GYROS,GR,300,4000,7,2026-06-17
GRREX2015A998575074,16023929,1602392990,90,CHICKEN GYROS,GR,300,4000,4,2026-08-11
GRREX2015A998575074,16024911,1602491100,00,PORK GYROS,GR,300,4000,1,2026-03-03
GRREX2015A998575074,16024915,1602491500,00,PORK GYROS,IT,300,4000,3,2026-08-01
GRREX2015A998575074,16025010,1602501090,90,SIS PFS FROZEN,GR,300,4000,1,2026-03-03
GRREX2015A998575492,04069032,0406903200,00,FETA CHEESE,GR,300,4000,1,2026-07-29
GRREX2015A998575492,04069050,0406905000,00,CHEESE,GR,300,4000,1,2026-07-29
GRREX2015A999086713,04069032,0406903200,00,FETA CHEESE,GR,300,4000,1,2026-04-26
GRREX2015A99911164,16025095,1602509590,90,PRE BAKED DONER GYROS,GR,300,4000,1,2026-07-08
GRREX2015A999201013,21039090,2103909019,19,GYROS SAUCE,GR,300,4000,11,2026-08-04
GRREX2015A999201013,21039090,2103909089,89,ATHENIAN SAUCE,GR,300,4000,12,2026-07-22
GRREX2015A999201013,21069098,2106909860,60,TZATZIKI,GR,300,4000,1,2026-07-22
GRREX2015A999201013,21069098,2106909869,69,TZATZIKI,GR,300,4000,18,2026-08-04
GRREX2015A999716069,16023219,1602321990,90,CHICKEN GYROS,GR,300,4000,1,2026-06-23
GRREX2015A999716069,16025095,1602509590,90,BEEF BURGER,GR,300,4000,1,2026-06-23
GRREX2015A999716069,16029069,1602906900,00,MEATBALLS,GR,300,4000,1,2026-06-23
GRREX2015A999911164,16023219,1602321990,90,CHICKEN GYROS,GR,300,4000,3,2026-07-30
GRREX2015A999911164,16024915,1602491500,00,MEAT,GR,300,4000,1,2026-07-30
GRREX2015B094023049,12089000,1208900090,90,TAHINI,GR,300,4000,1,2026-07-29
GRREX2015B094023049,17049081,1704908100,00,SESAME BAR,GR,300,4000,1,2026-07-29
GRREX2015B094023049,17049099,1704909999,99,HALVA,GR,300,4000,1,2026-07-29
GRREX2015B094023049,18069060,1806906099,99,HALVA WITH CHOCOLATE,GR,300,4000,1,2026-07-29
GRREX2015B094023049,18069090,1806909099,99,HALVA WITH CHOCOLATE,GR,300,4000,1,2026-07-29
GRREX2015B094023049,20081999,2008199980,80,NUTS,GR,300,4000,1,2026-07-29
GRREX2015B094023049,21069092,2106909285,85,TAHINI STEVIA,GR,300,4000,1,2026-07-29
GRREX2015B094023049,21069098,2106909869,69,TAHINI WITH ORANGE,GR,300,4000,1,2026-07-29
GRREX4019A032041640,19059080,1905908000,00,PRALINES,GR,300,4000,2,2026-07-30
GRREX4019A054944471,15092000,1509200010,10,EXTRA VIRGIN OLIVE OIL,GR,300,4000,1,2026-03-11
GRREX4019A081293073,19059055,1905905500,00,BREAD PITA,GR,300,4000,2,2026-06-09
GRREX4019A081696741,15092000,1509200010,10,EXTRA VIRGIN OLIVE OIL,GR,300,4000,3,2026-08-04
GRREX4019A081696741,15109000,1510900000,00,POMACE OIL,GR,300,4000,3,2026-08-04
GRREX4019A082127529,16010091,1601009190,90,SAUSAGES,GR,300,4000,5,2026-07-29
GRREX4019A082256630,16023219,1602321990,90,CHICKEN GYROS,GR,300,4000,1,2026-02-05
GRREX4019A082256630,16024913,1602491300,00,PORK GYROS,GR,300,4000,1,2026-02-05
GRREX4019A082256630,16024915,1602491500,00,PORK GYROS,GR,300,4000,1,2026-02-05
GRREX4019A082256630,16024930,1602493000,00,COUNTRY SAUSAGES,GR,300,4000,1,2026-02-05
GRREX4019A091242892,17049099,1704909999,99,SWEETS,GR,300,4000,1,2026-06-09
GRREX4019A091242892,19054090,1905409000,00,PITTA BREADS,GR,300,4000,17,2026-08-04
GRREX4019A094011512,33049900,3304990000,00,CRABTREE 443ML 15OZ,GR,300,4000,13,2026-08-12
GRREX4019A094011512,33051000,3305100000,00,SHAMPOOS,GR,300,4000,15,2026-08-12
GRREX4019A094011512,33059000,3305900000,00,CONDITIONER,GR,300,4000,14,2026-08-12
GRREX4019A094011512,34011100,3401110000,00,Soap,GR,300,4000,2,2026-07-23
GRREX4019A094011512,34011900,3401190000,00,SKIN ESSENCTIALS,GR,300,4000,3,2026-06-10
GRREX4019A094011512,34013000,3401300000,00,CRABTREE 443ML 15OZ,GR,300,4000,15,2026-08-12
GRREX4019A094020312,20019065,2001906510,10,KALAMON OLIVES,GR,300,4000,1,2026-01-21
GRREX4019A094029091,09012100,0901210000,00,COFFEE,GR,300,4000,1,2026-05-14
GRREX4019A094029091,21011100,2101110000,00,COFFEE EXTRACTS,GR,300,4000,1,2026-05-14
GRREX4019A094040279,22042179,2204217910,10,TERRA LE BLANC,GR,300,4000,1,2026-05-19
GRREX4019A094040279,22042180,2204218010,10,ROSE,GR,300,4000,2,2026-05-19
GRREX4019A094040279,22042180,2204218090,90,VALLEY RED WINE,GR,300,4000,3,2026-05-19
GRREX4019A09408810,11010011,1101001100,00,DURUM WHEAT,GR,300,4000,1,2026-03-17
GRREX4019A09408810,11010015,1101001500,00,DINKEL FLOUR,GR,300,4000,1,2026-03-17
GRREX4019A09408810,11022010,1102201000,00,CORN FLOUR,GR,300,4000,1,2026-03-17
GRREX4019A09408810,11031110,1103111000,00,ZIMOTO,GR,300,4000,1,2026-03-17
GRREX4019A09408810,19012000,1901200000,00,GLUTEN FREE FLOUR,GR,300,4000,1,2026-03-17
GRREX4019A094094130,19019099,1901909990,90,CHEESE PIES,GR,300,4000,2,2026-07-07
GRREX4019A094141969,11010090,1101009000,00,MESLIN,GR,300,4000,1,2026-04-28
GRREX4019A094141969,19021100,1902110090,90,PASTA,GR,300,4000,1,2026-04-28
GRREX4019A094141969,19021910,1902191090,90,SPAGHETTI,GR,300,4000,1,2026-04-28
GRREX4019A094208044,39241000,3924100090,90,BAGS,GR,300,4000,1,2026-01-05
GRREX4019A094221122,19049010,1904901000,00,Obtained from rice,GR,300,4000,2,2026-06-04
GRREX4019A094221122,20059980,2005998093,93,Turnips,GR,300,4000,1,2026-06-04
GRREX4019A094221122,20059980,2005998098,98,GIANT BEANS,GR,300,4000,2,2026-07-29
GRREX4019A09422122,19049010,1904901000,00,OKRA IN OIL,GR,300,4000,2,2026-05-19
GRREX4019A09422122,20059980,2005998098,98,ROASTED PEPPERS,GR,300,4000,2,2026-05-19
GRREX4019A09422122,20089999,2008999990,90,STUFFED VINE LEAVES,GR,300,4000,1,2026-05-19
GRREX4019A094250848,19059080,1905908000,00,WALNUT PIES,GR,300,4000,2,2026-08-01
GRREX4019A094277965,20099098,2009909880,80,AMITA MOTION JUICE,GR,300,4000,1,2026-05-08
GRREX4019A094345192,22042178,2204217810,10,AGIORGITIKO RED DRY WINE,GR,300,4000,4,2026-08-10
GRREX4019A094345192,22042179,2204217910,10,WINE,GR,300,4000,8,2026-08-10
GRREX4019A094345192,22042180,2204218010,10,WINE,GR,300,4000,3,2026-07-11
GRREX4019A094345192,22042181,2204218110,10,WINE,GR,300,4000,1,2026-07-11
GRREX4019A094345192,22042183,2204218310,10,WINE,GR,300,4000,8,2026-08-10
GRREX4019A094345192,22042184,2204218410,10,WINE,GR,300,4000,10,2026-08-10
GRREX4019A094462986,04069078,0406907800,00,CHEESE,GR,300,4000,1,2026-03-16
GRREX4019A094462986,04069089,0406908990,90,CHEESE,GR,300,4000,1,2026-03-16
GRREX4019A09545760,15092000,1509200010,10,EXTRA VIRGIN OLIVE OIL,GR,300,4000,1,2026-06-17
GRREX4019A09547508,19059080,1905908000,00,PREMIUM PITTA BREAD,GR,300,4000,1,2026-04-28
GRREX4019A095475088,19059080,1905908000,00,PITTA,GR,300,4000,2,2026-07-01
GRREX4019A095589670,15092000,1509200010,10,EXTRA VIRGIN OLIVE OIL,GR,300,4000,1,2026-02-04
GRREX4019A09564578,33030010,3303001000,00,BALM OLIVE BLSM,GR,300,4000,1,2026-05-14
GRREX4019A09564578,33041000,3304100000,00,LIP BALM,GR,300,4000,1,2026-05-14
GRREX4019A09564578,33049900,3304990000,00,OLIVE OIL 3 IN 1,GR,300,4000,1,2026-05-14
GRREX4019A09564578,34011100,3401110000,00,EXFOLIATING ALGAE,GR,300,4000,1,2026-05-14
GRREX4019A09564578,34013000,3401300000,00,BODY BALM,GR,300,4000,1,2026-05-14
GRREX4019A09564578,48182010,4818201000,00,HANKERCHIEFS,GR,300,4000,1,2026-05-14
GRREX4019A095645788,33030010,3303001000,00,PERFUMES,GR,300,4000,15,2026-08-10
GRREX4019A095645788,33041000,3304100000,00,LIP BALMS,GR,300,4000,6,2026-05-05
GRREX4019A095645788,33042000,3304200000,00,EYE MAKE UP,GR,300,4000,8,2026-08-04
GRREX4019A095645788,33043000,3304300000,00,HAND CREAM,GR,300,4000,16,2026-08-04
GRREX4019A095645788,33049100,3304910000,00,MAKE UP POWDERS,GR,300,4000,1,2026-05-05
GRREX4019A095645788,33049900,3304990000,00,FIG SHOWER GEL,GR,300,4000,22,2026-08-10
GRREX4019A095645788,33051000,3305100000,00,SHAMPOO,GR,300,4000,10,2026-08-04
GRREX4019A095645788,33059000,3305900000,00,CONDITIONER,GR,300,4000,9,2026-08-04
GRREX4019A095645788,34011100,3401110000,00,HAND SOAPS,GR,300,4000,9,2026-08-04
GRREX4019A095645788,34013000,3401300000,00,SHOWER GEL,GR,300,4000,19,2026-08-10
GRREX4019A095645788,39211900,3921190099,99,HAND CREAM STAND,GR,300,4000,1,2026-03-07
GRREX4019A095645788,42022290,4202229090,90,HANDBAGS,GR,300,4000,2,2026-05-05
GRREX4019A095645788,42023900,4202390090,90,DISPLAY ARTICLES,GR,300,4000,2,2026-03-11
GRREX4019A095645788,44219999,4421999999,99,DISPLAY STANDS,GR,300,4000,1,2026-05-05
GRREX4019A095645788,46029000,4602900000,00,PRODUCT DISPLAY STAND,GR,300,4000,1,2026-03-07
GRREX4019A095645788,48182010,4818201000,00,WIPES,GR,300,4000,8,2026-08-04
GRREX4019A095645788,48191000,4819100000,00,BOXES,GR,300,4000,5,2026-08-10
GRREX4019A095645788,48192000,4819200000,00,BOXES,GR,300,4000,3,2026-06-24
GRREX4019A095645788,48194000,4819400000,00,TOTE BAGS,GR,300,4000,1,2026-03-11
GRREX4019A095645788,48219090,4821909000,00,INTERNET BOXES,GR,300,4000,1,2026-05-27
GRREX4019A095645788,83025000,8302500000,00,DISPLAY RACKS,GR,300,4000,1,2026-02-12
GRREX4019A096056470,22042180,2204218010,10,WINE,GR,300,4000,6,2026-08-10
GRREX4019A096056470,22042181,2204218110,10,WINE,GR,300,4000,3,2026-08-10
GRREX4019A096056470,22042279,2204227910,10,WINE,GR,300,4000,1,2026-06-02
GRREX4019A096056470,22042280,2204228010,10,WINE,GR,300,4000,3,2026-08-10
GRREX4019A096056470,22042283,2204228310,10,WINE,GR,300,4000,3,2026-08-10
GRREX4019A099034692,21069098,2106909869,69,FALAFEL,GR,300,4000,2,2026-08-10
GRREX4019A099117147,18069090,1806909099,99,FERRERO CAKE,GR,300,4000,3,2026-06-17
GRREX4019A099117147,19059080,1905908000,00,BAKLAVAS,GR,300,4000,3,2026-06-17
GRREX4019A099973310,19059030,1905903000,00,PITTA BREADS,GR,300,4000,10,2026-08-11
GRREX4019A147765410,04090000,0409000090,90,HONEY,GR,300,4000,2,2026-05-14
GRREX4019A147765410,09012100,0901210000,00,COFFEE,GR,300,4000,1,2026-05-14
GRREX4019A147765410,09021000,0902100000,00,COFFEE,GR,300,4000,1,2026-01-21
GRREX4019A147765410,15092000,1509200010,10,EXTRA VIRGIN OLIVE OIL,GR,300,4000,1,2026-01-21
GRREX4019A147765410,15092000,1509200090,90,EXTRA VIRGIN OLIVE OIL,GR,300,4000,1,2026-05-14
GRREX4019A147765410,19059045,1905904500,00,BISCUITS,GR,300,4000,1,2026-05-14
GRREX4019A147765410,20019065,2001906590,90,OLIVES,GR,300,4000,2,2026-05-14
GRREX4019A147765410,73218900,7321890000,00,WOOD STOVES,GR,300,4000,1,2026-01-21
GRREX4019A800200835,20019020,2001902000,00,STUFFED PEPPERS,GR,300,4000,4,2026-08-04
GRREX4019A800200835,20019070,2001907090,90,STUFFED PEPPERS,GR,300,4000,7,2026-08-04
GRREX4019A800375499,16010091,1601009190,90,SAUSAGES,GR,300,4000,3,2026-07-21
GRREX4019A800414801,15092000,1509200010,10,EXTRA VIRGIN OLIVE OIL,GR,300,4000,1,2026-02-10
GRREX4019A800414801,15092000,1509200090,90,EXTRA VIRGIN OLIVE OIL,GR,300,4000,1,2026-03-05
GRREX4019A800414801,73102990,7310299090,90,STAINLESS STEEL DISPENSER,GR,300,4000,1,2026-03-05
GRREX4019A800509746,19059080,1905908000,00,PITTA BREADS,GR,300,4000,8,2026-08-10
GRREX4019A800640632,19012000,1901200000,00,PITTA BREADS,GR,300,4000,4,2026-05-14
GRREX4019A800685350,16025095,1602509590,90,KEBAB MEAT,GR,300,4000,2,2026-03-20
GRREX4019A800708108,16024919,1602491990,90,PORK GYROS,GR,300,4000,3,2026-06-17
GRREX4019A800806292,19012000,1901200000,00,PITTA BREADS,GR,300,4000,3,2026-08-04
GRREX4019A800984809,07112010,0711201000,00,OLIVES,GR,300,4000,1,2026-08-06
GRREX4019A800984809,15092000,1509200010,10,EXTRA VIRGIN OLIVE OIL,GR,300,4000,4,2026-08-06
GRREX4019A801,16023211,1602321190,90,CHICKEN GYROS,GR,300,4000,2,2026-06-09
GRREX4019A801057077,19053130,1905313000,00,COOKIES AND SIMILAR BAKED ARTICLES,GR,300,4000,1,2026-03-04
GRREX4019A801280552,16024915,1602491500,00,PRE COOKED PORK GYROS,GR,300,4000,1,2026-01-20
GRREX4019A801288144,16010091,1601009190,90,SAUSAGES,GR,300,4000,2,2026-02-17
GRREX4019A801288144,16023211,1602321190,90,CHICKEN GYROS,GR,300,4000,10,2026-08-04
GRREX4019A801288144,16024915,1602491500,00,PORK GYROS,GR,300,4000,3,2026-02-17
GRREX4019A801516679,04029999,0402999900,00,CREAM,GR,300,4000,1,2026-08-05
GRREX4019A801516679,04090000,0409000090,90,HONEY,GR,300,4000,4,2026-08-05
GRREX4019A801516679,07133390,0713339000,00,BEANS,GR,300,4000,1,2026-04-09
GRREX4019A801516679,09012100,0901210000,00,COFFEE,GR,300,4000,4,2026-07-29
GRREX4019A801516679,09022000,0902200000,00,GREEN TEA,GR,300,4000,1,2026-01-21
GRREX4019A801516679,09109991,0910999100,00,CRUSHED SPICES,GR,300,4000,1,2026-03-11
GRREX4019A801516679,12119086,1211908640,40,HERBS,GR,300,4000,4,2026-08-05
GRREX4019A801516679,13019000,1301900000,00,GUMS,GR,300,4000,2,2026-07-29
GRREX4019A801516679,15092000,1509200010,10,EXTRA VIRGIN OLIVE OIL,GR,300,4000,6,2026-08-05
GRREX4019A801516679,15092000,1509200090,90,EXTRA VIRGIN OLIVE OIL,GR,300,4000,1,2026-04-28
GRREX4019A801516679,17049071,1704907100,00,BOILED SWEETS,GR,300,4000,3,2026-05-19
GRREX4019A801516679,17049099,1704909999,99,CRISPS,GR,300,4000,2,2026-08-05
GRREX4019A801516679,18069039,1806903900,00,NOISETTA,GR,300,4000,7,2026-08-05
GRREX4019A801516679,18069060,1806906099,99,CHOCOLATE BISCUITS,GR,300,4000,2,2026-07-29
GRREX4019A801516679,19011000,1901100000,00,RUSKS,GR,300,4000,2,2026-04-09
GRREX4019A801516679,19019099,1901909990,90,BISCUITS,GR,300,4000,3,2026-08-05
GRREX4019A801516679,19021100,1902110090,90,FLAT PASTA,GR,300,4000,1,2026-08-06
GRREX4019A801516679,19049080,1904908000,00,PAXIMAD KRITHARI,GR,300,4000,1,2026-08-06
GRREX4019A801516679,19053191,1905319100,00,SANDWHICH BISCUITS,GR,300,4000,3,2026-06-02
GRREX4019A801516679,19053199,1905319900,00,BISCUITS,GR,300,4000,2,2026-04-09
GRREX4019A801516679,19053211,1905321100,00,BISCUITS,GR,300,4000,2,2026-04-09
GRREX4019A801516679,19053299,1905329900,00,RUSKS,GR,300,4000,1,2026-02-24
GRREX4019A801516679,19054090,1905409000,00,BAKED GOODS,GR,300,4000,10,2026-08-06
GRREX4019A801516679,19059055,1905905500,00,CRISPS,GR,300,4000,3,2026-07-29
GRREX4019A801516679,19059070,1905907000,00,CAKES,GR,300,4000,1,2026-06-02
GRREX4019A801516679,19059080,1905908000,00,RONDO CAKE,GR,300,4000,2,2026-08-05
GRREX4019A801516679,20029041,2002904195,95,DRIED TOMATOES,GR,300,4000,1,2026-07-29
GRREX4019A801516679,20052020,2005202000,00,POTATOES,GR,300,4000,2,2026-04-28
GRREX4019A801516679,20055100,2005510000,00,GIANT BEANS,GR,300,4000,2,2026-07-29
GRREX4019A801516679,20059980,2005998098,98,ROASTED CHICKPEAS,GR,300,4000,1,2026-01-21
GRREX4019A801516679,20079939,2007993985,85,PRESERVATIVES JAMS,GR,300,4000,1,2026-07-29
GRREX4019A801516679,20081995,2008199580,80,WAFFER,GR,300,4000,1,2026-01-21
GRREX4019A801516679,21033090,2103309090,90,CONDIMENTS,GR,300,4000,3,2026-08-05
GRREX4019A801516679,21069092,2106909285,85,BISCUITS,GR,300,4000,2,2026-07-29
GRREX4019A801516679,22029919,2202991999,99,DRINKS,GR,300,4000,3,2026-08-05
GRREX4019A801516679,22030001,2203000100,00,CORFU HOPPY AND FREE,GR,300,4000,1,2026-01-21
GRREX4019A801516679,22090011,2209001100,00,VINEGAR,GR,300,4000,5,2026-06-02
GRREX4019A801516679,25010091,2501009100,00,SALTS,GR,300,4000,1,2026-06-02
GRREX4019A801516679,32129000,3212900000,00,PROMOTIONAL MATERIAL,GR,300,4000,1,2026-04-09
GRREX4019A801516679,33072000,3307200000,00,ROLL ON DEODRANT,GR,300,4000,1,2026-01-21
GRREX4019A801516679,39232990,3923299000,00,FOOD SACKS,GR,300,4000,3,2026-05-14
GRREX4019A801516679,44219999,4421999999,99,FOOD STANDS,GR,300,4000,1,2026-07-29
GRREX4019A801516679,48062000,4806200000,00,GREASEPROOF FOOD PAPER,GR,300,4000,4,2026-08-05
GRREX4019A801516679,69120029,6912002990,90,TABLEWARE,GR,300,4000,1,2026-04-28
GRREX4019A801516679,73211900,7321190000,00,HOT PLATE,GR,300,4000,1,2026-03-11
GRREX4019A801516679,74181010,7418101000,00,DISPLAY ARTICLES,GR,300,4000,1,2026-08-05
GRREX4019A801833487,16010099,1601009999,99,SAUSAGES,GR,300,4000,1,2026-01-27
GRREX4019A801833581,16010099,1601009991,91,Sausages,GR,300,4000,1,2026-07-30
GRREX4019A801833581,16010099,1601009999,99,PORK SAUSAGES,GR,300,4000,5,2026-06-17
GRREX4019A801993367,21069098,2106909860,60,Calcium carbonate,GR,300,4000,1,2026-06-04
GRREX4019A801993367,21069098,2106909869,69,MIXED HERBS,GR,300,4000,3,2026-07-29
GRREX4019A802187910,21069098,2106909869,69,MOUSSAKA,GR,300,4000,3,2026-08-05
GRREX4019A997468243,16010091,1601009190,90,FROZEN SAUSAGES,GR,300,4000,1,2026-01-13
GRREX4019A997468243,16023290,1602329090,90,FROZEN CHICKEN GYROS,GR,300,4000,1,2026-01-13
GRREX4019A997468243,16024915,1602491500,00,FROZEN PORK GYROS,GR,300,4000,1,2026-01-13
GRREX4019A99746923,16023290,1602329090,90,FROZEN CHICKEN GYROS,GR,300,4000,1,2026-05-27
GRREX4019A997469243,16010091,1601009190,90,SAUSAGES,GR,300,4000,3,2026-03-03
GRREX4019A997469243,16010099,1601009999,99,CHICKEN GYROS,GR,300,4000,2,2026-04-28
GRREX4019A997469243,16023211,1602321190,90,CHICKEN GYROS,GR,300,4000,1,2026-08-04
GRREX4019A997469243,16023290,1602329090,90,CHICKEN GYROS,GR,300,4000,20,2026-07-22
GRREX4019A997469243,16024915,1602491500,00,PORK GYROS,GR,300,4000,7,2026-03-10
GRREX4019A997469243,16024919,1602491920,20,GRILLED PORK,GR,300,4000,1,2026-06-09
GRREX4019A997469243,16024919,1602491990,90,PORK GYROS,GR,300,4000,1,2026-05-14
GRREX4019A997469243,16025095,1602509590,90,KEBAB STICKS,GR,300,4000,6,2026-03-03
GRREX4019A99769243,16023290,1602329090,90,CHICKEN GYROS,GR,300,4000,1,2026-06-16
GRREX4019A997792488,02032913,0203291300,00,FROZEN PORK LOIN,GR,300,4000,1,2026-01-27
GRREX4019A997792488,16023211,1602321190,90,CHICKEN GYROS,GR,300,4000,3,2026-03-04
GRREX4019A997792488,16024919,1602491990,90,PORK GYROS,GR,300,4000,2,2026-03-04
GRREX4019A998111730,19012000,1901200000,00,PITTA BREADS,GR,300,4000,1,2026-01-14
GRREX4019A998111730,19054090,1905409000,00,PITTA BREADS,GR,300,4000,27,2026-08-10
GRREX4019A998111730,19059080,1905908000,00,PITTA BREADS,GR,300,4000,2,2026-05-19
GRREX4019A99811730,19054090,1905409000,00,PITTA BREADS,GR,300,4000,1,2026-07-07
GRREX4019A998117733,02071410,0207141000,00,CHICKEN GYROS,GR,300,4000,1,2026-01-27
GRREX4019A998117733,16010091,1601009190,90,SAUSAGES,GR,300,4000,1,2026-01-27
GRREX4019A998117733,16010099,1601009999,99,PORK GYROS,GR,300,4000,1,2026-01-27
GRREX4019A998117733,16024915,1602491500,00,PORK GYROS,GR,300,4000,1,2026-01-27
GRREX4019A998117733,16029061,1602906100,00,KEBAB,GR,300,4000,1,2026-01-27
GRREX4019A998641125,16023211,1602321190,90,CHICKEN GYROS,GR,300,4000,7,2026-08-11
GRREX4019A998641125,16023219,1602321990,90,CHICKEN YEEROS,GR,300,4000,4,2026-07-21
GRREX4019A998641125,16024915,1602491500,00,PORK GYROS,GR,300,4000,6,2026-08-11
GRREX4019A998641125,16024950,1602495000,00,PORK NECK,GR,300,4000,2,2026-05-27
GRREX4019A998641125,16025010,1602501090,90,KEBAB,GR,300,4000,2,2026-02-24
GRREX4019A998641125,16029069,1602906900,00,PRE COOKED KEBAB,GR,300,4000,5,2026-08-11
GRREX4019A998641125,16029091,1602909100,00,LAMB SOUVLAKI,GR,300,4000,1,2026-01-27
GRREX4019A998641125,19041030,1904103000,00,MEATLESS YEEROS,GR,300,4000,1,2026-07-21
GRREX4019A998641125,19049010,1904901000,00,MEATLESS BURGER,GR,300,4000,2,2026-01-27
GRREX4019A998641125,20049098,2004909880,80,PRE COOKED PORK,GR,300,4000,2,2026-05-06
GRREX4019A99973310,19059030,1905903000,00,PITTA BREADS,GR,300,4000,1,2026-05-27
GRREX4019A999932252,16023219,1602321990,90,CHICKEN FLAKES,GR,300,4000,1,2026-02-10
GRREX4019A999932252,16024911,1602491100,00,PORK FLAKES,GR,300,4000,1,2026-02-10
GRREX401A032041640,19059080,1905908000,00,LEMON NEST,GR,300,4000,2,2026-06-09
GRREX401A099034692,21069098,2106909869,69,COOKED FALAFEL,GR,300,4000,1,2026-05-27
GRREX401A147765410,04090000,0409000090,90,HONEY,GR,300,4000,1,2026-03-25
GRREX401A147765410,09021000,0902100000,00,COFFEE,GR,300,4000,1,2026-03-25
GRREX401A147765410,15092000,1509200010,10,EXTRA VIRGIN OLIVE OIL,GR,300,4000,1,2026-03-25
GRREX401A147765410,19059070,1905907000,00,TSOUREKI,GR,300,4000,1,2026-03-25
GRREX401A147765410,20019065,2001906590,90,OLIVES,GR,300,4000,1,2026-03-25
GRREX409A094006864,17049030,1704903000,00,BAK ION WITH WHITE CHOC,GR,300,4000,1,2026-05-14
GRREX409A094006864,18062050,1806205090,90,BAK ION WHITE CHOC,GR,300,4000,1,2026-05-14
GRREX409A094006864,18063290,1806329000,00,CHOCOLATE BLOCKS,GR,300,4000,1,2026-05-14
GRREXGR2015A092443755,04032011,0403201100,00,GREEK YOGURT,GR,300,4000,1,2026-06-23
GRREXGR2015A092443755,04032019,0403201900,00,GREEK YOGURT,GR,300,4000,1,2026-06-23
GRREXGR2015A092443755,04061050,0406105090,90,GREEK CHEESE,GR,300,4000,1,2026-06-23
GRREXGR2015A092443755,21069098,2106909869,69,VEGAN GREEK CHEESE,GR,300,4000,1,2026-06-23
GRTREX4019A998111730,19054090,1905409000,00,PITTA BREADS,GR,300,4000,1,2026-07-21
HUREXHU0000078825001,76042100,7604210000,00,SPARE PARTS FOR POOL ENCLOSURE,HU,300,4000,1,2026-07-12
IE4724192J,04064090,0406409000,00,IRISH CHEESE,IE,300,4000,11,2026-08-10
IE8202011A,84314980,8431498050,50,PARTS,IE,300,4000,2,2026-06-04
IEREX4403226LH,38200000,3820000090,90,DOWCAL N,DE,300,4000,1,2026-07-20
IREXIT03206300364,02101981,0210198190,90,Meat,IT,300,4000,2,2026-05-24
IT,04061050,0406105090,90,CHEESE,IT,300,4000,1,2026-04-30
IT,04064050,0406405000,00,CHEESE,IT,300,4000,1,2026-04-30
IT,04069079,0406907990,90,CHEESE,IT,300,4000,1,2026-04-30
IT,16055600,1605560000,00,CLAMS,IT,300,4000,1,2026-05-24
IT,21039090,2103909019,19,SUGO,IT,300,4000,1,2026-05-24
IT00012110961,95079000,9507900000,00,FISHING PELLET DISPENSERS BOXES,IT,300,4000,3,2026-08-09
IT00099750218,04061030,0406103010,10,Mozzarella,IT,300,4000,1,2026-02-08
IT00099750218,04061030,0406103090,90,Mozzarella,IT,300,4000,38,2026-08-16
IT00099750218,04061050,0406105030,30,Ricotta,IT,300,4000,1,2026-03-15
IT00099750218,04061050,0406105090,90,Ricotta,IT,300,4000,17,2026-08-09
IT00099750218,04061080,0406108080,80,Mascarpone,IT,300,4000,18,2026-08-09
IT00099750218,04064050,0406405000,00,Gorgonzola,IT,300,4000,8,2026-08-09
IT00100640929,04061050,0406105090,90,CHEESE,IT,300,4000,1,2026-04-23
IT00100640929,04069063,0406906310,10,CHEESE,IT,300,4000,1,2026-04-23
IT00100640929,04069089,0406908990,90,CHEESE,IT,300,4000,1,2026-04-23
IT00100640929,04069092,0406909290,90,CHEESE,IT,300,4000,1,2026-04-23
IT00107950222,04069061,0406906100,00,CHEESE,IT,300,4000,1,2026-02-15
IT00108030396,11010015,1101001500,00,Wheat flour,IT,300,4000,2,2026-07-19
IT00147020929,22042183,2204218390,90,VARMENTINO DI SARDENA,IT,300,4000,1,2026-03-24
IT00147020929,22042184,2204218490,90,CANNONAU DI SARDENA,IT,300,4000,1,2026-03-24
IT00150120343,16041210,1604121000,00,Fish,IT,300,4000,1,2026-08-11
IT00150120343,16041311,1604131190,90,Fish,IT,300,4000,1,2026-08-11
IT00150120343,16041511,1604151100,00,Fish,IT,300,4000,1,2026-08-11
IT00150120343,16041600,1604160090,90,Fish,IT,300,4000,1,2026-08-11
IT00150120343,16042040,1604204090,90,Fish,IT,300,4000,1,2026-08-11
IT00221680168,04069079,0406907990,90,CHEESE,IT,300,4000,1,2026-08-06
IT00262930167,04064050,0406405000,00,CHEESE SAMPLES,IT,300,4000,1,2026-06-25
IT00262930167,04069079,0406907990,90,CHEESE SAMPLES,IT,300,4000,1,2026-06-25
IT00283970267,04061050,0406105090,90,CHEESE,IT,300,4000,6,2026-02-08
IT00283970267,04063031,0406303100,00,CHEESE,IT,300,4000,2,2026-02-08
IT00283970267,19021990,1902199090,90,PASTA,IT,300,4000,2,2026-02-01
IT00353520034,04064050,0406405000,00,Gorgonzola,IT,300,4000,1,2026-08-02
IT00353520034,04064090,0406409000,00,Blue cheese,IT,300,4000,1,2026-08-02
IT00369120225,02091019,0209101900,00,GUANCIALE,IT,300,4000,1,2026-04-12
IT00369120225,02101981,0210198190,90,PANCETTA,IT,300,4000,1,2026-04-12
IT00461180556,07132000,0713200000,00,UMBRIAN CHICKPEAS,IT,300,4000,1,2026-06-09
IT00461180556,07133390,0713339000,00,ITALIAN BORLOTTI BEANS CANNELLINI BEANS,IT,300,4000,1,2026-06-09
IT00461180556,07134000,0713400000,00,UMBRIAN LENTILS,IT,300,4000,1,2026-06-09
IT00461180556,11031310,1103131000,00,PRE COOKED CORN MEAL,IT,300,4000,2,2026-06-09
IT00461180556,11042905,1104290500,00,UMBRIAN PEARLED BARLEY,IT,300,4000,2,2026-06-09
IT00461180556,11042930,1104293090,90,UMBRIAN PEARLED FARRO,IT,300,4000,2,2026-06-09
IT00461180556,19021910,1902191090,90,PACCHERI LISCI PASTA,IT,300,4000,2,2026-06-09
IT00461180556,21041000,2104100081,81,QUICK COOKING SOUP,IT,300,4000,2,2026-06-09
IT00520220013,02101190,0210119000,00,ITALIAN CURED MEAT,IT,300,4000,1,2026-05-03
IT00520220013,02101219,0210121900,00,ITALIAN CURED MEAT,IT,300,4000,1,2026-05-03
IT00532610953,19054010,1905401000,00,RUSKS,IT,300,4000,1,2026-05-10
IT00626390074,02101990,0210199000,00,MEAT,IT,300,4000,1,2026-07-26
IT00627830862,04069063,0406906390,90,CHEESE,IT,300,4000,2,2026-05-14
IT00669540163,04069086,0406908690,90,CHEESE,IT,300,4000,2,2026-08-09
IT00727070393,04089980,0408998000,00,EGGS,IT,300,4000,1,2026-08-09
IT007522600356,04061050,0406105090,90,CHILLED FOODSTUFFS AT 2 TO 4 DEGREES,IT,300,4000,3,2026-06-21
IT0075309036,22042107,2204210700,00,ITALIAN SPARKLING WINE,IT,300,0700,1,2026-01-26
IT00793520099,15092000,1509200010,10,EXTRA VIRGIN OLIVE OIL,IT,300,4000,1,2026-03-02
IT00793520099,21042000,2104200090,90,PESTO AND SALSA,IT,300,4000,1,2026-03-02
IT00853910651,20021011,2002101100,00,PEELED TOMATOES,IT,300,4000,1,2026-04-23
IT00913080966,94018000,9401800000,00,Other seats,IT,300,4000,1,2026-06-10
IT00944750256,19021910,1902191090,90,ITALIAN PASTA,IT,300,4000,1,2026-06-11
IT00944750256,19054090,1905409000,00,ITALIAN BREAD,IT,300,4000,1,2026-06-11
IT00944750256,22030001,2203000100,00,ITALIAN BEER,IT,300,4000,1,2026-06-11
IT00944750256,22042183,2204218310,10,ITALIAN WHITE WINE,IT,300,4000,1,2026-06-11
IT00944750256,22042184,2204218490,90,ITALIAN RED WINE,IT,300,4000,1,2026-06-11
IT009710144,04069079,0406907990,90,CHEESE,IT,300,4000,1,2026-08-09
IT01009710144,04069079,0406907990,90,CHEESE,IT,300,4000,4,2026-07-12
IT01037330196,04069063,0406906390,90,PECORINO,IT,300,4000,3,2026-07-25
IT01037330196,04069073,0406907300,00,PROVOLONE,IT,300,4000,10,2026-07-25
IT01070500010,20057000,2005700000,00,OLIVE OIL SAMPLES,IT,300,4000,2,2026-05-10
IT01071050486,22042138,2204213810,10,ITALIAN WINE,IT,300,4000,1,2026-02-22
IT01141130433,19022099,1902209990,90,PASTA,IT,300,4000,1,2026-06-13
IT01161370729,04061050,0406105090,90,BURRATA,IT,300,4000,2,2026-06-07
IT01188980534,04069063,0406906390,90,Fiore Sardo,IT,300,4000,4,2026-08-02
IT01198850578,19059010,1905901000,00,PINSA BASE,IT,300,4000,2,2026-02-04
IT01198850578,19059080,1905908000,00,PINSA,IT,300,4000,5,2026-07-12
IT01214631002,22042124,2204212490,90,ITALIAN WINE,IT,300,4000,1,2026-04-12
IT01214631002,22042984,2204298490,90,ITALIAN WINE,IT,300,4000,1,2026-04-12
IT01231370337,02101981,0210198190,90,COPPA DI PARMA,IT,300,4000,3,2026-08-02
IT01231370337,16010091,1601009190,90,Sausages,IT,300,4000,2,2026-08-02
IT01238001216,09012100,0901210000,00,COFFEE,IT,300,4000,1,2026-02-22
IT01248510164,96039099,9603909900,00,CYLINDRICAL BRUSHES,IT,300,4000,2,2026-07-14
IT01255330506,19021990,1902199090,90,PASTA,IT,300,4000,1,2026-07-11
IT01299680353,04062000,0406200000,00,GRANA PADANO,IT,300,4000,15,2026-08-16
IT01299680353,04063031,0406303100,00,PARMESAN CHEESE,IT,300,4000,4,2026-08-16
IT01299680353,04069061,0406906100,00,GRANA PADANO,IT,300,4000,16,2026-08-16
IT01299680353,04069069,0406906900,00,CHEESE,IT,300,4000,3,2026-08-16
IT01299680353,04069075,0406907590,90,MONTASIO MEZZANO,IT,300,4000,8,2026-08-16
IT01310220155,39261000,3926100000,00,Office or school supplies,IT,300,4000,1,2026-02-08
IT01310220155,91052900,9105290000,00,Wall clocks Other,IT,300,4000,1,2026-02-08
IT01317310330,04061050,0406105090,90,CAGLIATA,IT,300,4000,1,2026-07-25
IT01330290162,04064090,0406409000,00,CHEESE,IT,300,4000,1,2026-02-01
IT01330290162,04069092,0406909290,90,CHEESE,IT,300,4000,1,2026-02-01
IT01335150353,39172110,3917211090,90,RIGID TUBES PIPES AND HOSES OF POLYMERS OF ETHYLENE Seamless and of a length exceeding the maximum crosssectional dimension whether or not surfaceworked but not otherwise worked,IT,300,4000,1,2026-07-24
IT01335150353,40092100,4009210000,00,REINFORCED TUBES PIPES AND HOSES WITHOUT FITTINGS,CZ,300,4000,3,2026-07-24
IT01335150353,40094100,4009410000,00,REINFORCED TUBES PIPES AND HOSES WITHOUT FITTINGS,IT,300,4000,1,2026-07-24
IT01335150353,40094200,4009420090,90,TUBES PIPES AND HOSES WITH FITTINGS,IT,300,4000,1,2026-07-24
IT01335150353,58063290,5806329000,00,NARROW WOVEN FABRICS OFMAN MADE FIBRES,IT,300,4000,1,2026-07-24
IT01365370442,19021100,1902110090,90,UNCOOKED PASTA,IT,300,4000,2,2026-06-28
IT01365370442,19021990,1902199090,90,UNCOOKED PASTA,IT,300,4000,2,2026-06-28
IT01393490907,04069063,0406906310,10,CHEESE,IT,300,4000,1,2026-04-23
IT01415990421,19059080,1905908000,00,ITALIAN BREADCRUMBS,IT,300,4000,1,2026-04-26
IT0142505023,19022099,1902209990,90,Stuffed pasta,IT,300,4000,1,2026-03-15
IT01425050232,19022099,1902209990,90,STUFFED PASTA,IT,300,4000,3,2026-07-12
IT01457900916,22042178,2204217890,90,ITALIAN WINE,IT,300,4000,1,2026-06-14
IT01457900916,22042180,2204218090,90,ITALIAN WINE,IT,300,4000,1,2026-06-14
IT01466080080,21039090,2103909089,89,SPREDS PESTO SAUCES,IT,300,4000,1,2026-05-24
IT01539860781,08042090,0804209000,00,FIGS,IT,300,4000,1,2026-02-28
IT01539860781,21039090,2103909089,89,HOT CHILLI,IT,300,4000,1,2026-02-28
IT01551351214,20021011,2002101100,00,PEELED TOMATOES,IT,300,4000,2,2026-07-19
IT01551351214,20059980,2005998098,98,BROCCOLI,IT,300,4000,1,2026-07-12
IT01557540133,02101219,0210121900,00,Meat,IT,300,4000,2,2026-08-02
IT01557540133,02101981,0210198190,90,Meat,IT,300,4000,2,2026-08-02
IT01557540133,02102090,0210209099,99,MEAT PRODUCTS,IT,300,4000,1,2026-08-02
IT01557540133,16010091,1601009190,90,SALAMI,IT,300,4000,2,2026-08-02
IT01606400024,04069063,0406906390,90,PECORINO,IT,300,4000,2,2026-02-08
IT01606400024,04069075,0406907590,90,ASIAGO,IT,300,4000,1,2026-02-08
IT01606400024,04069076,0406907690,90,OCCELLI TOMA,IT,300,4000,1,2026-02-08
IT01609490055,04061080,0406108080,80,CHEESE,IT,300,4000,15,2026-08-09
IT01627260167,04064050,0406405000,00,Gorgonzola,IT,300,4000,23,2026-08-08
IT01627260167,04064090,0406409000,00,Baffalo,IT,300,4000,12,2026-08-02
IT01627260167,04069076,0406907690,90,Fontal,IT,300,4000,14,2026-08-08
IT01627260167,04069079,0406907990,90,Taleggio,IT,300,4000,24,2026-08-08
IT01627260167,04069089,0406908990,90,Buffaletto,IT,300,4000,7,2026-08-08
IT01628010975,19053199,1905319900,00,BISCUITS,IT,300,4000,1,2026-03-29
IT01628010975,19054010,1905401000,00,TOSTED BRIOCHE,IT,300,4000,1,2026-05-24
IT01629311000,20049091,2004909100,00,CARAMELISED ONIONS,IT,300,4000,1,2026-06-10
IT01667940025,04064090,0406409000,00,Blueveined cheese,IT,300,4000,1,2026-03-08
IT01667940025,04069099,0406909900,00,Margot,IT,300,4000,1,2026-03-08
IT01667940732,04064090,0406409000,00,CAPRA BLU,IT,300,4000,1,2026-06-14
IT01667940732,04069099,0406909900,00,TOMA PIMENONTESE,IT,300,4000,1,2026-06-14
IT01713010682,15092000,1509200090,90,EXTRA VIRGIN OLIVE OIL,IT,300,4000,2,2026-07-02
IT01715820625,22042138,2204213810,10,ITALIAN WINE,IT,300,4000,2,2026-04-29
IT01715820625,22042138,2204213890,90,ITALIAN WINE,IT,300,4000,2,2026-04-29
IT01715820625,22042178,2204217810,10,ITALIAN WINE,IT,300,4000,3,2026-04-29
IT01715820625,22042178,2204217890,90,ITALIAN WINE,IT,300,4000,1,2026-04-29
IT01715820625,22042179,2204217910,10,ITALIAN WINE,IT,300,4000,1,2026-04-29
IT01715820625,22042180,2204218010,10,ITALIAN WINE,IT,300,4000,1,2026-04-29
IT01715820625,22042979,2204297910,10,ITALIAN WINE,IT,300,4000,2,2026-06-28
IT01746730363,02101219,0210121900,00,PANCETTA,IT,300,4000,2,2026-02-22
IT01746730363,02101960,0210196000,00,GUANCIALE,IT,300,4000,1,2026-02-22
IT01746730363,16010091,1601009190,90,NDUJA,IT,300,4000,1,2026-02-01
IT01749310742,22042179,2204217910,10,ITALIAN WINE,IT,300,4000,2,2026-06-28
IT01749310742,22042180,2204218010,10,ITALIAN WINE,IT,300,4000,2,2026-06-28
IT01749310742,22042180,2204218090,90,ITALIAN WINE,IT,300,4000,2,2026-06-28
IT01814420798,07129090,0712909090,90,DRIED MIX,IT,300,4000,5,2026-06-13
IT01814420798,09042200,0904220090,90,DRIED HOT PEPPERS,IT,300,4000,4,2026-06-13
IT01814420798,09109999,0910999900,00,OREGANO,IT,300,4000,4,2026-06-13
IT01814420798,12119086,1211908690,90,OREGANO FROM CALAIRIA,IT,300,4000,4,2026-06-13
IT01814420798,16010091,1601009190,90,SAUSAGE SPREAD,IT,300,4000,4,2026-06-13
IT01814420798,20019070,2001907090,90,HOT LONG PEPPERS,IT,300,4000,3,2026-06-13
IT01814420798,20021090,2002109000,00,DRIED TOMATTOES,IT,300,4000,1,2026-02-22
IT01814420798,20057000,2005700000,00,OLIVES,IT,300,4000,1,2026-04-25
IT01814420798,20059920,2005992090,90,HOT PEPPERS,IT,300,4000,1,2026-08-09
IT01814420798,20059950,2005995090,90,RED PESTO,IT,300,4000,1,2026-02-22
IT01814420798,20059980,2005998098,98,HOT LONG PEPPERS,IT,300,4000,1,2026-02-22
IT01814420798,20071010,2007101095,95,MIEL HOT,IT,300,4000,2,2026-06-13
IT01814420798,21039090,2103909089,89,HOT PEPPERSAUCE,IT,300,4000,10,2026-08-09
IT01877500619,04061030,0406103090,90,CHEESE,IT,300,4000,62,2026-08-16
IT01877500619,04061050,0406105090,90,CHEESE,IT,300,4000,42,2026-08-16
IT01887800231,02101111,0210111100,00,ITALIAN CURED MEAT,IT,300,4000,6,2026-07-12
IT01887800231,04069069,0406906900,00,ITALIAN CHEESE,IT,300,4000,5,2026-07-12
IT01887800231,04069075,0406907590,90,ITALIAN CHEESE,IT,300,4000,4,2026-04-26
IT01887800231,07108095,0710809580,80,ITALIAN VEGETABLES,IT,300,4000,2,2026-03-29
IT01887800231,16010091,1601009110,10,ITALIAN CURED MEAT,IT,300,4000,3,2026-07-12
IT01887800231,16010091,1601009190,90,ITALIAN SAUSAGES,IT,300,4000,1,2026-05-31
IT01887800231,20079931,2007993199,99,ITALIAN JAMS,IT,300,4000,1,2026-01-18
IT01913170435,19059080,1905908000,00,PIZZA,IT,300,4000,3,2026-06-06
IT01913170435,21032000,2103200000,00,SAUCE,IT,300,4000,1,2026-06-03
IT01965940982,22041093,2204109310,10,ITALIAN WINE,IT,300,4000,1,2026-06-21
IT01965940982,22042138,2204213810,10,ITALIAN WINE,IT,300,4000,1,2026-06-21
IT01965940982,22042178,2204217810,10,ITALIAN WINE,IT,300,4000,1,2026-06-21
IT01972450207,20060038,2006003889,89,MOSTARDA,IT,300,4000,4,2026-07-25
IT01972450207,20079190,2007919000,00,CONFITURE,IT,300,4000,4,2026-07-25
IT01972450207,21069098,2106909869,69,GELATINA,IT,300,4000,2,2026-05-31
IT01974400309,22042127,2204212710,10,ITALIAN WINE,IT,300,4000,4,2026-05-26
IT01974400309,22042178,2204217810,10,ITALIAN WINE,IT,300,4000,2,2026-05-26
IT01988280267,63052000,6305200090,90,COTTON BAGS,IT,300,4000,1,2026-05-14
IT01988280267,70133791,7013379100,00,GLASSES,IT,300,4000,2,2026-05-14
IT01989570161,39173900,3917390099,99,BICYCLE TUBING,IT,300,4000,2,2026-08-07
IT01989570161,61034300,6103430000,00,SHORTS OF SYNTHETIC FIBRES,IT,300,4000,2,2026-08-07
IT01989570161,61103091,6110309100,00,MENS OR BOYS WAISTCOAT OF MAN MADE FIBRES,IT,300,4000,2,2026-08-07
IT01989570161,61103099,6110309900,00,GIRLS OR WOMEN JERSEYS OF MAN MADE FIBRES,IT,300,4000,2,2026-08-07
IT01989570161,87149990,8714999089,89,TYRE LEVERS,IT,300,4000,1,2026-07-30
IT02007510684,22042178,2204217810,10,ITALIAN WINE,IT,300,4000,1,2026-06-28
IT02007510684,22042178,2204217890,90,ITALIAN WINE,IT,300,4000,3,2026-06-28
IT02007510684,22042179,2204217910,10,ITALIAN WINE,IT,300,4000,4,2026-06-28
IT02007510684,22042181,2204218110,10,ITALIAN WINE,IT,300,4000,1,2026-06-28
IT02007510684,22042181,2204218190,90,ITALIAN WINE,IT,300,4000,1,2026-06-28
IT02007510684,22042182,2204218210,10,ITALIAN WINE,IT,300,4000,1,2026-06-28
IT02007510684,22042182,2204218290,90,ITALIAN WINE,IT,300,4000,1,2026-06-28
IT02016050540,07132000,0713200000,00,CHICKPEAS ITALY,IT,300,4000,1,2026-03-08
IT02016050540,07133390,0713339000,00,BEANS,IT,300,4000,1,2026-03-08
IT02016050540,07134000,0713400000,00,LENTIL,IT,300,4000,1,2026-03-08
IT02016050540,07139000,0713900090,90,CHICKPEA,IT,300,4000,1,2026-03-08
IT02016050540,10039000,1003900030,30,PEARL BARLEY,IT,300,4000,1,2026-03-08
IT02016050540,10089000,1008900000,00,PEARL SPELT,IT,300,4000,1,2026-03-08
IT02104430349,19059080,1905908000,00,PIZZA BASE,IT,300,4000,2,2026-01-04
IT02158960399,19021100,1902110090,90,PASTA,IT,300,4000,3,2026-08-09
IT02158960399,19021990,1902199090,90,STUFFED PASTA,IT,300,4000,6,2026-08-09
IT02158960399,19022099,1902209990,90,STUFFED PASTA,IT,300,4000,10,2026-08-09
IT02183630785,19023010,1902301080,80,DRIED PASTA,IT,300,4000,1,2026-03-18
IT02183630785,20059950,2005995090,90,MIXED GRILLED VEGETABLES,IT,300,4000,1,2026-03-18
IT02183630785,21032000,2103200000,00,TOMATO KETCHUP AND OTHER TOMATO SAUCES,IT,300,4000,1,2026-03-18
IT02209470026,10062096,1006209600,00,LONG GRAIN RICE OF A LENGTH WIDTH RATIO GREATER THAN 2 BUT LESS THAN 3,IT,300,4000,1,
IT02209470026,10063094,1006309410,10,MEDIUM GRAIN In immediate packings of a net content not exceeding 5 kg,IT,300,4000,1,
IT02209470026,10063096,1006309690,90,ASSORTED LONG GRAIN RICE,IT,300,4000,1,
IT02209470026,19049010,1904901000,00,PREPARED RICE FOODS,IT,300,4000,1,
IT02278870692,15092000,1509200010,10,EXTRA VIRGINE OLIVE,IT,300,4000,1,2026-05-31
IT02288500024,21050010,2105001000,00,ICE CREAM,IT,300,4000,12,2026-08-16
IT02288500024,21050091,2105009100,00,ICE CREAM,IT,300,4000,5,2026-08-16
IT02325940845,19049010,1904901000,00,ARANCINA,IT,300,4000,2,2026-05-17
IT02325940845,19059070,1905907000,00,RIZZOLI,IT,300,4000,2,2026-05-17
IT02325940845,19059080,1905908000,00,CASSATA,IT,300,4000,2,2026-05-17
IT023259440845,19049010,1904901000,00,ARANCINA,IT,300,4000,1,
IT023259440845,19059070,1905907000,00,RIZZOLI,IT,300,4000,1,
IT023259440845,19059080,1905908000,00,CASSATA,IT,300,4000,1,
IT023259440845,21050091,2105009100,00,ICE CREAM,IT,300,4000,1,
IT02339140879,15092000,1509200090,90,EXTRA VIRGIN OLIVE OIL,IT,300,4000,1,2026-08-09
IT02339140879,20021090,2002109000,00,SEMIDRIED TOMATOES,IT,300,4000,1,2026-08-09
IT02339140879,20059930,2005993090,90,GLOBE ARTICHOKES,IT,300,4000,1,2026-08-09
IT02339140879,20059950,2005995090,90,CAPONATA CHOPPED FRIED EGGPLANT AUBERGINE,IT,300,4000,1,2026-08-09
IT02342990153,49111010,4911101000,00,Trade advertising material commercial catalogues and the like Commercial catalogues,IT,300,4000,1,2026-01-13
IT02342990153,69111000,6911100090,90,Tableware and kitchenware Other,FR,300,4000,1,2026-01-13
IT0234730654,19059080,1905908000,00,SICILIAN PASTRY SEMI FINISHED,IT,300,4000,1,2026-06-14
IT02348090040,22042162,2204216290,90,WINE,IT,300,4000,3,2026-03-11
IT02360280230,04061050,0406105030,30,RICOTTA CHEESE,IT,300,4000,4,2026-02-01
IT02409450711,20021090,2002109000,00,DRIED TOMATOES IN OIL,IT,300,4000,1,2026-02-09
IT02411870344,02101981,0210198190,90,PARMA HAM,IT,300,4000,3,2026-06-14
IT02422560710,07129030,0712903000,00,TOMATOES,IT,300,4000,2,2026-07-11
IT02422560710,20019097,2001909791,91,TOMATO IN OIL,IT,300,4000,1,2026-06-21
IT02422560710,20019097,2001909799,99,VEGETABLES IN OIL,IT,300,4000,3,2026-08-09
IT02422560710,20057000,2005700000,00,OLIVES,IT,300,4000,4,2026-08-09
IT02425570823,25010091,2501009100,00,SALT,IT,300,4000,1,2026-03-07
IT02428440164,04069079,0406907990,90,CHEESE,IT,300,4000,3,2026-07-19
IT02431690243,16010091,1601009105,05,SALAME,IT,300,4000,1,2026-02-15
IT02431690243,16010091,1601009190,90,SAUSAGE,IT,300,4000,1,2026-06-21
IT02435180266,04061080,0406108080,80,CHEESE,IT,300,4000,1,2026-02-22
IT02435180266,04069086,0406908690,90,CHEESE,IT,300,4000,1,2026-02-22
IT02436430991,21039090,2103909019,19,PESTO,IT,300,4000,1,2026-07-05
IT02436850230,19021100,1902110090,90,ITALIAN PASTA,IT,300,4000,7,2026-06-21
IT02436850230,19023090,1902309090,90,PASTA,IT,300,4000,6,2026-06-21
IT02443670829,20019097,2001909799,99,FOOD PREPARATIONS,IT,300,4000,1,2026-05-17
IT02443670829,21032000,2103200000,00,SALSA TOMATTO SAUCES,IT,300,4000,1,2026-05-17
IT02443670829,21039090,2103909081,81,SALSA,IT,300,4000,1,2026-05-17
IT02457290365,22042106,2204210600,00,WINE,IT,300,4000,1,2026-04-06
IT02457290365,22090091,2209009100,00,BALSAMIC VINEGAR,IT,300,4000,1,2026-04-06
IT02481290282,84143081,8414308189,89,CHILLER PARTS,IT,300,4000,2,2026-04-28
IT02481290282,84159000,8415900099,99,CHILLER PARTS,IT,300,4000,1,2026-05-29
IT02494440023,10062094,1006209400,00,BROWN RICE,IT,300,4000,4,2026-08-02
IT02494440023,10062096,1006209600,00,LONG GRAIN RICE OF A LENGTH WIDTH RATIO GREATER THAN 2 BUT LESS THAN 3,IT,300,4000,1,2026-08-09
IT02494440023,10063096,1006309690,90,RICE,IT,300,4000,10,2026-08-09
IT02494440023,19049010,1904901000,00,PREPARED RICE FOODS,IT,300,4000,1,2026-08-09
IT02526610908,22042138,2204213810,10,ITALIAN WINE,IT,300,4000,2,2026-05-03
IT02563920210,02101219,0210121900,00,MEATS,DE,300,4000,4,2026-07-12
IT02563920210,02101290,0210129000,00,ITALIAN CURED MEAT,IT,300,4000,1,2026-05-10
IT02563920210,02101981,0210198110,10,ITALIAN CURED MEAT,DE,300,4000,7,2026-07-12
IT02563920210,16010091,1601009105,05,SAUSAGES,IT,300,4000,2,2026-06-14
IT02563920210,16010091,1601009190,90,SAUSAGES,DE,300,4000,2,2026-04-19
IT02563920210,16024110,1602411090,90,MEATS,IT,300,4000,1,2026-03-29
IT02564290274,39201089,3920108990,90,ETHYLENE POLYMERS OF A THICKNESS EXCEEDING 0.125MM,IT,300,4000,1,2026-08-12
IT02565080427,02101119,0210111900,00,CORTE MARCHIGIANA,IT,300,4000,1,2026-06-18
IT02565080427,02101930,0210193000,00,PILLOW WITH PEPPER,IT,300,4000,2,2026-07-18
IT02565080427,02101981,0210198190,90,HAM,IT,300,4000,1,2026-06-18
IT02565080427,04069061,0406906100,00,Parmigiano Reggiano,IT,300,4000,1,2026-06-18
IT02565080427,04069063,0406906310,10,Pecorino,IT,300,4000,1,2026-06-18
IT02565080427,04069063,0406906390,90,CHEESE,IT,300,4000,2,2026-06-14
IT02565080427,04069075,0406907590,90,Asiago,IT,300,4000,2,2026-06-18
IT02565080427,04069084,0406908400,00,Brie,IT,300,4000,1,2026-06-18
IT02565080427,04069093,0406909300,00,Cheese,IT,300,4000,1,2026-06-18
IT02565080427,04069099,0406909900,00,CHEESE,IT,300,4000,3,2026-06-18
IT02565080427,07099210,0709921000,00,Green olives,IT,300,4000,1,2026-06-06
IT02565080427,07112090,0711209000,00,VEGETABLE,IT,300,4000,1,2026-07-18
IT02565080427,11031110,1103111000,00,WHEAT,IT,300,4000,1,2026-07-18
IT02565080427,15092000,1509200010,10,Extra virgin olive oil,IT,300,4000,1,2026-04-12
IT02565080427,15092000,1509200090,90,Extra virgin olive oil,IT,300,4000,3,2026-07-18
IT02565080427,16010091,1601009190,90,SALAME,IT,300,4000,4,2026-07-18
IT02565080427,20019097,2001909799,99,CAMPERS,IT,300,4000,1,2026-07-18
IT02565080427,20021011,2002101100,00,Tomatoes,IT,300,4000,2,2026-07-18
IT02565080427,20039010,2003901000,00,Truffles,IT,300,4000,1,2026-06-06
IT02565080427,20057000,2005700000,00,Olives,IT,300,4000,3,2026-07-18
IT02565080427,20059980,2005998094,94,Peppers,IT,300,4000,1,2026-06-06
IT02565080427,20094919,2009491990,90,BANANAS juice,IT,300,4000,1,2026-07-18
IT02565080427,20097919,2009791990,90,Apple juice,IT,300,4000,2,2026-07-18
IT02565080427,20098979,2009897991,91,Red orange juice,IT,300,4000,2,2026-07-18
IT02565080427,22021000,2202100000,00,CHINOTTO,IT,300,4000,1,2026-07-18
IT02586150357,21039090,2103909019,19,VINEGAR,IT,300,4000,4,2026-06-25
IT02586150357,21039090,2103909089,89,VINEGAR,IT,300,4000,2,2026-08-06
IT02586150357,22090091,2209009100,00,VINEGAR,IT,300,4000,3,2026-08-06
IT02603430139,84159000,8415900099,99,CHILLER PARTS,IT,300,4000,1,2026-02-12
IT02644480994,19012000,1901200000,00,CROISSANT,IT,300,4000,7,2026-08-01
IT02644480994,19059070,1905907000,00,TORTA,IT,300,4000,7,2026-08-01
IT02644480994,19059080,1905908000,00,FOCACCIA CAPRESE,IT,300,4000,6,2026-08-01
IT02654810361,16010091,1601009190,90,SALAME,IT,300,4000,1,2026-03-15
IT02654810361,16024110,1602411090,90,PROSCIUTTO COTTO,IT,300,4000,1,2026-03-15
IT02745620225,15092000,1509200010,10,Olive Oil,IT,300,4000,2,2026-04-21
IT02745620225,15092000,1509200090,90,Extra virgin olive oil,IT,300,4000,2,2026-04-24
IT02745620225,19053119,1905311900,00,Biscotti,IT,300,4000,4,2026-04-24
IT02745620225,19059080,1905908000,00,Macoritti mini cracker salati,IT,300,4000,2,2026-04-21
IT02745620225,20021019,2002101900,00,Tomato Sauce,IT,300,4000,2,2026-04-21
IT02745620225,22021000,2202100000,00,Soft Drink,IT,300,4000,2,2026-04-21
IT02745620225,22029919,2202991911,11,ITALIAN NON ALCOHOLIC SPIRIT,IT,300,4000,2,2026-04-21
IT02745620225,22041098,2204109800,00,ITALIAN WINE,IT,300,4000,13,2026-04-24
IT02745620225,22041098,2204109890,90,ITALIAN WINE,IT,300,4000,19,2026-06-24
IT02745620225,22042183,2204218310,10,ITALIAN WINE,IT,300,4000,28,2026-06-24
IT02745620225,22042183,2204218390,90,ITALIAN WINE,IT,300,4000,18,2026-05-14
IT02745620225,22042184,2204218410,10,ITALIAN WINE,IT,300,4000,26,2026-06-24
IT02745620225,22042184,2204218490,90,ITALIAN WINE,IT,300,4000,23,2026-06-24
IT02745620225,22042190,2204219010,10,ITALIAN WINE,IT,300,4000,6,2026-04-21
IT02745620225,22051010,2205101000,00,ITALIAN VERMOUTH,IT,100,4000,2,
IT02745620225,22085011,2208501100,00,ITALIAN GIN,IT,100,4000,3,
IT02745620225,22087010,2208701000,00,ITALIAN SPIRITS,IT,100,4000,11,
IT02745620225,39241000,3924100019,19,PLASTIC TABLEWARE,IT,300,4000,1,2026-05-14
IT02745620225,39241000,3924100090,90,PLASTIC TABLEWARE,IT,300,4000,1,2026-06-11
IT02745620225,39269097,3926909790,90,PLASTIC TABLECLOTHS,IT,300,4000,1,2026-06-11
IT02745620225,40169997,4016999790,90,BARMATS,IT,300,4000,1,2026-06-11
IT02745620225,42022290,4202229090,90,Wine bag pz 400,IT,300,4000,3,2026-05-14
IT02745620225,42029298,4202929890,90,BAGS,IT,300,4000,1,2026-06-11
IT02745620225,48236100,4823610000,00,Paper cup pz 300,IT,100,4000,1,
IT02745620225,49111090,4911109000,00,Trade advertising material,IT,300,4000,5,2026-04-24
IT02745620225,63025310,6302531000,00,TABLECLOTHS,IT,300,4000,1,2026-06-11
IT02745620225,70134999,7013499900,00,GLASSWARE,IT,300,4000,1,2026-06-11
IT02745620225,82055100,8205510000,00,CORKSCREWS,IT,300,4000,1,2026-05-14
IT02745620225,84314100,8431410090,90,Ice bucket,IT,300,4000,2,2026-04-24
IT02762600274,19059080,1905908000,00,FROZEN DESSERTS,IT,300,4000,5,2026-07-04
IT02765870429,22042138,2204213810,10,ITALIAN WINE,IT,300,4000,1,2026-04-24
IT02794380218,02101981,0210198120,20,Meat,IT,300,4000,1,2026-02-22
IT02849350547,02091019,0209101900,00,MEAT,IT,300,4000,4,2026-07-11
IT02849350547,02101981,0210198190,90,MEAT,IT,300,4000,3,2026-04-25
IT02849350547,02101989,0210198900,00,MEAT,IT,300,4000,2,2026-07-11
IT02849350547,16010091,1601009190,90,SAUSAGES,IT,300,4000,1,2026-02-01
IT02849350547,16023219,1602321990,90,COCORE,IT,300,4000,1,2026-07-11
IT02866760644,19021910,1902191090,90,Uncooked pasta,IT,300,4000,4,2026-06-25
IT02891690790,16010091,1601009190,90,SALAMI,IT,300,4000,1,2026-04-23
IT02906150814,15092000,1509200090,90,EXTRA VIRGIN OLIVE OIL,IT,300,4000,3,2026-08-02
IT02988140618,04061030,0406103090,90,Mozzarella,IT,300,4000,34,2026-08-16
IT03084500598,04069092,0406909290,90,Cheese,IT,300,4000,2,2026-05-26
IT03185240607,19059080,1905908000,00,ITALIAN PASTRIES,IT,300,4000,7,2026-08-16
IT03206300364,02101219,0210121900,00,Meat of swine,IT,300,4000,1,2026-01-18
IT03206300364,02101981,0210198190,90,Meat of swine,IT,300,4000,6,2026-01-18
IT03206300364,16010091,1601009190,90,SALAMI,IT,300,4000,3,2026-01-18
IT03275200594,19059045,1905904500,00,BISCUITS,IT,300,4000,4,2026-06-14
IT03309080160,85446090,8544609000,00,ELECTRIC CONDUCTORS,IT,300,4000,1,2026-07-16
IT033410405545,44199000,4419900000,00,TABLEWARE OF OLIVE WOOD,IT,300,4000,1,2026-07-24
IT03357840275,82055100,8205510000,00,CORKSCREWS,IT,300,4000,1,2026-07-17
IT03457900714,07108095,0710809580,80,FRIARIELLI,IT,300,4000,2,2026-07-19
IT03473880783,39232100,3923210000,00,SACKS BAGS OF POLYMERS OF ETHYLENE,IT,300,4000,1,2026-07-21
IT03665830653,07096099,0709609990,90,PEPPERS,IT,300,4000,1,2026-07-09
IT03665830653,07129030,0712903000,00,TOMATOES,IT,300,4000,1,2026-07-09
IT03739110710,15092000,1509200010,10,Extra virgin olive oil,IT,300,4000,1,2026-02-15
IT03739110710,20029019,2002901900,00,PASSATA,IT,300,4000,1,2026-02-15
IT03739110710,20057000,2005700000,00,Olives,IT,300,4000,1,2026-02-15
IT03739110710,21032000,2103200000,00,Tomato ketchup,IT,300,4000,1,2026-02-15
IT03739110710,22042179,2204217990,90,BIANCO WINE,IT,300,4000,1,2026-02-15
IT03739110710,22042180,2204218090,90,ROSSO WINE,IT,300,4000,2,2026-02-15
IT03832680791,19021910,1902191090,90,PASTA,IT,300,4000,1,2026-08-02
IT03928270655,09012100,0901210000,00,ITALIAN COFFEE,IT,300,4000,1,2026-06-18
IT03964690261,84159000,8415900099,99,FAN SECTION,IT,300,4000,1,2026-08-05
IT03988490136,94016100,9401610000,00,Other seats with wooden frames Upholstered,IT,300,4000,2,2026-03-25
IT04059790289,84819000,8481900090,90,MINI BATH TUB DOORS COVERS,IT,300,4000,2,2026-08-11
IT04101090043,20081919,2008191950,50,Hazelnut,IT,300,4000,2,2026-05-26
IT04159000233,19059030,1905903000,00,BREAD,IT,300,4000,4,2026-08-07
IT0425050232,19022099,1902209990,90,STUFFED PASTA,IT,300,4000,2,2026-06-07
IT04355250723,15092000,1509200090,90,EXTRA VIRGIN OLIVE OIL,IT,300,4000,1,2026-03-24
IT04365470618,19023090,1902309090,90,PASTA,IT,300,4000,6,2026-06-14
IT0436570618,19023090,1902309090,90,FUSILLI,IT,300,4000,1,2026-03-02
IT04551270300,19059080,1905908000,00,FROZEN PIZZA BASES,IT,300,4000,1,2026-04-26
IT04551270400,19059080,1905908000,00,PIZZA BASES,IT,300,4000,8,2026-08-16
IT04670150871,21069098,2106909869,69,PREFRIED RICE BALLS,IT,300,4000,10,2026-08-09
IT04675820874,22042178,2204217810,10,ITALIAN WINE,IT,300,4000,1,2026-07-12
IT04774710265,22030001,2203000100,00,BEER BOTTLES ANALCOLICA,IT,300,4000,2,2026-04-22
IT04902660960,39079110,3907911000,00,RESIN SOLUTION,IT,300,4000,1,2026-06-25
IT05178150875,04069050,0406905000,00,RICOTTA,IT,300,4000,4,2026-06-28
IT05178150875,19053199,1905319900,00,CAKES,IT,300,4000,4,2026-06-28
IT05178150875,19059080,1905908000,00,ARANCINI,IT,300,4000,4,2026-06-28
IT05202110655,19059080,1905908000,00,FROZEN DESSERTS,IT,300,4000,10,2026-07-19
IT05226740750,21032000,2103200000,00,TOMATO SAUCES SAMPLES,IT,300,4000,1,2026-07-05
IT05472881217,19021100,1902110020,20,ARANCINO,IT,300,4000,1,2026-02-08
IT0552520983,08025200,0802520000,00,PISTACHIOS,IT,300,4000,1,2026-08-07
IT0552520983,09012100,0901210000,00,COFFEE,IT,300,4000,1,2026-08-07
IT0552520983,11010011,1101001100,00,DURUM WHEAT,IT,300,4000,1,2026-08-07
IT0552520983,11010015,1101001500,00,COMMON WHEAT,IT,300,4000,1,2026-08-07
IT0552520983,17019910,1701991000,00,WHITE SUGAR,IT,300,4000,1,2026-08-07
IT0552520983,17049065,1704906500,00,GUM CONFECTIONARY,IT,300,4000,1,2026-08-07
IT0552520983,18069060,1806906099,99,CHOCOLATE SPREAD,IT,300,4000,1,2026-08-07
IT0552520983,19021910,1902191090,90,UNCOOKED PASTA,IT,300,4000,1,2026-08-07
IT0552520983,19053119,1905311900,00,SWEET BISCUITS,IT,300,4000,1,2026-08-07
IT0552520983,19053299,1905329900,00,WAFERS,IT,300,4000,1,2026-08-07
IT0552520983,19059080,1905908000,00,BREADS,IT,300,4000,1,2026-08-07
IT0552520983,20049098,2004909880,80,GLOBE ARTICHOKES,IT,300,4000,1,2026-08-07
IT0552520983,20057000,2005700000,00,OLIVES,IT,300,4000,1,2026-08-07
IT0552520983,20071010,2007101095,95,JAMS,IT,300,4000,1,2026-08-07
IT0552520983,21021010,2102101090,90,YEASTS,IT,300,4000,1,2026-08-07
IT0552520983,21032000,2103200000,00,TOMATO SAUCE,IT,300,4000,1,2026-08-07
IT0552520983,21039090,2103909019,19,BISCOTTI,IT,300,4000,1,2026-08-07
IT0552520983,21069092,2106909285,85,OTHER BAKED GOODS,IT,300,4000,1,2026-08-07
IT0552520983,21069098,2106909869,69,OTHER BAKED GOODS,IT,300,4000,1,2026-08-07
IT0552520983,22011011,2201101100,00,VINEGAR,IT,300,4000,1,2026-08-07
IT0552520983,22021000,2202100000,00,WATERS,IT,300,4000,1,2026-08-07
IT0552520983,22029915,2202991599,99,MINERAL WATERS,IT,300,4000,1,2026-08-07
IT0552520983,33072000,3307200000,00,AIR SPRAYS FOR TOILETS,IT,300,4000,1,2026-08-07
IT0552520983,34011100,3401110000,00,TOILET SOAP,IT,300,4000,1,2026-08-07
IT0552520983,34013000,3401300000,00,SOAP,IT,300,4000,1,2026-08-07
IT0552520983,48115900,4811590090,90,DISPLAYS,IT,300,4000,1,2026-08-07
IT0552520983,48236990,4823699000,00,BAKING TRAYS,IT,300,4000,1,2026-08-07
IT05713420726,04069069,0406906900,00,CHEESE,IT,300,4000,1,2026-05-24
IT05786390723,15092000,1509200090,90,OLIVE OIL,IT,300,4000,1,2026-03-15
IT06038540651,19053191,1905319100,00,FROZEN DESSERTS,IT,300,4000,1,2026-03-09
IT06045380828,19049010,1904901000,00,RICE,IT,300,4000,3,2026-08-16
IT06045380828,19059080,1905908000,00,CANNOLI,IT,300,4000,11,2026-08-16
IT06045380828,20052020,2005202000,00,Potatoes,IT,300,4000,3,2026-08-16
IT06408730726,04061080,0406108080,80,BURRATA,IT,300,4000,18,2026-08-13
IT07239170637,20029011,2002901100,00,CRUSHED TOMATOES MASHED TOMATOES,IT,300,4000,7,2026-08-12
IT07354011004,09012100,0901210000,00,COFFEE,IT,300,4000,1,2026-03-27
IT07641311217,19059080,1905908000,00,CONFECTIONARY PRODUCTS,IT,300,4000,1,2026-02-08
IT07641311217,21069098,2106909869,69,FOOD PREPARATIONS,IT,300,4000,1,2026-02-08
IT07818151214,04061030,0406103090,90,Mozzarella,IT,300,4000,1,2026-06-14
IT07818151214,19049010,1904901000,00,rice,IT,300,4000,1,2026-04-16
IT07818151214,19059080,1905908000,00,MARGERITA PIZZA,IT,300,4000,8,2026-08-13
IT07818151214,21069098,2106909869,69,food preparations,IT,300,4000,1,2026-04-16
IT078181512144,19059080,1905908000,00,MARGHERITA PIZZA,IT,300,4000,1,2026-07-05
IT0799400153,11081300,1108130000,00,POTATO STARCH,IT,300,4000,1,2026-07-24
IT0799400153,18062080,1806208099,99,CHOCOLATE FLAVOUR COATING,IT,300,4000,1,2026-07-24
IT0799400153,19052010,1905201000,00,GINGERBREAD,IT,300,4000,1,2026-07-24
IT07994400153,11081300,1108130000,00,Potato starch,IT,300,4000,1,2026-04-08
IT07994400153,17049099,1704909992,92,Halva and Loukhum Halva,IT,300,4000,1,2026-04-08
IT08176920968,19059080,1905908000,00,BAKERY STUFF,IT,300,4000,1,2026-06-28
IT08420190723,19054090,1905409000,00,FRISELLINE CROSTINI TARALLI TOASTED PRODUCTS,IT,300,4000,2,2026-03-18
IT08437330965,38249992,3824999299,99,INHIBITOR,IT,300,4000,1,2026-01-20
IT08715261213,19022099,1902209990,90,Stuffed pasta,IT,300,4000,3,2026-08-02
IT08715261213,20041099,2004109900,00,Potatoes,IT,300,4000,3,2026-08-02
IT09553280968,21069098,2106909869,69,FOOD PREPARATIONS,IT,300,4000,1,2026-03-31
IT10259671211,19059080,1905908000,00,FROZEN PIZZA BASES,IT,300,4000,1,2026-07-12
IT11298090967,22042180,2204218010,10,ITALIAN WINE,IT,300,4000,1,2026-03-08
IT12721450158,10062094,1006209400,00,Black rice,IT,300,4000,2,2026-05-26
IT12721450158,10062096,1006209600,00,Whole rice,IT,300,4000,2,2026-05-26
IT12721450158,10062098,1006209899,99,Red rice,IT,300,4000,2,2026-05-26
IT12721450158,10063096,1006309690,90,Arborio rice,IT,300,4000,4,2026-05-26
IT12721450158,10063098,1006309896,96,Basmati rice,IT,300,4000,2,2026-05-26
IT12721450158,11031310,1103131000,00,Polenta,IT,300,4000,2,2026-05-26
IT16718421007,22041098,2204109890,90,SPARKLING WHITE WINE,FR,300,4000,1,2026-08-01
IT16718421007,22042183,2204218390,90,EN PROLE,FR,300,4000,2,2026-08-01
IT16718421007,22042184,2204218490,90,RED WINE,FR,300,4000,2,2026-08-01
IT19491286150,19021910,1902191090,90,UNCOOKED PASTA CONTAINING NO COMMON WHEAT OR MEAL,IT,300,4000,1,2026-05-19
IT19491286150,19021990,1902199090,90,UNCOOKED PASTA NOT STUFFED OR OTHERWISE PREPARED,IT,300,4000,1,2026-05-19
IT6051141007,15092000,1509200010,10,EXTRA VIRGIN OLIVE OIL,IT,300,4000,1,2026-03-18
IT6051141007,22041098,2204109800,00,WINE,IT,300,4000,4,2026-03-18
IT6051141007,22042183,2204218310,10,WINE,IT,300,4000,4,2026-03-18
IT6051141007,22042183,2204218390,90,WINE,IT,300,4000,4,2026-03-18
IT6051141007,22042184,2204218410,10,WINE,IT,300,4000,2,2026-03-18
IT6051141007,22042184,2204218490,90,WINE,IT,300,4000,4,2026-03-18
IT6051141007,22042190,2204219090,90,WINE,IT,300,4000,5,2026-03-18
IT6051141007,42022290,4202229090,90,WINE BAGS,IT,300,4000,1,2026-03-18
IT6051141007,48236100,4823610000,00,PAPER CUPS,IT,300,4000,1,2026-03-18
IT6051141007,49111090,4911109000,00,BROCHURES,IT,300,4000,3,2026-03-18
IT6051141007,82055100,8205510000,00,CORKSCREW,IT,300,4000,1,2026-03-18
IT94551270400,19059080,1905908000,00,FLATBREADS,IT,300,4000,1,2026-03-15
ITEXIT04419810728,19059030,1905903000,00,PANE SURGELATO,IT,300,4000,1,2026-05-17
ITEXIT04419810728,19059080,1905908000,00,TARALLI FOCACCE,IT,300,4000,1,2026-05-17
ITREDXIT03508110230,22042131,2204213110,10,ITALIAN WINE,IT,300,4000,1,2026-08-12
ITREDXIT03508110230,22042138,2204213810,10,ITALIAN WINE,IT,300,4000,1,2026-08-12
ITREDXIT03508110230,22042162,2204216290,90,ITALIAN WINE,IT,300,4000,1,2026-08-12
ITREDXIT03508110230,22042166,2204216690,90,ITALIAN WINE,IT,300,4000,1,2026-08-12
ITREDXIT03508110230,22042168,2204216890,90,ITALIAN WINE,IT,300,4000,2,2026-08-12
ITREIT03406000368,07103000,0710300000,00,SPINACH CUBES,IT,300,4000,1,2026-01-11
ITREIT03406000368,07108069,0710806990,90,MUSHROOMS,IT,300,4000,1,2026-01-11
ITREX00141320804,20057000,2005700000,00,OLIVES,IT,300,4000,1,2026-03-20
ITREX00257660720,19021100,1902110090,90,Uncooked pasta,IT,300,4000,3,2026-03-08
ITREX00257660720,19021910,1902191090,90,Uncooked pasta,IT,300,4000,3,2026-03-08
ITREX00281980375,20081993,2008199380,80,PISTACHIO SPREAD,IT,300,4000,1,2026-06-02
ITREX00281980375,20086050,2008605010,10,AMARENA CHERRIES IN TINS,IT,300,4000,1,2026-06-02
ITREX00281980375,20086060,2008606000,00,AMARENA IN JARS AMARENA OPALINE,IT,300,4000,1,2026-06-02
ITREX00281980375,21069059,2106905999,99,AMARENA SYRUP GRENADINE SYRUP ORGEAT SYRUP CEDRATA SYRUP,IT,300,4000,1,2026-06-02
ITREX00693160962,63023100,6302310000,00,Other bed linen Of cotton,PT,300,4000,1,2026-01-06
ITREX00693160962,63025100,6302510090,90,TABLECLOTH NAPKIN,IT,300,4000,1,2026-06-02
ITREX00693160962,63026000,6302600090,90,Toilet linen and kitchen linen of terry towelling or similar terry fabrics of cotton Other,PT,300,4000,1,2026-01-06
ITREX01066170398,19021100,1902110090,90,Uncooked pasta,IT,300,4000,2,2026-03-01
ITREX01066170398,19021910,1902191090,90,Uncooked pasta,IT,300,4000,1,2026-03-01
ITREX01066170398,19022030,1902203099,99,Stuffed pasta,IT,300,4000,1,2026-03-01
ITREX01066170398,19022091,1902209190,90,Stuffed pasta,IT,300,4000,1,2026-03-01
ITREX01066170398,19022099,1902209920,20,Stuffed pasta,IT,300,4000,1,2026-03-01
ITREX01066170398,19022099,1902209990,90,Stuffed pasta,IT,300,4000,1,2026-03-01
ITREX01066170398,19023010,1902301080,80,PASTA,IT,300,4000,1,2026-03-01
ITREX01066170398,19023090,1902309090,90,PASTA,IT,300,4000,2,2026-03-01
ITREX01321900555,15092000,1509200010,10,EXTRA VIRGIN OLIVE OIL,GR,300,4000,2,2026-04-28
ITREX01487730903,19021910,1902191090,90,PASTA,IT,300,4000,1,2026-02-11
ITREX01797570205,02101219,0210121900,00,Meat,IT,300,4000,1,2026-03-22
ITREX01797570205,02101981,0210198110,10,Meat,IT,300,4000,1,2026-03-22
ITREX01797570205,02101981,0210198120,20,Meat,IT,300,4000,1,2026-03-22
ITREX01797570205,02101981,0210198190,90,Meat,IT,300,4000,1,2026-03-22
ITREX01797570205,02102090,0210209015,15,Meat,IT,300,4000,1,2026-03-22
ITREX01797570205,16010091,1601009105,05,Sausages,IT,300,4000,1,2026-03-22
ITREX01797570205,16010099,1601009911,11,Sausages,IT,300,4000,1,2026-03-22
ITREX01797570205,16024110,1602411090,90,Sausages,IT,300,4000,1,2026-03-22
ITREX01797570205,16024290,1602429000,00,Sausages,IT,300,4000,1,2026-03-22
ITREX01921530364,22090091,2209009100,00,BALSAMIC VINEGAR,IT,300,4000,1,2026-08-16
ITREX01921530364,22090099,2209009900,00,BALSAMIC VINEGAR,IT,300,4000,1,2026-08-16
ITREX02481290282,84158100,8415810091,91,CHILLER PARTS,IT,300,4000,9,2026-06-30
ITREX02481290282,84158100,8415810099,99,CHILLER PARTS,IT,300,4000,2,2026-08-08
ITREX02481290282,84158200,8415820091,91,CHILLER PARTS,IT,300,4000,8,2026-08-08
ITREX02481290282,84158200,8415820099,99,CHILLER PARTS,IT,300,4000,3,2026-06-15
ITREX02481290282,84159000,8415900091,91,CHILLER PARTS,IT,300,4000,1,2026-04-13
ITREX02483770877,17049061,1704906100,00,Other Other Sugarcoated panned goods,IT,300,4000,2,2026-03-07
ITREX02483770877,17049099,1704909999,99,Other Other Other Other Other Containing70 or more by weight of sucrose including invert sugar expressed as sucrose Other,IT,300,4000,2,2026-03-07
ITREX02483770877,18069039,1806903900,00,Other Chocolate and chocolate products Other Not filled,IT,300,4000,2,2026-03-07
ITREX02736140043,04051011,0405101100,00,BURRO BUTTER,IT,300,4000,3,2026-07-05
ITREX02736140043,04069069,0406906900,00,OCCELLI CHEESE,IT,300,4000,3,2026-07-05
ITREX02736140043,04069099,0406909900,00,FRESH CHEESE,IT,300,4000,3,2026-07-05
ITREX02811280045,19059080,1905908000,00,BREADSTICKS,IT,300,4000,3,2026-07-30
ITREX03328440270,39269097,3926909723,23,Plastic cover with clipsfor the exterior rearview mirror of motor vehicles,IT,300,4000,1,2026-04-02
ITREX03328440270,39269097,3926909777,77,MULTICELLS PLASTIC DISPOSABLE LABWARE,IT,300,4000,5,2026-08-11
ITREX03648920829,34029090,3402909000,00,WASHING PREPARATIONS,IT,300,4000,1,2026-03-24
ITREX03739500266,87087050,8708705080,80,ALLOY WHEELS PLUS FIXING KITS INCORPORATING HUBCUPS BADGES LUG NUTS,IT,300,4000,2,2026-03-11
ITREX03739500266,87087050,8708705085,85,ALLOY WHEELS PLUS FIXING KITS INCORPORATING HUBCAPS BADGES LUG NUTS,IT,300,4000,2,2026-01-15
ITREX03886100159,40169997,4016999730,30,RUBBER PARTS USED IN POULTRY PROCESSING PLANTS,IT,300,4000,2,2026-05-28
ITREX04356850158,19022010,1902201099,99,Stuffed pasta,IT,300,4000,1,2026-04-12
ITREX04356850158,19022091,1902209190,90,Stuffed pasta,IT,300,4000,1,2026-04-12
ITREX04356850158,19023090,1902309090,90,Stuffed pasta,IT,300,4000,1,2026-04-12
ITREX04756920825000,20021090,2002109000,00,POMODORI,IT,300,4000,1,2026-07-11
ITREX04756920825000,20057000,2005700000,00,OLIVE,IT,300,4000,2,2026-07-11
ITREX05266110823,04061050,0406105090,90,RICOTTA,IT,300,4000,5,2026-07-12
ITREX05266110823,19053205,1905320500,00,PASTRY,IT,300,4000,4,2026-07-12
ITREXIT,09042200,0904220090,90,CALABRIAN CHILI FLAKES,IT,300,4000,1,2026-03-22
ITREXIT,16010091,1601009110,10,ITALIAN CURED MEAT,IT,300,4000,1,2026-07-04
ITREXIT 07064961217,04061030,0406103090,90,CHEESE,IT,300,4000,1,2026-05-24
ITREXIT 07064961217,04061080,0406108080,80,CHEESE,IT,300,4000,1,2026-05-24
ITREXIT00011540689,11022090,1102209000,00,Polenta,IT,300,4000,1,2026-05-17
ITREXIT00011540689,19021100,1902110090,90,Uncooked pasta,IT,300,4000,4,2026-07-02
ITREXIT00011540689,19021910,1902191090,90,Uncooked pasta,IT,300,4000,6,2026-07-02
ITREXIT00011540689,19021990,1902199090,90,Uncooked pasta,IT,300,4000,1,2026-07-02
ITREXIT00011540689,19023090,1902309090,90,Gnocchi,IT,300,4000,1,2026-05-17
ITREXIT00011540689,44152020,4415202000,00,PACKAGING,IT,300,4000,2,2026-03-15
ITREXIT00011540689,48194000,4819400000,00,PACKAGING,IT,300,4000,2,2026-05-17
ITREXIT00011540689,49111010,4911101000,00,COMERCIAL CATALOGUE,IT,300,4000,2,2026-05-17
ITREXIT00011540689,63079098,6307909899,99,Textile,IT,300,4000,1,2026-05-17
ITREXIT00011540689,94036090,9403609000,00,FURNITURE,IT,300,4000,2,2026-05-17
ITREXIT00011710910,04069063,0406906390,90,CHEESE,IT,300,4000,5,2026-06-28
ITREXIT00011710910,04069069,0406906900,00,CHEESE,IT,300,4000,4,2026-06-28
ITREXIT00035070366,84798997,8479899738,38,Other machines and mechanical appliances Other Other Camshaft actuator for controlling the timing of valve opening by using electromotor in a continuous variable valve timing system of an internal combustion piston,IT,300,4000,6,2026-06-16
ITREXIT00035070366,84798997,8479899743,43,Other machines and mechanical appliances Other Other Preassembled process module unit of an ethane cracker unit containingbr bra system for filtering and cooling of dried cracked gas br bra deethanizer distillation column and associated equipment for C2C3 separation br bran acetylene hydrogenation system to remove acetylene within a C2stream br bra fuel gas drum that stores fuel gas for cracker furnaces andbr bra system to regenerate dryers in a cracker installationbr,IT,300,4000,2,2026-04-02
ITREXIT00035070366,84798997,8479899760,60,Other machines and mechanical appliances Other Other Bioreactor for biopharmaceutical cell culturebrhaving interior surfaces of austenitic stainless steel andbrwith a process capacity up to 15 000 litres brwhether or not combined with a cleaninprocess system andor a dedicated paired media hold vesselbr,IT,300,4000,17,2026-08-12
ITREXIT00035070366,84798997,8479899790,90,Other machines and mechanical appliances Other Other Other,IT,300,4000,4,2026-07-21
ITREXIT00035070366,84799070,8479907060,60,Parts Other Other Other Highpressure seamless cylinders for compressed or liquefied gas of steel of all diameters and volume capacities whether or not threaded regardless of internal coating or plating regardless of external finishing and shape whether or not with a gas bladder inserted regardless of the cylinders fitting with a valve neck ring foot ring or piping whether or not fastened together to form a bundle,IT,300,4000,3,2026-06-08
ITREXIT00035070366,84799070,8479907085,85,Parts Other Other Other Injectors with solenoid valve for optimised atomisation in the,IT,300,4000,23,2026-08-12
ITREXIT00035070366,84799070,8479907099,99,CM 94 7010.6 SGALSI2,IT,300,4000,1,2026-01-28
ITREXIT00045070366,84798997,8479899790,90,MOTOVIB TRIFASE,IT,300,4000,1,2026-05-19
ITREXIT00045070366,84799070,8479907099,99,MOTOVIB TRIFASE,IT,300,4000,1,2026-05-19
ITREXIT00052920956,04069063,0406906390,90,CHEESE,IT,300,4000,17,2026-08-02
ITREXIT00053600383,08111090,0811109000,00,STRAWBERRIES,PL,300,4000,5,2026-08-09
ITREXIT00053600383,08119095,0811909590,90,Forest Berries,IT,300,4000,2,2026-08-09
ITREXIT00053600383,20079935,2007993599,99,COCONUT,IT,300,4000,2,2026-08-09
ITREXIT00053600383,20079993,2007999300,00,MANGO,EC,100,4000,1,2026-07-19
ITREXIT00053600383,20079997,2007999770,70,FROZEN RASBERRY,IT,300,4000,1,2026-05-17
ITREXIT00053600383,20093119,2009311999,99,LEMON JUICE,IT,300,4000,2,2026-08-09
ITREXIT00061150900,04061050,0406105090,90,RICOTTA,IT,300,4000,5,2026-07-05
ITREXIT00061150900,04062000,0406200000,00,GRATED PECORINO,IT,300,4000,4,2026-07-05
ITREXIT00061150900,04069063,0406906390,90,PECORINO,IT,300,4000,8,2026-07-05
ITREXIT00061150900,04069086,0406908690,90,PECORINO,IT,300,4000,5,2026-07-05
ITREXIT00061150900,04069089,0406908990,90,BRIGANTE PINNA,IT,300,4000,5,2026-07-05
ITREXIT00061150900,04069092,0406909290,90,MILD GOAT CHEESE,IT,300,4000,5,2026-07-05
ITREXIT00072240393,22042131,2204213110,10,ITALIAN WINE,IT,300,0700,2,2026-04-29
ITREXIT00072240393,22042161,2204216110,10,ITALIAN WINE,IT,300,0700,2,2026-04-29
ITREXIT00072240393,22042179,2204217910,10,ITALIAN WINE,IT,300,0700,1,2026-05-08
ITREXIT00093830792,22082026,2208202600,00,GRAPPA CAFFO,IT,300,4000,1,2026-02-09
ITREXIT00093830792,22087010,2208701000,00,LIMUNI,IT,300,4000,1,2026-02-09
ITREXIT00099750218,04061030,0406103090,90,Mozzarella,IT,300,4000,17,2026-08-16
ITREXIT00099750218,04061050,0406105030,30,Ricotta,IT,300,4000,1,2026-03-08
ITREXIT00099750218,04061050,0406105090,90,Ricotta,IT,300,4000,13,2026-08-02
ITREXIT00099750218,04061080,0406108080,80,Mascarpone,IT,300,4000,15,2026-08-16
ITREXIT00099750218,04064050,0406405000,00,Gorgonzola,IT,300,4000,5,2026-08-02
ITREXIT00102830825,15092000,1509200090,90,OLIVE OIL,IT,300,4000,1,2026-04-25
ITREXIT001066170398,19021100,1902110090,90,PASTA,IT,300,4000,1,2026-08-02
ITREXIT001066170398,19022030,1902203099,99,PASTA,IT,300,4000,1,2026-08-02
ITREXIT001066170398,19022091,1902209190,90,PASTA,IT,300,4000,1,2026-08-02
ITREXIT001066170398,19022099,1902209990,90,PASTA,IT,300,4000,1,2026-08-02
ITREXIT001066170398,19023090,1902309090,90,PASTA,IT,300,4000,1,2026-08-02
ITREXIT001161370739,04061050,0406105090,90,CHEESE,IT,300,4000,4,2026-04-19
ITREXIT00124550716,20019097,2001909799,99,CAPERI ACETO LACRIMELLA,IT,300,4000,1,2026-02-18
ITREXIT00124550716,20029011,2002901100,00,POMODORI SECCHI OLIO,IT,300,4000,2,2026-04-25
ITREXIT00124550716,20057000,2005700000,00,OLIVE,IT,300,4000,1,2026-02-18
ITREXIT00124550716,20059930,2005993090,90,CARCIOFI GAMBO,IT,300,4000,1,2026-02-18
ITREXIT00126840354,22042107,2204210700,00,ITALIAN WINE,IT,300,0700,1,2026-05-23
ITREXIT00127660520,22042166,2204216690,90,WINE,IT,300,0700,2,2026-05-05
ITREXIT00129190518,04090000,0409000010,10,HONEY,IT,300,4000,1,2026-05-26
ITREXIT00129190518,04090000,0409000090,90,HONEY,IT,300,4000,2,2026-07-20
ITREXIT00140940354,04069061,0406906100,00,CHEESE,IT,300,4000,8,2026-07-11
ITREXIT00142660356,04051011,0405101100,00,CHEESE,IT,300,4000,9,2026-08-16
ITREXIT00142660356,04069061,0406906100,00,CHEESE,IT,300,4000,4,2026-07-11
ITREXIT001547000348,02101981,0210198190,90,PROSCIUTTO HAM,IT,300,4000,1,2026-05-24
ITREXIT00154700348,02101981,0210198190,90,ITALIAN CURED MEAT,IT,300,4000,3,2026-07-03
ITREXIT00156130205,04062000,0406200000,00,Grana Padano,IT,300,4000,8,2026-07-26
ITREXIT00156130205,04069061,0406906100,00,Grana Padano,IT,300,4000,8,2026-07-26
ITREXIT00157100207,04015031,0401503190,90,PANNA,IT,300,4000,3,2026-06-23
ITREXIT00157100207,04061080,0406108080,80,MASCARPONE CHEESE,IT,300,4000,27,2026-08-16
ITREXIT00157100207,21069098,2106909869,69,BESCIAMELLA,IT,300,4000,14,2026-08-16
ITREXIT00160420345,02101981,0210198190,90,MEAT,IT,300,4000,2,2026-07-19
ITREXIT00160420345,02102090,0210209099,99,MEAT,IT,300,4000,2,2026-07-19
ITREXIT00160480240,04061050,0406105090,90,CHEESE,IT,300,4000,27,2026-08-16
ITREXIT00160480240,04062000,0406200000,00,GRAN MORAVIA,IT,300,4000,47,2026-08-16
ITREXIT00160480240,04069069,0406906900,00,CHEESE,IT,300,4000,72,2026-08-16
ITREXIT00160480240,04069073,0406907300,00,Provolone,IT,300,4000,22,2026-08-02
ITREXIT00160480420,04062000,0406200000,00,CHEESE,IT,300,4000,1,2026-08-16
ITREXIT00160480420,04069069,0406906900,00,CHEESE,IT,300,4000,1,2026-08-16
ITREXIT00160480420,04069073,0406907300,00,CHEESE,IT,300,4000,1,2026-08-16
ITREXIT00164700049,02101219,0210121900,00,ITALIAN CURED MEAT,IT,300,4000,19,2026-08-09
ITREXIT00164700049,02101940,0210194000,00,ITALIAN CURED MEAT,IT,300,4000,11,2026-08-09
ITREXIT00164700049,02101981,0210198190,90,ITALIAN CURED MEAT,IT,300,4000,7,2026-07-12
ITREXIT00164700049,16010091,1601009110,10,ITALIAN SALAMI,IT,300,4000,15,2026-07-25
ITREXIT00164700049,16010091,1601009190,90,SAUSAGES,IT,300,4000,1,2026-08-09
ITREXIT00164700049,16010099,1601009991,91,ITALIAN SAUSAGES,IT,300,4000,1,2026-01-11
ITREXIT00164700049,16010099,1601009999,99,meats,IT,300,4000,13,2026-08-09
ITREXIT00164700049,16023119,1602311900,00,ITALIAN CURED MEAT,IT,300,4000,11,2026-08-09
ITREXIT00164700049,16024110,1602411090,90,ITALIAN CURED MEAT,IT,300,4000,16,2026-08-09
ITREXIT00166540831,09012100,0901210000,00,COFFEE,IT,300,4000,1,2026-06-10
ITREXIT00166540831,17019910,1701991000,00,WHITE SUGAR,IT,300,4000,1,2026-06-10
ITREXIT00166540831,69120029,6912002990,90,CERAMIC HARDWARE,IT,300,4000,1,2026-06-10
ITREXIT00166540831,73239900,7323990090,90,IRONING BOARDS,IT,300,4000,1,2026-06-10
ITREXIT00166540831,84388010,8438801000,00,KITCHEN MACHINARY,IT,300,4000,1,2026-06-10
ITREXIT00170720270,22041015,2204101500,00,WINE,IT,300,4000,7,2026-07-26
ITREXIT00170720270,22042128,2204212810,10,ITALIAN WINE,IT,300,4000,4,2026-07-19
ITREXIT00170720270,22042161,2204216190,90,ITALIAN WINE,IT,300,4000,1,2026-01-22
ITREXIT00170720270,22042178,2204217890,90,ITALIAN WINE,IT,300,4000,3,2026-03-15
ITREXIT00170720270,22042179,2204217910,10,ITALIAN WINE,IT,300,4000,8,2026-08-02
ITREXIT00170720270,22042180,2204218010,10,ITALIAN WINE,IT,300,4000,5,2026-07-19
ITREXIT00170720270,22042180,2204218090,90,WINE,IT,300,4000,4,2026-03-15
ITREXIT00183510346,04069061,0406906100,00,CHEESE,IT,300,4000,2,2026-08-07
ITREXIT00183510346,82119200,8211920000,00,Gadgets,IT,300,4000,1,2026-03-26
ITREXIT00190550269,82055910,8205591000,00,HAND TOOLS,IT,300,4000,3,2026-07-30
ITREXIT00190550269,96034010,9603401000,00,GLAZER SPALTER BRUSHES,IT,300,4000,1,2026-04-11
ITREXIT001932000268,04062000,0406200000,00,CHEESE,IT,300,4000,2,2026-06-28
ITREXIT001932000268,04069061,0406906100,00,CHEESE,IT,300,4000,1,2026-06-28
ITREXIT001932000268,04069089,0406908990,90,CHEESE,IT,300,4000,1,2026-06-28
ITREXIT00193200268,04062000,0406200000,00,GRATED CHEESE,IT,300,4000,35,2026-08-10
ITREXIT00193200268,04069061,0406906100,00,CHEESE,IT,300,4000,9,2026-04-26
ITREXIT00193200268,04069089,0406908990,90,CHEESE,IT,300,4000,51,2026-08-16
ITREXIT00195750260,22042179,2204217910,10,WINE,IT,300,4000,5,2026-07-09
ITREXIT00195750260,22042180,2204218010,10,WINE,IT,300,4000,4,2026-07-09
ITREXIT00206690232,02101219,0210121900,00,PANCETTA,IT,300,4000,19,2026-08-16
ITREXIT00206690232,02101981,0210198190,90,PROSCIUTTO,IT,300,4000,27,2026-08-16
ITREXIT00206690232,16010099,1601009991,91,ITALIAN CURED SAUSAGES,IT,300,4000,2,2026-08-16
ITREXIT00206690232,16010099,1601009999,99,MORTADELLA,IT,300,4000,25,2026-07-26
ITREXIT00206690232,16023180,1602318010,10,PROSCIUTTO,IT,300,4000,1,2026-07-26
ITREXIT00206690232,16023180,1602318090,90,PETTO DI TACCHINO,IT,300,4000,11,2026-07-19
ITREXIT00206690232,16024110,1602411090,90,PROSCIUTTO,IT,300,4000,25,2026-08-16
ITREXIT00206690232,16024919,1602491990,90,PANCETTA,IT,300,4000,19,2026-08-09
ITREXIT00208750232,22042128,2204212810,10,ITALIAN WINE,IT,300,0700,12,2026-05-26
ITREXIT00208750232,22042168,2204216810,10,ITALIAN WINE,IT,300,0700,4,2026-05-26
ITREXIT00208750232,22042168,2204216890,90,ITALIAN WINE,IT,300,0700,6,2026-05-26
ITREXIT00208750232,22042179,2204217910,10,ITALIAN WINE,IT,300,0700,4,2026-05-26
ITREXIT00208750232,22042180,2204218010,10,ITALIAN WINE,IT,300,0700,13,2026-05-26
ITREXIT00208950139,02101219,0210121900,00,MEAT,IT,300,4000,5,2026-08-09
ITREXIT00208950139,02101981,0210198190,90,MEAT,IT,300,4000,6,2026-08-09
ITREXIT00208950139,02102090,0210209099,99,MEAT,IT,300,4000,5,2026-08-09
ITREXIT00208950139,16010091,1601009190,90,SALAMI,IT,300,4000,6,2026-08-09
ITREXIT00208950139,16010099,1601009999,99,SAUSAGES,IT,300,4000,6,2026-08-09
ITREXIT00208950139,16024110,1602411090,90,HAMS,IT,300,4000,6,2026-08-09
ITREXIT00208950139,16024919,1602491990,90,MEAT PRODUCTS,IT,300,4000,6,2026-08-09
ITREXIT00217560341,02101219,0210121900,00,PANCETTA,IT,300,4000,2,2026-05-17
ITREXIT00217560341,02101960,0210196000,00,GUANCIALE,IT,300,4000,3,2026-05-17
ITREXIT00217560341,02101981,0210198110,10,COPA DI PARMA,IT,300,4000,10,2026-04-25
ITREXIT00217560341,02101981,0210198190,90,PROSCIUTTO,IT,300,4000,14,2026-07-19
ITREXIT00217560341,16010091,1601009190,90,SALAME,IT,300,4000,17,2026-07-19
ITREXIT00217560341,16010099,1601009999,99,MORTADELA,IT,300,4000,2,2026-05-24
ITREXIT00217560341,16024110,1602411090,90,PROSCIUTTO,IT,300,4000,2,2026-05-17
ITREXIT00217560341,16024210,1602421000,00,AFFETATO COPPA,IT,300,4000,1,2026-01-25
ITREXIT00234050235,84151010,8415101090,90,CHILLER PARTS,CN,100,4000,1,2026-07-20
ITREXIT00234050235,84151090,8415109090,90,CHILLER PARTS,CN,100,4000,2,2026-07-20
ITREXIT00234050235,84158300,8415830090,90,CHILLER PARTS,IT,300,4000,1,2026-07-20
ITREXIT00234050235,84159000,8415900091,91,CHILLER PARTS,IT,300,4000,1,2026-07-20
ITREXIT00234050235,84186900,8418690091,91,CHILLER PARTS,IT,300,4000,1,2026-07-20
ITREXIT00234050235,84189990,8418999091,91,CHILLER PARTS,IT,300,4000,1,2026-07-20
ITREXIT00241940816,22042131,2204213110,10,ITALIAN WINE,IT,300,0700,1,2026-05-10
ITREXIT00241940816,22042180,2204218010,10,ITALIAN WINE,IT,300,0700,2,2026-05-10
ITREXIT00252710207,04069061,0406906100,00,CHEESE,IT,300,4000,4,2026-06-28
ITREXIT00257660720,19021100,1902110090,90,Uncooked pasta,IT,300,4000,39,2026-08-16
ITREXIT00257660720,19021910,1902191090,90,Uncooked pasta,IT,300,4000,19,2026-08-16
ITREXIT00257660720,19021990,1902199090,90,Uncooked pasta,IT,300,4000,15,2026-08-09
ITREXIT00275250264,02101981,0210198190,90,ITALIAN CURED MEAT,IT,300,4000,9,2026-07-12
ITREXIT00275250264,02102090,0210209099,99,ITALIAN CURED MEAT,IT,300,4000,11,2026-07-12
ITREXIT00275250264,04061050,0406105090,90,ITALIAN CHEESE,IT,300,4000,5,2026-06-21
ITREXIT00275250264,04069061,0406906100,00,ITALIAN CHEESE,IT,300,4000,10,2026-07-12
ITREXIT00275250264,04069063,0406906310,10,ITALIAN CHEESE,IT,300,4000,8,2026-07-12
ITREXIT00275250264,04069063,0406906390,90,ITALIAN CHEESE,IT,300,4000,11,2026-06-21
ITREXIT00275250264,04069073,0406907300,00,ITALIAN CHEESE,IT,300,4000,15,2026-07-12
ITREXIT00275250264,04069075,0406907590,90,ITALIAN CHEESE,IT,300,4000,5,2026-07-12
ITREXIT00365980192,02101981,0210198190,90,MEAT PRODUCSTS,IT,300,4000,31,2026-08-16
ITREXIT00365980192,02102090,0210209099,99,MEAT PRODUCTS,IT,300,4000,26,2026-08-16
ITREXIT00365980192,16010091,1601009190,90,SAUSAGES,IT,300,4000,27,2026-08-16
ITREXIT00365980192,16010099,1601009999,99,MEAT PRODUCTS,IT,300,4000,1,2026-05-24
ITREXIT00373690163,04061050,0406105090,90,CHEESE,IT,300,4000,2,2026-05-10
ITREXIT00373690163,04061080,0406108080,80,CHEESE,IT,300,4000,2,2026-05-10
ITREXIT00373690163,04062000,0406200000,00,GRATED CHEESE,IT,300,4000,20,2026-08-16
ITREXIT00373690163,04069061,0406906100,00,CHEESE,IT,300,4000,7,2026-08-16
ITREXIT00432120343,04061030,0406103090,90,CHEESE,IT,300,4000,1,2026-02-01
ITREXIT00432120343,04062000,0406200000,00,grana padano,IT,300,4000,10,2026-08-09
ITREXIT00432120343,04069061,0406906100,00,CHEESE,IT,300,4000,32,2026-08-15
ITREXIT00433490422,02071110,0207111000,00,CHICKEN,IT,300,4000,2,2026-02-14
ITREXIT00445260474,04061030,0406103090,90,MOZARELLA,IT,300,4000,34,2026-08-16
ITREXIT00445260474,04061050,0406105090,90,CHEESE,IT,300,4000,35,2026-08-16
ITREXIT00453730046,15179099,1517909990,90,TRUFFLE OIL,IT,300,4000,5,2026-08-09
ITREXIT00453730046,20039010,2003901000,00,TRUFFLES,IT,300,4000,5,2026-08-09
ITREXIT00453730046,21039090,2103909089,89,TRUFFLES SAUCE,IT,300,4000,5,2026-08-09
ITREXIT00457350213,02101981,0210198190,90,MEATS,IT,300,4000,8,2026-07-19
ITREXIT00473650869,04061030,0406103090,90,RICOTTA,IT,300,4000,31,2026-08-08
ITREXIT00473650869,04061050,0406105090,90,FORMAGGIO,IT,300,4000,25,2026-08-08
ITREXIT00473650869,04069063,0406906390,90,PECORINO,IT,300,4000,27,2026-08-08
ITREXIT00496690017,17049099,1704909999,99,CONFECTIONERY,IT,300,4000,3,2026-06-28
ITREXIT00499300242,56039390,5603939090,90,NONWOVEN TEXTILES,IT,300,4000,4,2026-08-07
ITREXIT00499300242,56039480,5603948090,90,NONWOVEN TEXTILES,IT,300,4000,5,2026-08-07
ITREXIT004CZ17,20059920,2005992090,90,HOT CHILLI PEPPERS,IT,300,4000,1,2026-01-18
ITREXIT00502551203,16010091,1601009190,90,SALAME,IT,300,4000,11,2026-08-16
ITREXIT00543760359,04061030,0406103090,90,CHEESE,IT,300,4000,31,2026-08-16
ITREXIT00543760359,04061050,0406105090,90,CHEESE,IT,300,4000,24,2026-08-09
ITREXIT00543760359,04061080,0406108080,80,CHEESE,IT,300,4000,30,2026-08-16
ITREXIT00548140342,04069061,0406906100,00,CHEESE,IT,300,4000,5,2026-08-16
ITREXIT00552520983,10063042,1006304220,20,RICE,IT,300,4000,1,2026-08-08
ITREXIT00552520983,15092000,1509200010,10,OLIVE OIL,IT,300,4000,1,2026-08-08
ITREXIT00552520983,19021990,1902199090,90,LASAGNE PASTA,IT,300,4000,1,2026-08-08
ITREXIT00552520983,34011100,3401110000,00,TOILET SOAP,IT,100,4000,1,2026-08-08
ITREXIT005582460720,04061080,0406108080,80,BURRATA,IT,300,4000,2,2026-06-15
ITREXIT00575810106,19059080,1905908000,00,CAULIFLOWER PIZZA BASE,IT,300,4000,1,2026-05-08
ITREXIT00580360139,02101981,0210198190,90,ham meats,IT,300,4000,6,2026-07-25
ITREXIT00580360139,02102090,0210209099,99,Bresaola,IT,300,4000,5,2026-07-25
ITREXIT00588400044,22042162,2204216210,10,ITALIAN WINE,IT,300,4000,1,2026-06-07
ITREXIT00588400044,22042162,2204216290,90,ITALIAN WINE,IT,300,4000,1,2026-06-07
ITREXIT00591481205,22029919,2202991995,95,NON ALCOHOLIC WINE,IT,300,4000,1,2026-06-25
ITREXIT00591481205,22042107,2204210700,00,ITALIAN WINE,IT,300,0700,4,2026-06-25
ITREXIT00591481205,22042179,2204217910,10,ITALIAN WINE,IT,300,0700,2,2026-06-25
ITREXIT00591481205,22042180,2204218010,10,ITALIAN WINE,IT,300,0700,2,2026-06-25
ITREXIT00591481205,22042180,2204218090,90,ITALIAN WINE,IT,300,0700,1,2026-06-25
ITREXIT00591481205,22060059,2206005900,00,ITALIAN COCKTAILS,IT,300,0700,3,2026-06-25
ITREXIT00605791201,84158100,8415810091,91,CHILLER PARTS,IT,300,4000,6,2026-08-06
ITREXIT00605791201,84158100,8415810099,99,CHILLER PARTS,IT,300,4000,1,2026-02-04
ITREXIT00605791201,84158200,8415820091,91,CHILLER PARTS,IT,300,4000,8,2026-07-10
ITREXIT00605791201,84158200,8415820099,99,CHILLER PARTS,IT,300,4000,3,2026-07-13
ITREXIT00605791201,84158300,8415830090,90,CHILLER PARTS,IT,300,4000,2,2026-08-06
ITREXIT00605791201,84159000,8415900091,91,CHILLER PARTS,IT,300,4000,1,2026-08-06
ITREXIT00605791201,84159000,8415900099,99,CHILLER PARTS,IT,300,4000,1,2026-07-10
ITREXIT00605791201,84186900,8418690091,91,CHILLER PARTS,IT,300,4000,8,2026-08-06
ITREXIT00656770146,02102090,0210209015,15,MEATS,IT,300,4000,12,2026-08-08
ITREXIT00656770146,02102090,0210209099,99,MEATS,IT,300,4000,1,2026-05-24
ITREXIT00656770146,16023180,1602318090,90,MEATS,IT,300,4000,1,2026-03-07
ITREXIT00687270264,19021910,1902191090,90,PASTA,IT,300,4000,2,2026-07-11
ITREXIT00687270264,19021990,1902199090,90,PASTA,IT,300,4000,1,2026-07-11
ITREXIT00687270264,19059070,1905907000,00,BISCUITS,IT,300,4000,1,2026-07-11
ITREXIT00687270264,19059080,1905908000,00,MINI BREAD STICKS,IT,300,4000,1,2026-07-11
ITREXIT00693160962,63025100,6302510090,90,NAPKINS,IT,300,4000,6,2026-07-28
ITREXIT00693160962,63025990,6302599090,90,NAPKINS,IT,300,4000,1,2026-02-04
ITREXIT0069500962,94036010,9403601000,00,Other wooden furniture Wooden furniture of a kind used in the dining room and the living room,IT,300,4000,1,2026-03-30
ITREXIT00695300962,34051000,3405100000,00,Polishes creams and similar preparations for footwear or leather,IT,300,4000,1,2026-01-13
ITREXIT00695300962,49111010,4911101000,00,Trade advertising material,IT,300,4000,1,2026-05-20
ITREXIT00695300962,69111000,6911100090,90,Tableware and kitchenware,IT,300,4000,1,2026-01-19
ITREXIT00695300962,70099100,7009910090,90,Other Unframed Other,IT,300,4000,1,2026-02-08
ITREXIT00695300962,94016100,9401610000,00,Other seats with wooden frames Upholstered,IT,300,4000,4,2026-06-28
ITREXIT00695300962,94017100,9401710000,00,Other seats with metal frames Upholstered,IT,300,4000,3,2026-07-11
ITREXIT00695300962,94018000,9401800000,00,Other seats,IT,300,4000,1,2026-06-28
ITREXIT00695300962,94033011,9403301100,00,Wooden furniture of a kind used in offices Not exceeding 80cm in height Desks,IT,300,4000,1,2026-02-01
ITREXIT00695300962,94035000,9403500000,00,Wooden furniture of a kind used in the bedroom,IT,300,4000,2,2026-05-20
ITREXIT00695300962,94036010,9403601000,00,Other wooden furniture Wooden furniture of a kind used in the dining room and the living room,IT,300,4000,2,2026-06-28
ITREXIT00695300962,94038900,9403890090,90,Furniture of other materials including cane osier bamboo or similar materials Other Other,IT,300,4000,2,2026-06-28
ITREXIT00695300962,94039100,9403910090,90,Parts Of wood,IT,300,4000,1,2026-02-01
ITREXIT00695300962,94039990,9403999090,90,Parts Other Of other materials Other,IT,300,4000,3,2026-05-20
ITREXIT00695300962,94044010,9404401000,00,Quilts bedspreads eiderdowns and duvets comforters Filled with feathers or down,IT,300,4000,2,2026-06-28
ITREXIT00699130399,02101981,0210198190,90,PROSCIUTTO,IT,300,4000,3,2026-08-08
ITREXIT00699130399,16010091,1601009110,10,ITALIAN CURED MEAT,IT,300,4000,1,2026-08-08
ITREXIT00699130399,16010091,1601009190,90,SALAME,IT,300,4000,4,2026-07-25
ITREXIT00699130399,16010099,1601009999,99,MORTADELLA,IT,300,4000,2,2026-08-08
ITREXIT00699130399,16024110,1602411010,10,ITALIAN CURED MEAT,IT,300,4000,1,2026-08-08
ITREXIT00699130399,16024110,1602411090,90,PROSCIUTTO,IT,300,4000,1,2026-07-25
ITREXIT00701720427,22042138,2204213810,10,ITALIAN WINE,IT,300,4000,1,2026-02-15
ITREXIT00707280962,49111010,4911101000,00,Trade advertising,IT,300,4000,1,2026-08-05
ITREXIT00707280962,68029390,6802939090,90,Granite,IT,300,4000,2,2026-08-05
ITREXIT00707280962,70099200,7009920000,00,Other Framed,IT,300,4000,1,2026-07-02
ITREXIT00707280962,94016100,9401610000,00,Other seats with wooden frames Upholstered,IT,300,4000,4,2026-08-05
ITREXIT00707280962,94032080,9403208000,00,Other metal furniture Other,IT,300,4000,1,2026-05-23
ITREXIT00707280962,94032080,9403208020,20,Other metal furniture Other Bolted and boltless steel shelving units and components thereof namely steel uprights with two flat connecting surfaces and steel beams without welded upright connectors where the shelving unit includes any of such components whether or not with decks regardless of their material,IT,300,4000,1,2026-08-05
ITREXIT00707280962,94032080,9403208080,80,Other metal furniture Other,IT,300,4000,2,2026-07-02
ITREXIT00707280962,94036090,9403609000,00,Other wooden furniture Other wooden furniture,IT,300,4000,4,2026-08-05
ITREXIT00709220347,04061030,0406103090,90,CHEESE,IT,300,4000,1,2026-07-05
ITREXIT00709220347,04069061,0406906100,00,CHEESE,IT,300,4000,1,2026-01-25
ITREXIT00717660344,84122981,8412298190,90,HYDRAULIC FLUID POWER PUMPS,IT,300,4000,6,2026-08-07
ITREXIT00727070393,04081981,0408198100,00,SPECIAL EGGS,IT,300,4000,15,2026-07-26
ITREXIT00727070393,04089980,0408998000,00,SPECIAL EGGS,IT,300,4000,23,2026-08-02
ITREXIT00758580104,07119080,0711908000,00,GARLIC CLOVES,CN,100,4000,2,2026-02-01
ITREXIT00761090240,84158100,8415810099,99,INDUSTRIAL COOLING TOWER,IT,300,4000,1,2026-05-14
ITREXIT00761090240,84158300,8415830090,90,CHILLER PARTS,IT,300,4000,4,2026-06-29
ITREXIT00763720521,02091011,0209101100,00,LARDO STAGIONATO,IT,300,4000,5,2026-08-16
ITREXIT00763720521,02101111,0210111100,00,PROSCIUTTO,IT,300,4000,1,2026-04-19
ITREXIT00763720521,02101219,0210121900,00,PANCETTA,IT,300,4000,29,2026-08-16
ITREXIT00763720521,02101981,0210198190,90,GUANCE,IT,300,4000,9,2026-07-11
ITREXIT00763720521,04069063,0406906390,90,PECORINO,IT,300,4000,21,2026-07-25
ITREXIT00763720521,16010091,1601009190,90,Sausages,IT,300,4000,33,2026-08-16
ITREXIT00763720521,16010099,1601009991,91,Sausages,IT,300,4000,29,2026-08-16
ITREXIT00763720521,16010099,1601009999,99,MEATS,IT,300,4000,6,2026-02-08
ITREXIT00763720521,16024919,1602491990,90,Sopresatta,IT,300,4000,1,2026-04-25
ITREXIT00763720521,21039090,2103909089,89,CONFETTURA CIPOLLA,IT,300,4000,1,2026-06-28
ITREXIT00766970123,04061080,0406108080,80,SPALMAFRESCO CHEESE,IT,300,4000,11,2026-08-09
ITREXIT00766970123,04069099,0406909900,00,MASCARPONE,IT,300,4000,7,2026-08-09
ITREXIT00766970123,08023200,0802320000,00,NOCI,IT,300,4000,2,2026-07-19
ITREXIT0076860262,04062000,0406200000,00,GRANA PADANO,IT,300,4000,1,2026-02-08
ITREXIT00786860262,04062000,0406200000,00,GRANA PADANO,IT,300,4000,152,2026-08-16
ITREXIT00786860262,04069061,0406906100,00,ITALIAN CHEESE,IT,300,4000,4,2026-05-10
ITREXIT00786860262,04069069,0406906900,00,ITALIAN CHEESE,IT,300,4000,11,2026-07-04
ITREXIT00800010407,07101000,0710100000,00,POTATOES,IT,300,4000,1,2026-06-06
ITREXIT00800010407,07108051,0710805100,00,GRILLED PEPPERS,IT,300,4000,7,2026-08-16
ITREXIT00800010407,07108095,0710809580,80,FRIARELLI PORTIONS,IT,300,4000,16,2026-08-16
ITREXIT00800010407,07109000,0710900000,00,VEGETABLES MIX,IT,300,4000,4,2026-06-06
ITREXIT00800010407,12119086,1211908620,20,BASIL,IT,300,4000,2,2026-08-09
ITREXIT00800010407,20049098,2004909880,80,PRE FRIED AUBERGINES,IT,300,4000,17,2026-08-16
ITREXIT00807560420,21069098,2106909869,69,WHITE SAUCE,IT,300,4000,1,2026-07-09
ITREXIT00827760091,19059045,1905904500,00,BACI,IT,300,4000,5,2026-07-11
ITREXIT00827760091,19059070,1905907000,00,SOFT AMARETTI,IT,300,4000,9,2026-08-02
ITREXIT00828920884,22021000,2202100000,00,CARBONATED SOFT DRINK,IT,300,4000,5,2026-08-08
ITREXIT00863810362,02101981,0210198120,20,PROSCIUTTO,IT,300,4000,3,2026-08-09
ITREXIT00875490245,84381010,8438101000,00,Bakery machinery,IT,300,4000,1,2026-06-09
ITREXIT00880920517,22042166,2204216610,10,WINE,IT,300,0700,1,2026-04-26
ITREXIT00900980038,04061050,0406105090,90,CHEESE,IT,300,4000,9,2026-07-11
ITREXIT00900980038,04062000,0406200000,00,CHEESE,IT,300,4000,1,2026-01-25
ITREXIT00900980038,04064050,0406405000,00,CHEESE,IT,300,4000,11,2026-07-25
ITREXIT00900980038,04069023,0406902300,00,CHEESE,IT,300,4000,1,2026-02-28
ITREXIT00900980038,04069063,0406906390,90,CHEESE,IT,300,4000,1,2026-03-07
ITREXIT00900980038,04069069,0406906900,00,CHEESE,IT,300,4000,1,2026-02-28
ITREXIT00900980038,04069076,0406907690,90,CHEESE,IT,300,4000,9,2026-07-25
ITREXIT00900980038,04069089,0406908990,90,CHEESE,IT,300,4000,1,2026-02-28
ITREXIT00900980038,04069092,0406909290,90,CHEESE,IT,300,4000,3,2026-04-06
ITREXIT00902520089,15092000,1509200090,90,EXTRA VIRGIN OLIVE OIL,IT,300,4000,1,2026-05-24
ITREXIT00902520089,22090011,2209001100,00,ACETO BALSAMICO,IT,300,4000,1,2026-05-24
ITREXIT009130523,04061050,0406105090,90,CHEESE,IT,300,4000,1,2026-06-25
ITREXIT009130523,04069099,0406909900,00,CHEESE,IT,300,4000,1,2026-06-25
ITREXIT00913080966,94016100,9401610000,00,Other seats with wooden frames Upholstered,IT,300,4000,1,2026-06-23
ITREXIT00913080966,94038900,9403890090,90,Furniture of other materials including cane osier bamboo or similar materials Other Other,IT,300,4000,1,
ITREXIT00913080966,94049090,9404909000,00,Other Other,IT,300,4000,1,2026-06-23
ITREXIT00984800284,22042179,2204217910,10,ITALIAN WINE,IT,300,4000,1,2026-02-01
ITREXIT0099130523,04061050,0406105090,90,CHEESE,IT,300,4000,6,2026-07-16
ITREXIT0099130523,04069099,0406909900,00,CHEESE,IT,300,4000,6,2026-07-16
ITREXIT00996420618,04061030,0406103090,90,ITALIAN CHEESE,IT,300,4000,27,2026-07-12
ITREXIT00996420618,04061050,0406105010,10,ITALIAN CHEESE,IT,300,4000,19,2026-07-12
ITREXIT00996420618,04061050,0406105090,90,CHEESE,IT,300,4000,2,2026-03-22
ITREXIT01037330196,04069063,0406906390,90,CHEESE,IT,300,4000,2,2026-03-15
ITREXIT01037330196,04069073,0406907300,00,CHEESE,IT,300,4000,5,2026-08-16
ITREXIT01043840071,04069076,0406907690,90,FONTINA,IT,300,4000,5,2026-07-19
ITREXIT010509010367,22090011,2209001100,00,BALSAMIC VINEGAR,IT,300,4000,1,2026-08-09
ITREXIT01053460059,19059070,1905907000,00,CAKES,IT,300,4000,30,2026-08-16
ITREXIT01053460059,19059080,1905908000,00,CAKES,IT,300,4000,12,2026-06-28
ITREXIT01053460059,21050010,2105001000,00,ICE CREAM,IT,300,4000,32,2026-08-16
ITREXIT01053460059,21050099,2105009900,00,LIMONE RIPIENO,IT,300,4000,1,2026-07-12
ITREXIT01066170398,19021100,1902110020,20,Uncooked pasta,IT,300,4000,4,2026-02-01
ITREXIT01066170398,19021100,1902110090,90,Uncooked pasta,IT,300,4000,45,2026-08-16
ITREXIT01066170398,19021910,1902191020,20,Uncooked pasta,IT,300,4000,1,2026-03-09
ITREXIT01066170398,19021910,1902191090,90,Uncooked pasta,IT,300,4000,48,2026-08-16
ITREXIT01066170398,19022010,1902201029,29,SCALLOPS WITH N SEA PRAWNS,IT,100,4000,1,2026-07-05
ITREXIT01066170398,19022010,1902201091,91,Stuffed pasta,IT,100,4000,4,2026-08-16
ITREXIT01066170398,19022010,1902201099,99,Stuffed pasta,IT,300,4000,10,2026-08-16
ITREXIT01066170398,19022030,1902203091,91,Stuffed pasta,IT,300,4000,13,2026-08-16
ITREXIT01066170398,19022030,1902203099,99,Stuffed pasta,IT,100,4000,29,2026-08-16
ITREXIT01066170398,19022091,1902209190,90,Stuffed pasta,IT,300,4000,38,2026-08-09
ITREXIT01066170398,19022099,1902209920,20,Stuffed pasta,IT,100,4000,1,2026-01-11
ITREXIT01066170398,19022099,1902209990,90,Stuffed pasta,IT,300,4000,60,2026-08-16
ITREXIT01066170398,19023010,1902301040,40,Pasta,IT,300,4000,2,2026-01-11
ITREXIT01066170398,19023010,1902301080,80,Pasta,IT,300,4000,12,2026-08-16
ITREXIT01066170398,19023090,1902309020,20,Pasta,IT,300,4000,3,2026-06-07
ITREXIT01066170398,19023090,1902309090,90,Pasta,IT,300,4000,44,2026-08-16
ITREXIT01066170398,19049010,1904901000,00,Pasta,IT,300,4000,21,2026-08-16
ITREXIT01066170398,21039090,2103909081,81,sauces,IT,300,4000,1,2026-08-09
ITREXIT01067780997,15092000,1509200010,10,E V O O,IT,300,4000,1,2026-08-08
ITREXIT01067780997,15092000,1509200090,90,EXTRA VIRGI OLIVE OIL,IT,300,4000,1,2026-06-03
ITREXIT01067780997,15101000,1510100000,00,OLIVE OIL,IT,300,4000,2,2026-08-08
ITREXIT01067780997,15179099,1517909990,90,BLEND SUNFLOWER OIL,IT,300,4000,1,2026-06-03
ITREXIT01072770330,20021011,2002101100,00,Tomatoes,IT,300,4000,1,2026-02-15
ITREXIT01091580223,04061030,0406103090,90,CHEESE,IT,300,4000,1,2026-03-08
ITREXIT01091580223,04061050,0406105090,90,CHEESE,IT,300,4000,2,2026-03-08
ITREXIT01091580223,04069061,0406906100,00,Grana Padano,IT,300,4000,30,2026-08-16
ITREXIT01091580223,04069073,0406907300,00,Provolone,IT,300,4000,25,2026-08-16
ITREXIT01091580223,04069075,0406907590,90,CHEESE,IT,300,4000,15,2026-08-16
ITREXIT01091580223,04069086,0406908690,90,Hard cheese,IT,300,4000,1,2026-04-06
ITREXIT01129730253,20031030,2003103000,00,MUSHROOMS,IT,300,4000,2,2026-05-24
ITREXIT01129730253,21039090,2103909019,19,ASPARAGUS CREAM,IT,300,4000,1,2026-05-24
ITREXIT01129730253,21039090,2103909089,89,SAUCES,IT,300,4000,3,2026-07-12
ITREXIT01131190033,04061080,0406108080,80,ITALIAN CHEESE,IT,300,4000,5,2026-06-28
ITREXIT01131190033,04064050,0406405000,00,CHEESE,IT,300,4000,32,2026-08-16
ITREXIT01131190033,04069076,0406907690,90,ITALIAN CHEESE,IT,300,4000,3,2026-06-28
ITREXIT01131190033,04069079,0406907990,90,CHEESE,IT,300,4000,33,2026-08-16
ITREXIT01161370729,04061030,0406103090,90,CHEESE,IT,300,4000,1,2026-03-02
ITREXIT01161370729,04061050,0406105090,90,ITALIAN CHEESE,IT,300,4000,18,2026-07-12
ITREXIT01161370729,04069092,0406909290,90,CHEESE,IT,300,4000,1,2026-03-02
ITREXIT0116370729,04061050,0406105090,90,CHEESE,IT,300,4000,1,2026-05-24
ITREXIT01192001004,84149000,8414900090,90,ROTORS,IT,300,4000,8,2026-05-06
ITREXIT01192001004,84839020,8483902090,90,Toothed wheels,IT,300,4000,3,2026-07-23
ITREXIT01202200190,04051019,0405101900,00,BUTTER,IT,300,4000,6,2026-08-02
ITREXIT01202200190,04061050,0406105090,90,RICOTTA,IT,300,4000,9,2026-07-19
ITREXIT01202200190,04061080,0406108080,80,CHEESE,IT,300,4000,18,2026-08-02
ITREXIT01202200190,04064050,0406405000,00,GORGONZOLA,IT,300,4000,17,2026-08-02
ITREXIT01202200190,04069061,0406906100,00,CHEESE,IT,300,4000,6,2026-07-05
ITREXIT01202200190,04069063,0406906390,90,PECORINO,IT,300,4000,10,2026-07-19
ITREXIT01202200190,04069069,0406906900,00,CHEESE,IT,300,4000,17,2026-08-02
ITREXIT01202200190,04069075,0406907590,90,ASIAGO,IT,300,4000,8,2026-07-19
ITREXIT01202200190,04069076,0406907690,90,FONTAL,IT,300,4000,7,2026-07-19
ITREXIT01202200190,04069079,0406907990,90,TALEGGIO,IT,300,4000,16,2026-08-02
ITREXIT01202200190,04069084,0406908400,00,BRIE,FR,300,4000,14,2026-08-02
ITREXIT01202200190,04069099,0406909900,00,CHEESE,IT,300,4000,5,2026-08-02
ITREXIT01207600012,02101219,0210121900,00,ITALIAN CURED MEAT,IT,300,4000,1,2026-02-15
ITREXIT01207600012,16010091,1601009110,10,ITALIAN SALAMI,IT,300,4000,2,2026-02-15
ITREXIT01207600012,16024110,1602411010,10,ITALIAN CURED MEAT,IT,300,4000,1,2026-02-15
ITREXIT01207620012,02101219,0210121900,00,ITALIAN CURED MEAT,IT,300,4000,6,2026-05-31
ITREXIT01207620012,16010091,1601009110,10,ITALIAN SALAMI,IT,300,4000,8,2026-06-28
ITREXIT01207620012,16010099,1601009919,19,ITALIAN CURED MEAT,IT,300,4000,2,2026-05-31
ITREXIT01207620012,16024110,1602411010,10,ITALIAN CURED MEAT,IT,300,4000,7,2026-06-28
ITREXIT01207620012,16024110,1602411090,90,MEATS,IT,300,4000,1,2026-03-29
ITREXIT0122481210,04061030,0406103090,90,CHEESE,IT,300,4000,4,2026-05-24
ITREXIT0122481210,04061050,0406105090,90,CHEESE,IT,300,4000,4,2026-05-24
ITREXIT01235070339,04069061,0406906100,00,CHEESE,IT,300,4000,5,2026-08-16
ITREXIT01246730798,16041431,1604143190,90,TUNA,IT,300,4000,2,2026-07-04
ITREXIT01271661215,19021910,1902191090,90,PASTA,IT,300,4000,2,2026-05-31
ITREXIT01277590665,19053119,1905311900,00,CANNOLI,IT,300,4000,34,2026-08-16
ITREXIT01277690665,19053119,1905311900,00,CANNOLI,IT,300,4000,1,2026-06-14
ITREXIT01292650932,09012100,0901210000,00,COFFEE,IT,300,4000,2,2026-02-15
ITREXIT01292650932,09012200,0901220000,00,Coffee,IT,300,4000,1,
ITREXIT01299680353,04062000,0406200000,00,GRATED CHEESE,IT,300,4000,34,2026-08-15
ITREXIT01299680353,04069061,0406906100,00,CHEESE,IT,300,4000,26,2026-08-15
ITREXIT01299680353,04069075,0406907590,90,Asiago,IT,300,4000,3,2026-03-07
ITREXIT01299680353,19059055,1905905500,00,SAVOURY PRODUCTS,IT,300,4000,1,2026-07-06
ITREXIT01317310330,04061050,0406105090,90,CAGLIATA,IT,300,4000,2,2026-08-09
ITREXIT01317310330,04062000,0406200000,00,DRIED SKIM CURD,IE,300,4000,1,2026-07-11
ITREXIT01318801006,84143089,8414308990,90,COMPRESSOR,IT,300,4000,13,2026-08-06
ITREXIT01318801006,84149000,8414900090,90,SPARES FOR AIR CON UNIT,IT,300,4000,1,2026-01-14
ITREXIT0131881006,84143089,8414308990,90,COMPRESSOR,IT,300,4000,1,2026-02-17
ITREXIT01321750745,16042040,1604204090,90,MARINATED ANCHOVY FILLETS,HR,300,4000,6,2026-07-25
ITREXIT01321750745,16055400,1605540090,90,SEAFOOD SALAD,IT,300,4000,4,2026-06-28
ITREXIT01321750745,16055500,1605550000,00,OCTOPUS IN SUNFLOWER OIL,IT,300,4000,5,2026-07-25
ITREXIT01321750745,20019020,2001902000,00,PEPPERS,GR,300,4000,13,2026-06-28
ITREXIT01321750745,20019097,2001909799,99,ONIONS,IT,300,4000,18,2026-06-28
ITREXIT01321750745,20021090,2002109000,00,DRIED TOMATOES,IT,300,4000,1,2026-07-25
ITREXIT01321750745,20031030,2003103000,00,MUSHROOMS,IT,300,4000,11,2026-06-14
ITREXIT01321750745,20059930,2005993090,90,VEGETABLES,IT,300,4000,21,2026-06-28
ITREXIT01321750745,20059950,2005995090,90,VEGETABLES,IT,300,4000,22,2026-07-25
ITREXIT01339070359,19059080,1905908000,00,PIZZA BASE,IT,300,4000,59,2026-08-16
ITREXIT01360550196,19059080,1905908000,00,FOCACCIA,IT,300,4000,1,2026-04-01
ITREXIT01426340939,22041015,2204101500,00,ITALIAN SPARKLING WINE,IT,300,4000,2,2026-06-02
ITREXIT01426340939,22041093,2204109390,90,ITALIAN SPARKLING WINE,IT,300,4000,2,2026-06-02
ITREXIT01426340939,22042127,2204212710,10,ITALIAN WINE,IT,300,4000,1,2026-06-02
ITREXIT01426340939,22042166,2204216690,90,ITALIAN WINE,IT,300,4000,2,2026-06-02
ITREXIT01426340939,22042179,2204217910,10,ITALIAN WINE,IT,300,4000,1,2026-06-02
ITREXIT01426340939,22042180,2204218090,90,ITALIAN WINE,IT,300,4000,1,2026-06-02
ITREXIT01433280748,16041600,1604160090,90,ANCHOVY,IT,300,4000,4,2026-07-27
ITREXIT01433280748,20019070,2001907090,90,SWEET PEPPERS,IT,300,4000,12,2026-08-07
ITREXIT01433280748,20039090,2003909000,00,MUSHROOMS,IT,300,4000,1,2026-04-19
ITREXIT01433280748,20049098,2004909880,80,MIX VEGETABLES,IT,300,4000,7,2026-08-07
ITREXIT01433280748,20059980,2005998098,98,VEGETABLES,IT,300,4000,9,2026-08-07
ITREXIT01443290919,16010099,1601009911,11,ITALIAN SAUSAGES,IT,300,4000,5,2026-07-12
ITREXIT01447271212,20057000,2005700000,00,OLIVES,IT,300,4000,15,2026-08-16
ITREXIT01449950672,59039010,5903901000,00,CARBON FIBER PREPREG,IT,300,4000,50,2026-08-02
ITREXIT01463760353,04069061,0406906100,00,CHEESE,IT,300,4000,3,2026-08-09
ITREXIT01470360122,19053199,1905319900,00,AMARETTI ITALIAN BISCUITS,IT,300,4000,1,2026-04-20
ITREXIT01473850624,22042138,2204213810,10,WINE,IT,300,0700,1,2026-04-28
ITREXIT01473850624,22042178,2204217890,90,WINE,IT,300,0700,1,2026-04-28
ITREXIT01482230529,19052010,1905201000,00,BISCUITS,IT,300,4000,1,2026-03-04
ITREXIT01482230529,19053119,1905311900,00,BISCUITS,IT,300,4000,1,2026-03-04
ITREXIT01483860365,02101219,0210121900,00,PANCETTA,IT,300,4000,10,2026-07-04
ITREXIT01483860365,02102090,0210209099,99,BRESAOLA,IT,300,4000,7,2026-06-28
ITREXIT01483860365,16010091,1601009190,90,ITALIAN SALAMI,IT,300,4000,11,2026-07-04
ITREXIT01483860365,16010099,1601009999,99,MORTADELLA,IT,300,4000,11,2026-07-04
ITREXIT01483860365,16024110,1602411090,90,PROSCIUTTO COTTO,IT,300,4000,10,2026-06-28
ITREXIT01485450686,19053119,1905311900,00,CANTUCCI,IT,300,4000,1,2026-07-03
ITREXIT01487730903,19021910,1902191090,90,PASTA,IT,300,4000,5,2026-07-27
ITREXIT01508620349,02101219,0210121900,00,PANCETTA,IT,300,4000,7,2026-06-28
ITREXIT01508620349,04069069,0406906900,00,ITALIAN CHEESE,IT,300,4000,2,2026-05-31
ITREXIT01508620349,16010091,1601009110,10,ITALIAN SAUSAGES,IT,300,4000,3,2026-06-28
ITREXIT01508620349,16010091,1601009190,90,FENNEL,IT,300,4000,3,2026-04-26
ITREXIT01509010367,21039090,2103909081,81,SAUCES,IT,300,4000,1,2026-07-19
ITREXIT01509010367,21039090,2103909089,89,SAUCES,IT,300,4000,2,2026-05-03
ITREXIT01509010367,22090011,2209001100,00,BALSAMIC VINEGAR,IT,300,4000,4,2026-07-19
ITREXIT01518990351,02101950,0210195090,90,MEATS,IT,300,4000,1,2026-03-15
ITREXIT01518990351,02101981,0210198190,90,MEATS,IT,300,4000,4,2026-07-11
ITREXIT01518990351,16010091,1601009190,90,SAUSAGES,IT,300,4000,4,2026-07-11
ITREXIT01532880133,94016100,9401610000,00,Other seats with wooden frames Upholstered,IT,300,4000,1,2026-01-13
ITREXIT01532880133,94036010,9403601000,00,Other wooden furniture Wooden furniture of a kind used in the dining room and the living room,IT,300,4000,2,2026-08-07
ITREXIT01532880133,94052190,9405219090,90,Electric table desk bedside or floorstanding luminaires Designed for use solely with lightemitting diode LED light sources Of other materials Other,IT,300,4000,1,2026-08-07
ITREXIT01535680225,22042127,2204212710,10,WINE,IT,300,0700,2,2026-04-16
ITREXIT01551351214,20021011,2002101100,00,PEELED TOMATOES,IT,300,4000,1,2026-03-11
ITREXIT01579870942,09012100,0901210000,00,COFFEE,IT,300,4000,5,2026-07-26
ITREXIT01579870942,09012200,0901220000,00,DECAF ORGANIC,IT,300,4000,2,2026-07-26
ITREXIT01595130889,20021090,2002109000,00,TOMATOES,IT,300,4000,2,2026-07-19
ITREXIT01595130889,20029011,2002901100,00,SEMI DRIED CHERRY TOMATOES,IT,300,4000,1,2026-03-07
ITREXIT01595130889,20029019,2002901900,00,SEMI DRIED CHERRY TOMATOES,IT,300,4000,1,2026-03-07
ITREXIT01595130889,20029041,2002904195,95,SEMI DRIED CHERRY TOMATOES,IT,300,4000,1,2026-08-13
ITREXIT01595130889,20029049,2002904995,95,SEMI DRIED CHERRY TOMATOES,IT,300,4000,1,2026-08-13
ITREXIT01595130889,21032000,2103200000,00,TOMATOES,IT,300,4000,1,2026-03-07
ITREXIT01604960474,02101981,0210198120,20,MEAT PRODUCTS,IT,300,4000,1,2026-02-28
ITREXIT01604960474,02102090,0210209015,15,MEAT PRODUCTS,IT,300,4000,1,2026-02-28
ITREXIT01604960474,16010010,1601001099,99,MEAT PRODUCTS,IT,300,4000,1,2026-02-28
ITREXIT01616900245,84514000,8451400000,00,Washing machines,IT,300,4000,1,2026-03-14
ITREXIT01622550240,04062000,0406200000,00,Grana Padano,IT,300,4000,2,2026-02-22
ITREXIT01622550240,04069061,0406906100,00,CHEESE,IT,300,4000,9,2026-08-10
ITREXIT01622550240,04069073,0406907300,00,CHEESE,IT,300,4000,9,2026-07-26
ITREXIT01631440367,02101219,0210121900,00,MEAT,IT,300,4000,11,2026-08-16
ITREXIT01631440367,02101989,0210198900,00,MEAT,IT,300,4000,6,2026-07-05
ITREXIT01632850069,22042178,2204217810,10,ITALIAN WINE,IT,300,4000,1,2026-07-30
ITREXIT01655770053,16010091,1601009110,10,SLICED SPICY PORK SAUSAGE,IT,300,4000,5,2026-06-21
ITREXIT01655770053,16010091,1601009190,90,MEATS,IT,300,4000,2,2026-04-19
ITREXIT01662480340,04064050,0406405000,00,GORGONZOLA,IT,300,4000,5,2026-07-19
ITREXIT01662480340,04069061,0406906100,00,PARMIGIANO REGGIANO,IT,300,4000,6,2026-07-19
ITREXIT01663210696,22042166,2204216690,90,ITALIAN WINE,IT,300,4000,1,2026-04-24
ITREXIT01663210696,22042178,2204217890,90,ITALIAN WINE,IT,300,4000,1,2026-07-30
ITREXIT01663210696,22042179,2204217910,10,ITALIAN WINE,IT,300,4000,2,2026-07-30
ITREXIT01663210696,22042180,2204218010,10,ITALIAN WINE,IT,300,4000,1,2026-06-18
ITREXIT01663210696,22042180,2204218090,90,ITALIAN WINE,IT,300,4000,3,2026-07-30
ITREXIT01663210696,22042184,2204218490,90,ITALIAN WINE,IT,300,4000,1,2026-06-18
ITREXIT01667940025,04064090,0406409000,00,CHEESE,IT,300,4000,6,2026-05-10
ITREXIT01667940025,04069076,0406907690,90,CHEESE,IT,300,4000,1,2026-02-01
ITREXIT01667940025,04069099,0406909900,00,CHEESE,IT,300,4000,4,2026-04-12
ITREXIT01705390134,21050010,2105001000,00,ICE CREAM,IT,300,4000,4,2026-06-27
ITREXIT01705390134,21050091,2105009100,00,ICE CREAM,IT,300,4000,4,2026-06-27
ITREXIT01705390134,21050099,2105009900,00,ICE CREAM,IT,300,4000,4,2026-06-27
ITREXIT01723130405,04069069,0406906900,00,CHEESE,IT,300,4000,3,2026-08-09
ITREXIT01723130405,16010091,1601009190,90,SAUSAGES,IT,300,4000,3,2026-08-09
ITREXIT01723910467,59039010,5903901000,00,IMPREGNATED FABRIC,IT,300,4000,1,2026-07-28
ITREXIT01725280687,22042178,2204217810,10,ITALIAN WINE,IT,300,4000,6,2026-05-31
ITREXIT01725280687,22042180,2204218010,10,WINE,IT,300,4000,1,2026-04-19
ITREXIT01740700131,94035000,9403500000,00,Wooden furniture of a kind used in the bedroom,IT,300,4000,2,2026-02-08
ITREXIT01749310742,22042179,2204217910,10,SALENTO WINE,IT,300,4000,1,2026-03-18
ITREXIT01749310742,22042180,2204218010,10,ROSSO WINE,IT,300,4000,1,2026-03-18
ITREXIT01749310742,22042180,2204218090,90,SALENTO ROSSO WINE,IT,300,4000,2,2026-03-18
ITREXIT01750470096,20059980,2005998098,98,ITALIAN BASIL,IT,300,4000,1,2026-08-13
ITREXIT01758240616,04061030,0406103090,90,CHEESE,IT,300,4000,1,2026-07-30
ITREXIT01758240616,04061050,0406105090,90,CHEESE,IT,300,4000,1,2026-07-30
ITREXIT01764080857,20019065,2001906510,10,OLIVES,IT,300,4000,1,2026-08-09
ITREXIT01764080857,20019065,2001906590,90,Olives,IT,300,4000,11,2026-07-19
ITREXIT01786290336,04061030,0406103090,90,CHEESE,HU,300,4000,140,2026-08-16
ITREXIT01786290336,04061050,0406105090,90,CHEESE,IT,300,4000,87,2026-08-16
ITREXIT01786290336,04061080,0406108080,80,CHEESE,HU,300,4000,1,2026-02-08
ITREXIT01786290336,04064050,0406405000,00,CHEESE,IT,300,4000,15,2026-08-09
ITREXIT01786290336,04069079,0406907990,90,CHEESE,IT,300,4000,6,2026-04-05
ITREXIT01789660691,22042178,2204217810,10,WINE,IT,300,0700,1,2026-04-23
ITREXIT01792940262,39241000,3924100090,90,SECCIELLO NERO ASTORIA,IT,300,4000,1,2026-03-24
ITREXIT01792940262,82100000,8210000000,00,LEVATAPPI ASTORIA,IT,300,4000,1,2026-03-24
ITREXIT01797570205,02101219,0210121900,00,Meat,IT,300,4000,63,2026-08-16
ITREXIT01797570205,02101981,0210198110,10,Meat,IT,300,4000,31,2026-08-16
ITREXIT01797570205,02101981,0210198120,20,Meat,IT,300,4000,63,2026-08-16
ITREXIT01797570205,02101981,0210198190,90,Meat,IT,300,4000,62,2026-08-16
ITREXIT01797570205,02102090,0210209015,15,Meat,IT,300,4000,60,2026-08-16
ITREXIT01797570205,02102090,0210209091,91,Meat,IT,300,4000,2,2026-03-08
ITREXIT01797570205,02102090,0210209099,99,Meat,IT,300,4000,13,2026-06-28
ITREXIT01797570205,16010091,1601009105,05,Sausages,IT,300,4000,69,2026-08-16
ITREXIT01797570205,16010091,1601009190,90,SAUSAGE,IT,300,4000,1,2026-02-15
ITREXIT01797570205,16010099,1601009911,11,Sausages,IT,300,4000,61,2026-08-16
ITREXIT01797570205,16010099,1601009991,91,Sausages,IT,300,4000,3,2026-07-26
ITREXIT01797570205,16024110,1602411010,10,Sausage,IT,300,4000,60,2026-08-16
ITREXIT01797570205,16024110,1602411090,90,Hams,IT,300,4000,50,2026-08-16
ITREXIT01797570205,16024290,1602429000,00,Meat,IT,300,4000,36,2026-08-02
ITREXIT01797570205,16024919,1602491990,90,MEATS,IT,300,4000,1,2026-08-02
ITREXIT0181870791,16010099,1601009999,99,NDUJA,IT,300,4000,4,2026-06-28
ITREXIT0181870791,20057000,2005700000,00,OLIVES,IT,300,4000,1,2026-01-25
ITREXIT0181870791,20059910,2005991090,90,PEPERONCINI PICCANTI,IT,300,4000,5,2026-06-28
ITREXIT01821800164,87087050,8708705085,85,WHEEL CENTER LOCK,IT,300,4000,1,2026-03-05
ITREXIT01849870389,19022099,1902209990,90,Stuffed pasta,IT,300,4000,9,2026-08-13
ITREXIT01850910934,07149090,0714909000,00,CROCCHETTA,IT,300,4000,1,2026-04-22
ITREXIT01850910934,19022091,1902209190,90,RISOTTO PASTA,IT,300,4000,3,2026-04-22
ITREXIT01850910934,19059080,1905908000,00,PARMIGIANA CUBES,IT,300,4000,1,2026-04-22
ITREXIT01850910934,21069098,2106909869,69,FROZEN RICE BALLS,IT,300,4000,1,2026-05-14
ITREXIT01876670041,19059070,1905907000,00,ASSORTED PANETTONI CAKES,IT,300,4000,1,2026-02-04
ITREXIT01892510981,11031310,1103131000,00,GROATS AND MEAL,IT,300,4000,1,2026-01-25
ITREXIT01892510981,11031390,1103139000,00,GROATS AND MEAL,IT,300,4000,1,2026-01-25
ITREXIT01900610930,22029919,2202991995,95,DEALCOHOLIZED ROSE STILL WINE,IT,300,4000,1,2026-03-29
ITREXIT01913170435,19059080,1905908000,00,PINSA,IT,300,4000,4,2026-07-04
ITREXIT01913170435,21032000,2103200000,00,SAUCE,IT,300,4000,1,2026-06-03
ITREXIT01920400239,02101211,0210121100,00,ITALIAN CURED MEAT,IT,300,4000,4,2026-07-19
ITREXIT01920400239,02101981,0210198190,90,ITALIAN CURED MEAT,IT,300,4000,3,2026-07-19
ITREXIT01920400239,02101989,0210198900,00,ITALIAN CURED MEAT,IT,300,4000,2,2026-05-07
ITREXIT01920400239,16010091,1601009110,10,ITALIAN CURED MEAT,IT,300,4000,5,2026-07-19
ITREXIT01920400239,16024110,1602411010,10,ITALIAN CURED MEAT,IT,300,4000,1,2026-05-07
ITREXIT01920400239,16024110,1602411090,90,ITALIAN CURED MEAT,IT,300,4000,4,2026-07-19
ITREXIT01920400239,21012098,2101209899,99,Extracts essences and concentrates of tea or maté and preparations with a basis of these extracts essences or concentrates or with a basis of tea or maté Preparations Other Other Other Other,IT,300,4000,1,2026-03-29
ITREXIT0192400239,02101989,0210198900,00,DREID PORK,IT,300,4000,1,2026-08-09
ITREXIT0192400239,16010091,1601009190,90,SAUSAGES,IT,300,4000,1,2026-08-09
ITREXIT0192400239,16024110,1602411090,90,PARMA HAM,IT,300,4000,1,2026-08-09
ITREXIT0193200268,04062000,0406200000,00,GRATED CHEESE,IT,300,4000,5,2026-08-10
ITREXIT0193200268,04069061,0406906100,00,GRANA PADANO,IT,300,4000,8,2026-08-10
ITREXIT0193200268,04069089,0406908990,90,CHEESE SHAVINGS,IT,300,4000,13,2026-08-10
ITREXIT01937450243,04069063,0406906310,10,Pecorino,IT,300,4000,1,2026-06-21
ITREXIT01937450243,04069069,0406906900,00,ITALIAN CHEESE,IT,300,4000,3,2026-06-21
ITREXIT01937450243,04069073,0406907300,00,ITALIAN CHEESE,IT,300,4000,6,2026-08-02
ITREXIT01950130698A,22042138,2204213810,10,ITALIAN WINE,IT,300,4000,1,2026-07-03
ITREXIT01950130698A,22042178,2204217810,10,ITALIAN WINE,IT,300,4000,2,2026-07-03
ITREXIT01950130698A,22042179,2204217910,10,ITALIAN WINE,IT,300,4000,1,2026-07-03
ITREXIT01965940982,22041093,2204109300,00,SATEN MILLESIMATO,IT,300,4000,1,2026-03-02
ITREXIT01965940982,22042138,2204213810,10,SIRMIONE,IT,300,4000,1,2026-03-02
ITREXIT01970420269,22041015,2204101500,00,ITALIAN SPARKLING WINE,IT,300,0700,36,2026-08-03
ITREXIT01970420269,22041094,2204109400,00,ITALIAN SPARKLING WINE,IT,300,0700,1,2026-04-27
ITREXIT01970420269,22041098,2204109800,00,ITALIAN SPARKLING WINE,IT,300,0700,1,2026-02-02
ITREXIT01970420269,22041098,2204109890,90,ITALIAN SPARKLING WINE,IT,300,0700,2,2026-08-03
ITREXIT01982510305,84151010,8415101090,90,CHILLER PARTS,IT,300,4000,3,2026-06-15
ITREXIT01982510305,84158100,8415810099,99,CHILLER PARTS,IT,300,4000,2,2026-06-15
ITREXIT01982510305,84158200,8415820099,99,CHILLER PARTS,IT,300,4000,6,2026-07-28
ITREXIT01982510305,84189910,8418991087,87,CHILLER PARTS,IT,300,4000,1,2026-02-12
ITREXIT01986880027,10063046,1006304610,10,RICE,IT,300,4000,1,2026-04-25
ITREXIT01986880027,10063096,1006309690,90,RICE,IT,300,4000,1,2026-04-25
ITREXIT02016050540,07134000,0713400000,00,LENTILS,IT,300,4000,1,2026-03-19
ITREXIT02017160504,17049030,1704903000,00,WHITE CHOCOLATE,IT,300,4000,6,2026-08-02
ITREXIT02017160504,17049051,1704905100,00,HAZELNUT PASTE,IT,300,4000,7,2026-08-02
ITREXIT02017160504,18010000,1801000000,00,COCOA BEANS,IT,300,4000,5,2026-06-21
ITREXIT02017160504,18050000,1805000000,00,COCOA POWDER,IT,300,4000,6,2026-08-02
ITREXIT02017160504,18061020,1806102000,00,DARK CHOCOLATE,IT,300,4000,7,2026-08-02
ITREXIT02017160504,18062010,1806201090,90,MILK CHOCOLATE,IT,300,4000,5,2026-08-02
ITREXIT02017160504,18062050,1806205090,90,COCOA,IT,300,4000,7,2026-08-02
ITREXIT02017160504,18062095,1806209599,99,COCOA PREPARATIONS,IT,300,4000,1,2026-02-07
ITREXIT02017160504,20079910,2007991000,00,PASTE,IT,300,4000,5,2026-08-02
ITREXIT02017160504,20079997,2007999770,70,NUT PASTE,IT,300,4000,2,2026-06-21
ITREXIT02017160504,48191000,4819100000,00,PACKAGING,IT,300,4000,1,2026-03-26
ITREXIT02019110267,19023090,1902309090,90,CAULIFLOWER GNOCCHI,IT,300,4000,1,2026-05-08
ITREXIT02026931002,20057000,2005700000,00,OLIVES,IT,300,4000,5,2026-07-12
ITREXIT02027290697,02101211,0210121100,00,PANCETTA,IT,300,4000,3,2026-08-02
ITREXIT02027290697,02101910,0210191000,00,PORK,IT,300,4000,10,2026-08-02
ITREXIT02027290697,16010091,1601009190,90,SAUSAGES,IT,300,4000,9,2026-08-02
ITREXIT02033950060,22042162,2204216210,10,ITALIAN WINE,IT,300,4000,1,2026-07-03
ITREXIT02046440844,20029049,2002904995,95,SEMI DRIED CHERRY TOATOES IN OIL,IT,300,4000,1,2026-01-18
ITREXIT02046440844,20057000,2005700000,00,OLIVE VERDI,IT,300,4000,3,2026-07-19
ITREXIT02046440844,20059910,2005991090,90,PATE PEPERONCINO,IT,300,4000,2,2026-04-06
ITREXIT02046440844,20059950,2005995090,90,COPONATA,IT,300,4000,3,2026-07-19
ITREXIT02046440844,20081913,2008191320,20,PESTO,IT,300,4000,3,2026-07-19
ITREXIT02046440844,21039090,2103909011,11,PESTO,IT,300,4000,8,2026-07-19
ITREXIT02046440844,21039090,2103909081,81,PESTO,IT,300,4000,3,2026-07-19
ITREXIT02046440844,21039090,2103909089,89,PESTO,IT,300,4000,3,2026-04-06
ITREXIT02046440844,21069098,2106909869,69,PESTO,IT,300,4000,1,2026-01-18
ITREXIT02060490345,02101981,0210198190,90,PARMA HAM,IT,300,4000,4,2026-07-25
ITREXIT02082160595,21050010,2105001000,00,ICE CREAM,IT,300,4000,28,2026-08-15
ITREXIT02104430349,19059080,1905908000,00,PIZZA BASE,IT,300,4000,32,2026-08-16
ITREXIT02120150400,22042162,2204216290,90,ITALIAN WINE,IT,300,4000,2,2026-01-17
ITREXIT02120150400,22042168,2204216890,90,ITALIAN WINE,IT,300,4000,2,2026-01-17
ITREXIT02120150400,22042179,2204217910,10,ITALIAN WINE,IT,300,4000,1,2026-01-17
ITREXIT02152370264,84185090,8418509090,90,WOODEN CAGES,IT,300,4000,1,2026-03-31
ITREXIT02156450179,22041093,2204109300,00,WINE,IT,300,0700,1,2026-04-08
ITREXIT02156450179,22041098,2204109800,00,WINE,IT,300,0700,1,2026-04-08
ITREXIT02156450179,22042138,2204213810,10,WINE,IT,300,0700,1,2026-04-08
ITREXIT02176780845,16010091,1601009190,90,MEATS,IT,300,4000,2,2026-04-15
ITREXIT02177230840,22042179,2204217990,90,ITALIAN WINE,IT,300,4000,6,2026-03-29
ITREXIT02177230840,22042180,2204218010,10,WINE,IT,300,4000,1,2026-05-24
ITREXIT02177230840,22042180,2204218090,90,ITALIAN WINE,IT,300,4000,7,2026-03-29
ITREXIT02191431200,84158100,8415810091,91,CHILLER PARTS,IT,300,4000,7,2026-06-11
ITREXIT02191431200,84158200,8415820091,91,CHILLER PARTS,IT,300,4000,2,2026-03-06
ITREXIT02191431200,84158300,8415830090,90,CHILLER PARTS,IT,300,4000,1,2026-01-30
ITREXIT02191431200,84159000,8415900091,91,CHILLER PARTS,IT,300,4000,1,2026-03-06
ITREXIT02191431200,84186100,8418610091,91,CHILLER PARTS,IT,300,4000,1,2026-03-14
ITREXIT02191431200,84189910,8418991087,87,CHILLER PARTS,IT,300,4000,1,2026-03-06
ITREXIT02222230654,04061030,0406103090,90,CHEESE,IT,300,4000,18,2026-08-15
ITREXIT02222230654,04069061,0406906100,00,CHEESE,IT,300,4000,2,2026-01-18
ITREXIT0222230654,04061030,0406103090,90,CHEESE,IT,300,4000,7,2026-08-02
ITREXIT02254870716,19021100,1902110090,90,uncooked pasta,IT,300,4000,4,2026-04-05
ITREXIT02254870716,19021910,1902191090,90,uncooked pasta,IT,300,4000,4,2026-04-05
ITREXIT02254870716,19021990,1902199090,90,uncooked pasta,IT,300,4000,1,2026-03-15
ITREXIT02254870716,20021090,2002109000,00,SUNDRIED TOMATOES,IT,300,4000,10,2026-08-13
ITREXIT02254870716,20029041,2002904195,95,SUNDRIED TOMATOES,IT,300,4000,9,2026-07-22
ITREXIT02254870716,20059920,2005992090,90,SALTED CAPERS,IT,300,4000,2,2026-07-22
ITREXIT02254870716,20059930,2005993090,90,ARTICHOKES HEART WITH STALK,IT,300,4000,2,2026-08-07
ITREXIT02254870716,20059980,2005998098,98,PEPPERS,IT,300,4000,7,2026-07-22
ITREXIT02268280696,22042178,2204217890,90,ITALIAN WINE,IT,300,4000,2,2026-03-22
ITREXIT02269940710,15099000,1509900090,90,LEMON OIL,IT,300,4000,7,2026-08-07
ITREXIT02271360261,22041015,2204101500,00,PROSECCO,IT,300,4000,1,2026-05-25
ITREXIT02271360261,22041098,2204109890,90,ITALIAN SPARKLING WINE,IT,300,4000,1,2026-07-09
ITREXIT02271360261,22042128,2204212810,10,ITALIAN WINE,IT,300,4000,1,2026-01-30
ITREXIT02271360261,22042128,2204212890,90,ITALIAN WINE,IT,300,4000,1,2026-03-18
ITREXIT02271360261,22042138,2204213810,10,ITALAIN WINE,IT,300,4000,1,2026-06-18
ITREXIT02271360261,22042168,2204216810,10,ITALAIN WINE,IT,300,4000,1,2026-06-18
ITREXIT02271360261,22042178,2204217810,10,ITALIAN WINE,IT,300,4000,1,2026-01-30
ITREXIT02271360261,22042179,2204217910,10,ITALAIN WINE,IT,300,4000,2,2026-07-09
ITREXIT02271360261,22042180,2204218010,10,ITALAIN WINE,IT,300,4000,1,2026-06-18
ITREXIT02278840794,16010091,1601009110,10,NDUJA SAUSAGE,IT,300,4000,1,2026-05-24
ITREXIT02278840794,16010091,1601009190,90,SAUSAGES,IT,300,4000,2,2026-04-12
ITREXIT02289530269,04064090,0406409000,00,BLUE CHEESE,IT,300,4000,1,2026-03-29
ITREXIT02289530269,04069069,0406906900,00,CHEESE,IT,300,4000,1,2026-03-29
ITREXIT02289530269,04069075,0406907590,90,ASIAGO,IT,300,4000,3,2026-06-07
ITREXIT02289530269,04069089,0406908990,90,CHEESE,IT,300,4000,3,2026-06-07
ITREXIT0229676040,22011011,2201101100,00,STILL WATER,IT,300,4000,3,2026-08-15
ITREXIT0229676040,22011019,2201101900,00,SPARKLING WATER,IT,300,4000,3,2026-08-15
ITREXIT02305990745,15092000,1509200090,90,EXTRA VIRGINE OLIVE,IT,300,4000,1,2026-02-22
ITREXIT02305990745,19054090,1905409000,00,TARALLI ARTIGIANA,IT,300,4000,1,2026-02-22
ITREXIT02334810138,22042161,2204216110,10,ITALIAN WINE,IT,300,4000,1,2026-02-08
ITREXIT02334810138,22042178,2204217890,90,ITALIAN WINE,IT,300,4000,3,2026-02-08
ITREXIT02334810138,22042180,2204218010,10,ITALIAN WINE,IT,300,4000,1,2026-02-08
ITREXIT02334810138,22042180,2204218090,90,ITALIAN WINE,IT,300,4000,1,2026-02-08
ITREXIT02334810138,22042181,2204218110,10,ITALIAN WINE,IT,300,4000,1,2026-02-08
ITREXIT02364270282,19021990,1902199090,90,UNCOOKED PASTA,IT,300,4000,1,2026-08-08
ITREXIT02364270282,19022099,1902209990,90,UNCOOKED PASTA,IT,300,4000,1,2026-08-08
ITREXIT02373540265,82100000,8210000000,00,CORKSCREWS,IT,300,4000,1,2026-08-03
ITREXIT02381170543,04090000,0409000010,10,Mnuka honey,IT,300,4000,1,2026-02-15
ITREXIT02384270282,19011000,1901100000,00,PASTA,IT,300,4000,6,2026-07-05
ITREXIT02384270282,19021100,1902110090,90,Uncooked pasta,IT,300,4000,16,2026-07-11
ITREXIT02384270282,19021990,1902199090,90,GNOCCHI,IT,300,4000,10,2026-07-25
ITREXIT02384270282,19022099,1902209990,90,PASTA,IT,300,4000,19,2026-08-16
ITREXIT02403240399,18062010,1806201090,90,CHOCOLATE,IT,300,4000,1,2026-08-13
ITREXIT02403240399,18062095,1806209592,92,CHOCOLATE,IT,300,4000,1,2026-08-13
ITREXIT02403240399,21069098,2106909860,60,PISTACHIO PASTE,IT,300,4000,1,2026-08-13
ITREXIT02409450711,20021090,2002109000,00,SUNDRIED TOMATOES,IT,300,4000,3,2026-07-03
ITREXIT02409450711,20059920,2005992090,90,FINE CAPERS,IT,300,4000,3,2026-07-03
ITREXIT02409450711,20059930,2005993090,90,ARTICHOKE QUARTERS IN BRINE,IT,300,4000,8,2026-07-30
ITREXIT02409450711,20059980,2005998094,94,Eggplant,IT,300,4000,1,2026-07-03
ITREXIT02409450711,20059980,2005998098,98,GRILLED PEPPERS,IT,300,4000,2,2026-05-03
ITREXIT02415890843,03056300,0305630090,90,ANCHOVIES SALATS,IT,300,4000,1,2026-04-25
ITREXIT02415890843,16030010,1603001089,89,SARDELA COLATURA,IT,300,4000,1,2026-04-25
ITREXIT02415890843,16041600,1604160090,90,FILETS ANCHOVIES,IT,300,4000,1,2026-04-25
ITREXIT02415890843,16042040,1604204090,90,ANCHOVIES PASTA,IT,300,4000,1,2026-04-25
ITREXIT02428440164,04069079,0406907990,90,Taleggio,IT,300,4000,12,2026-08-02
ITREXIT02431690243,16010091,1601009190,90,Sausages,IT,300,4000,1,2026-04-26
ITREXIT02451960237,02101211,0210121100,00,Meat,IT,300,4000,1,2026-07-16
ITREXIT02451960237,02101219,0210121900,00,Meat,IT,300,4000,1,2026-07-16
ITREXIT02451960237,16010091,1601009190,90,Sausages,IT,300,4000,1,2026-07-16
ITREXIT02481290282,84158200,8415820099,99,COOLING SYSTEMS,IT,300,4000,1,2026-06-11
ITREXIT02503710069,22042138,2204213890,90,ITALIAN WINE,IT,300,4000,1,2026-06-07
ITREXIT02503710069,22042162,2204216290,90,ITALIAN WINE,IT,300,4000,4,2026-06-07
ITREXIT02528010792,02101990,0210199000,00,CHILLED GUANCIALE,IT,300,4000,6,2026-07-12
ITREXIT02528010792,16010091,1601009190,90,CHILLED FOODSSAUSAGES,IT,300,4000,19,2026-08-02
ITREXIT02533880619,04029991,0402999100,00,BUFFALO MILK,IT,300,4000,1,2026-02-08
ITREXIT02550210443,22042180,2204218010,10,WINE,IT,300,0700,1,2026-04-23
ITREXIT02603430139,84151090,8415109090,90,CHILLER PARTS,IT,300,4000,4,2026-08-11
ITREXIT02603430139,84152000,8415200090,90,CHILLER PARTS,IT,300,4000,1,2026-04-28
ITREXIT02603430139,84158100,8415810091,91,CHILLER PARTS,IT,300,4000,63,2026-08-12
ITREXIT02603430139,84158100,8415810099,99,CHILLER PARTS,IT,300,4000,3,2026-08-07
ITREXIT02603430139,84158200,8415820091,91,CHILLER PARTS,IT,300,4000,46,2026-08-11
ITREXIT02603430139,84158200,8415820099,99,CHILLER PARTS,IT,300,4000,6,2026-05-18
ITREXIT02603430139,84158300,8415830090,90,CHILLER PARTS,IT,300,4000,17,2026-08-12
ITREXIT02603430139,84159000,8415900091,91,CHILLER PARTS,IT,300,4000,55,2026-08-12
ITREXIT02603430139,84159000,8415900099,99,CHILLER PARTS,IT,300,4000,15,2026-06-05
ITREXIT02603430139,85371098,8537109899,99,CHILLER PARTS,IT,300,4000,2,2026-06-08
ITREXIT02603430139,90262020,9026202000,00,CHILLER PARTS,IT,300,4000,1,2026-04-11
ITREXIT02603430139,90321020,9032102090,90,CHILLER PARTS,IT,300,4000,1,2026-04-11
ITREXIT02604980397,22042166,2204216610,10,ITALIAN WINE,IT,300,0700,1,2026-02-09
ITREXIT02604980397,22042168,2204216810,10,ITALIAN WINE,IT,300,0700,6,2026-05-14
ITREXIT02604980397,22042168,2204216890,90,ITALIAN WINE,IT,300,0700,1,2026-04-22
ITREXIT02625850967,84159000,8415900099,99,ALUMINIUM BLUNTED DORNER,IT,300,4000,1,
ITREXIT02654810361,02101219,0210121900,00,PANCETTA,IT,300,4000,2,2026-04-19
ITREXIT02654810361,02101981,0210198190,90,GUANCIALE,IT,300,4000,4,2026-05-21
ITREXIT02654810361,16010091,1601009190,90,Sausages,IT,300,4000,5,2026-08-07
ITREXIT02654810361,16024110,1602411090,90,PROSCIUTTO,IT,300,4000,5,2026-08-07
ITREXIT0266040047,22042162,2204216290,90,WINE,IT,300,4000,2,2026-03-11
ITREXIT02691611210,10089000,1008900000,00,GRANNO COTTO PER PASTIERA,IT,300,4000,1,2026-02-22
ITREXIT02691611210,20019097,2001909799,99,FRIARIELLI NAPOLETANI,IT,300,4000,2,2026-06-23
ITREXIT02691611210,20059980,2005998098,98,CAPPERI AL SALE,IT,300,4000,3,2026-06-23
ITREXIT02696790241,34031980,3403198000,00,OIL,BE,300,4000,33,2026-08-03
ITREXIT02696790241,39259010,3925901000,00,HINGE,IT,300,4000,1,2026-05-14
ITREXIT02696790241,39269097,3926909790,90,ELASTIC ELEMENT,IT,300,4000,2,2026-07-16
ITREXIT02696790241,40169300,4016930090,90,GASKET,IT,300,4000,14,2026-08-03
ITREXIT02696790241,73072910,7307291090,90,REDUCTION,RO,300,4000,1,2026-06-08
ITREXIT02696790241,73110091,7311009100,00,OIL SEPARATOR TANK,IT,300,4000,1,2026-05-28
ITREXIT02696790241,84148075,8414807590,90,SCREW COMPRESSOR BLOCK,RO,300,4000,2,2026-07-08
ITREXIT02696790241,84149000,8414900080,80,ELECTRIC PANEL,IT,300,4000,6,2026-08-03
ITREXIT02696790241,84149000,8414900090,90,KIT VALVES,IT,300,4000,35,2026-07-24
ITREXIT02696790241,84212980,8421298090,90,FILTERING,IT,300,4000,3,2026-08-03
ITREXIT02696790241,84213925,8421392590,90,CARTRIDGE,IT,100,4000,1,2026-03-26
ITREXIT02696790241,84219990,8421999099,99,CARTRIDGE,IT,100,4000,1,2026-03-26
ITREXIT02696790241,84811019,8481101990,90,RELIEF VALVE,IT,300,4000,1,2026-05-14
ITREXIT02696790241,84812090,8481209090,90,VALVE,IT,300,4000,3,2026-03-16
ITREXIT02696790241,84814090,8481409090,90,SAFETY VALVE,IT,300,4000,1,2026-05-14
ITREXIT02696790241,84818099,8481809990,90,DRAINER,BE,300,4000,1,2026-05-14
ITREXIT02696790241,84841000,8484100090,90,GASKET,IT,300,4000,3,2026-03-24
ITREXIT02696790241,85043180,8504318050,50,PRESS. TRANSD,FR,300,4000,1,2026-06-08
ITREXIT02696790241,85365011,8536501100,00,EMERGENCY BUTTON,IT,300,4000,1,2026-06-08
ITREXIT02696790241,90328900,9032890090,90,LEVEL SWITCH,LT,300,4000,1,2026-02-13
ITREXIT02722920283,04061050,0406105090,90,RICOTTA CHEESE,IT,300,4000,32,2026-08-15
ITREXIT02731720906,19021100,1902110090,90,STUFFED PASTA,IT,300,4000,2,2026-06-28
ITREXIT02731720906,19021990,1902199090,90,STUFFED PASTA,IT,300,4000,1,2026-04-12
ITREXIT02731720906,19022010,1902201099,99,STUFFED PASTA,IT,300,4000,1,2026-04-12
ITREXIT02731720906,19022099,1902209990,90,STUFFED PASTA,IT,300,4000,2,2026-06-28
ITREXIT02742610658,20021011,2002101100,00,PEELED TOMATOES,IT,300,4000,1,2026-08-08
ITREXIT02758310342,20029020,2002902000,00,CLASSIC PIZZA SAUCE BUSTA,IT,300,4000,1,2026-04-30
ITREXIT02779290242,20059980,2005998093,93,GARLIC,IT,300,4000,1,2026-05-17
ITREXIT02779290242,20059980,2005998098,98,PEPPERS,IT,300,4000,32,2026-08-13
ITREXIT02779290242,21039090,2103909019,19,BASIL SAUCE,IT,300,4000,2,2026-05-17
ITREXIT02779290242,21039090,2103909089,89,BASIL SAUCE,IT,300,4000,25,2026-08-08
ITREXIT02811280045,19059080,1905908000,00,OLIVE OIL,IT,300,4000,2,2026-07-07
ITREXIT02813140239,22042128,2204212810,10,ITALIAN WINE,IT,300,4000,1,2026-05-10
ITREXIT02813140239,22042168,2204216890,90,AMARONE DELLA,IT,300,4000,1,2026-04-12
ITREXIT02824360248,84381010,8438101000,00,BAKERY MACHINERY,IT,300,4000,2,2026-08-03
ITREXIT02855080368,02101981,0210198190,90,MEATS,IT,300,4000,2,2026-05-24
ITREXIT02855080368,16024110,1602411090,90,MEATS,IT,300,4000,1,2026-03-29
ITREXIT02870840846,19059080,1905908000,00,ARANCIONO,IT,300,4000,8,2026-07-17
ITREXIT02874250307,02101981,0210198190,90,MEAT,IT,300,4000,2,2026-08-16
ITREXIT02886600366,21039090,2103909019,19,condiments,IT,300,4000,1,2026-05-17
ITREXIT02886600366,22090011,2209001100,00,BALSAMIC VINEGAR,IT,300,4000,2,2026-05-17
ITREXIT0298730540,19059080,1905908000,00,PIZZA MARGHERITA,IT,300,4000,1,2026-01-22
ITREXIT02987830540,02101219,0210121900,00,MEATS,IT,300,4000,1,2026-01-11
ITREXIT02987830540,19059080,1905908000,00,PIZZA MARGHERITA,IT,300,4000,52,2026-08-15
ITREXIT02994400360,21039090,2103909019,19,CONDIMENTS,IT,300,4000,1,2026-07-19
ITREXIT02994400360,21039090,2103909089,89,FOOD CONDIMENT,IT,300,4000,2,2026-03-15
ITREXIT02994400360,21069098,2106909869,69,CONDIMENTS,IT,300,4000,1,2026-06-14
ITREXIT02994400360,22090091,2209009100,00,BALSAMIC VINEGAR,IT,300,4000,7,2026-07-19
ITREXIT03001340045,02013000,0201300090,90,TARTARE DI FASONA,IT,300,4000,1,2026-05-17
ITREXIT03001340045,02023090,0202309090,90,BOVINO ADULTO GELO,IT,300,4000,1,2026-05-17
ITREXIT03001340045,16010091,1601009190,90,SAUSAGE MIX,IT,300,4000,1,2026-05-17
ITREXIT03001340045,19022099,1902209990,90,AGNOLOTTI DI CARNE LA GRANDA,IT,300,4000,1,2026-05-17
ITREXIT03001340045,21039090,2103909019,19,PESTO,IT,300,4000,1,2026-05-17
ITREXIT03012770263,19059070,1905907000,00,DESSERTS,IT,300,4000,11,2026-08-09
ITREXIT03012770263,21050010,2105001000,00,ICE CREAM,IT,300,4000,7,2026-08-09
ITREXIT03018320048,21039090,2103909089,89,PESTO,IT,300,4000,4,2026-07-03
ITREXIT03018320048,21069098,2106909869,69,ITALIAN PESTO,IT,300,4000,1,2026-05-11
ITREXIT03018320048,22021000,2202100000,00,WATERS,IT,300,4000,3,2026-06-14
ITREXIT03050560238,84135069,8413506990,90,PUMPS,IT,100,4000,1,2026-06-17
ITREXIT03050560238,84249080,8424908080,80,STEAM VAC HOSES LANCES HOSE STARS RADAMES STEAM PLUNGERS BRUSHES ADAPTERS CAPS,IT,300,4000,5,2026-08-12
ITREXIT03050560238,84818069,8481806999,99,SAFETY VALVES,IT,300,4000,1,2026-08-12
ITREXIT03050560238,90322000,9032200090,90,PRESSURE SWITCHES,IT,300,4000,2,2026-05-06
ITREXIT03050560238,96039099,9603909900,00,SMALL NYLON BRUSHES,IT,300,4000,4,2026-08-12
ITREXIT03094850231,84195080,8419508030,30,CHILLER PARTS,IT,300,4000,1,2026-08-07
ITREXIT03111340711,20021090,2002109000,00,TOMATOES,IT,300,4000,1,2026-04-19
ITREXIT03111340711,20059930,2005993090,90,ARTICHOKES,IT,300,4000,1,2026-04-19
ITREXIT03122540358,04069061,0406906100,00,Parmigiano Reggiano,IT,300,4000,3,2026-07-19
ITREXIT03125810238,84158300,8415830090,90,CHILLER PARTS,IT,300,4000,6,2026-08-08
ITREXIT03125810238,84159000,8415900099,99,PRESSURE FILTERS FOR INDUSTRIAL COOLING SYSTEMS,IT,300,4000,1,2026-02-27
ITREXIT03130360633,07108095,0710809578,78,FROZEN VEGETABLES,IT,300,4000,1,2026-03-01
ITREXIT03174470041,22042162,2204216290,90,ITALIAN WINE,IT,300,4000,2,2026-05-03
ITREXIT03206300364,02101219,0210121900,00,MEATS,IT,300,4000,24,2026-08-16
ITREXIT03206300364,02101981,0210198190,90,MEATS,IT,300,4000,57,2026-08-16
ITREXIT03206300364,02102090,0210209099,99,MEATS,IT,300,4000,6,2026-08-02
ITREXIT03206300364,16010091,1601009190,90,SALAME,IT,300,4000,30,2026-08-16
ITREXIT03206300364,16010099,1601009991,91,Sausages,IT,300,4000,1,2026-01-25
ITREXIT03206300364,16010099,1601009999,99,MORTADELA,IT,300,4000,4,2026-08-08
ITREXIT03206300364,16024110,1602411010,10,MEATS,IT,300,4000,1,2026-05-24
ITREXIT03206300364,16024110,1602411090,90,HAM,IT,300,4000,13,2026-08-08
ITREXIT03222160594,19059080,1905908000,00,PIZZA BASE,IT,300,4000,2,2026-03-23
ITREXIT03240610828,09012100,0901210000,00,COFFEE,IT,300,4000,2,2026-03-15
ITREXIT032429130549,62114210,6211421000,00,APRONS,IT,300,4000,1,2026-06-20
ITREXIT03246600286,07108069,0710806990,90,MUSHROOMS,BG,300,4000,19,2026-08-02
ITREXIT03246600286,07108080,0710808000,00,Mushrooms,CL,100,4000,3,2026-07-04
ITREXIT03246600286,07123900,0712390039,39,MUSHROOMS,BG,300,4000,6,2026-08-02
ITREXIT03246600286,08119095,0811909590,90,FRUIT VEGETABLES,BG,300,4000,2,2026-08-02
ITREXIT03246600286,20049098,2004909810,10,TRIS VERDURE,IT,300,4000,2,2026-04-12
ITREXIT03246600286,20049098,2004909880,80,PASTELLATI,IT,300,4000,2,2026-07-04
ITREXIT03272800289,22041096,2204109690,90,MERLOT WINE,IT,300,4000,4,2026-08-03
ITREXIT03272800289,39173900,3917390099,99,FLEXIBLE PLASTIC SUCTION HOSE,IT,300,4000,3,2026-07-09
ITREXIT03272800289,39199080,3919908099,99,PRINTED SELF ADHESIVE WARNING SAFTEY DECAL LABEL FOR AGRICULTRUAL MACHINERY,IT,300,4000,3,2026-08-01
ITREXIT03272800289,39269097,3926909743,43,PLASTIC FOLDER FOR DOCUMENTS,IT,300,4000,6,2026-08-01
ITREXIT03272800289,40092200,4009220090,90,Hydraulic hoses for agricultural machinery,FR,300,4000,1,2026-03-05
ITREXIT03272800289,40103200,4010320000,00,TRANSMISSION BELT FOR AGRICULTRUAL TRACTOR,FR,300,4000,2,2026-08-01
ITREXIT03272800289,40169300,4016930090,90,GASKET PART FOR AGRICULTRIAL MACHINES,IT,300,4000,3,2026-05-21
ITREXIT03272800289,40169991,4016999190,90,Rubber hydraulic junction component,IT,300,4000,2,2026-03-05
ITREXIT03272800289,40169997,4016999790,90,VULCANISED RUBBER MACHINERY COVER,IT,300,4000,1,2026-05-21
ITREXIT03272800289,73269098,7326909890,90,BRUSH FIXING PLATE FOR AGRICULTRUAL MACHINERY,FR,300,4000,4,2026-08-01
ITREXIT03272800289,76169990,7616999077,77,GB FLAG POLE,FR,300,4000,1,2026-08-01
ITREXIT03272800289,84122981,8412298190,90,HYRAULIC FLUID POWDER FOR MOTORS,IT,300,4000,2,2026-04-01
ITREXIT03272800289,84329000,8432900000,00,PARTS FOR HARVISTING MACHINES,DK,300,4000,36,2026-03-05
ITREXIT03272800289,84813091,8481309199,99,FLUID POWER PART FOR AGRICULTRUAL MACHINERY,IT,300,4000,1,2026-02-20
ITREXIT03272800289,84819000,8481900090,90,CAST METAL GEARBOX HOSING FOR AGRICULTRUAL MACHINERY,FR,300,4000,1,2026-04-14
ITREXIT03272800289,84822000,8482200000,00,TAPERD ROLLER BEARING,DE,300,4000,2,2026-08-01
ITREXIT03272800289,84831050,8483105090,90,SHAFT DRIVES FOR AGRI MACHINERY,DE,300,4000,99,2026-08-13
ITREXIT03272800289,84832000,8483200000,00,LOWER BEARING SUPPORT,IT,300,4000,2,2026-08-01
ITREXIT03272800289,84833032,8483303290,90,SUPPORT FLANGE FOR AGRICULTRUAL MACHINERY,IT,300,4000,1,2026-08-01
ITREXIT03272800289,84833080,8483308090,90,SHARFT BEARINGS FOR AGRICULTRUAL MACHINERY,IT,300,4000,1,2026-08-01
ITREXIT03272800289,85122000,8512200090,90,TRANSPORT SIGN KIT,RO,300,4000,20,2026-08-13
ITREXIT03272800289,85444290,8544429090,90,ELECTRICAL CONNECTION CABLES FOR AGRICULTURAL MACHINERY,IT,300,4000,2,2026-04-01
ITREXIT03292920232,22042128,2204212810,10,ITALIAN WINE,IT,300,0700,2,2026-08-11
ITREXIT03292920232,22042128,2204212890,90,ITALIAN WINE,IT,300,0700,1,2026-03-11
ITREXIT03312270246,42021250,4202125000,00,WHEELED RESIN CASE,IT,300,4000,2,2026-07-17
ITREXIT03328440270,39269097,3926909790,90,CRYOGEN TUBES INTERNAL CAPS MICROTUBES,IT,300,4000,4,2026-04-28
ITREXIT03331930283,19012000,1901200000,00,MIXES AND DOUGHS FOR THE PREPERATION OF BAKERS WARES,IT,300,4000,3,2026-07-21
ITREXIT03331930283,39239000,3923900000,00,PLASTIC PALLET,IT,300,4000,1,2026-01-15
ITREXIT03366590721,19059055,1905905500,00,ITALIAN CRACKERS WITH FENNEL,IT,300,4000,1,2026-05-10
ITREXIT0340006368,04061050,0406105090,90,CHEESE,IT,300,4000,1,2026-07-12
ITREXIT0340006368,04069076,0406907690,90,CHEESE,IT,300,4000,1,2026-07-12
ITREXIT0340006368,16010091,1601009190,90,SALAME,IT,300,4000,1,2026-07-12
ITREXIT0340006368,16024110,1602411090,90,HALF COOKED HAM,IT,300,4000,1,2026-07-12
ITREXIT0340006368,20086050,2008605090,90,CHERRIES,IT,300,4000,1,2026-07-12
ITREXIT034060000368,07103000,0710300000,00,Spinach,IT,300,4000,1,2026-03-23
ITREXIT03406000268,07103000,0710300000,00,SPINACH,IT,300,4000,2,2026-08-16
ITREXIT03406000268,07108051,0710805100,00,AUBERGINES,IT,300,4000,1,2026-08-16
ITREXIT03406000268,07108069,0710806990,90,MUSHROOMS,IT,300,4000,1,2026-08-16
ITREXIT03406000268,07108095,0710809580,80,AUBERGINES,IT,300,4000,2,2026-08-16
ITREXIT03406000268,07109000,0710900000,00,MELANZANE,IT,300,4000,2,2026-08-16
ITREXIT03406000268,19042095,1904209500,00,CEREALS,IT,300,4000,2,2026-08-16
ITREXIT03406000268,19059070,1905907000,00,BREADS,IT,300,4000,2,2026-08-16
ITREXIT03406000268,19059080,1905908000,00,BREADS,IT,300,4000,2,2026-08-16
ITREXIT03406000268,20049030,2004903030,30,OLIVES,IT,300,4000,1,2026-08-16
ITREXIT03406000268,20049098,2004909880,80,AUBERGINES,IT,300,4000,1,2026-08-16
ITREXIT03406000268,21050010,2105001000,00,ICE CREAM,IT,300,4000,2,2026-08-16
ITREXIT03406000268,21069098,2106909869,69,TIRAMASU,IT,300,4000,2,2026-08-16
ITREXIT03406000368,04061050,0406105090,90,CHEESE,IT,300,4000,28,2026-08-16
ITREXIT03406000368,04069063,0406906390,90,Pecorino,IT,300,4000,22,2026-08-16
ITREXIT03406000368,04069076,0406907690,90,CHEESE,IT,300,4000,24,2026-07-19
ITREXIT03406000368,07103000,0710300000,00,Spinach,IT,300,4000,34,2026-08-16
ITREXIT03406000368,07108051,0710805100,00,Sweet peppers,IT,300,4000,26,2026-08-16
ITREXIT03406000368,07108059,0710805990,90,Friarielli,IT,300,4000,4,2026-07-12
ITREXIT03406000368,07108069,0710806990,90,MUSHROOMS,IT,300,4000,29,2026-08-16
ITREXIT03406000368,07108095,0710809578,78,Headed broccoli,IT,300,4000,14,2026-07-26
ITREXIT03406000368,07108095,0710809580,80,ZUCCHINI,IT,300,4000,33,2026-08-16
ITREXIT03406000368,07109000,0710900000,00,MINESTRONE,IT,300,4000,29,2026-08-02
ITREXIT03406000368,10063094,1006309410,10,RICE,IT,300,4000,1,2026-03-01
ITREXIT03406000368,10063094,1006309490,90,RICE,IT,300,4000,3,2026-07-05
ITREXIT03406000368,10063096,1006309690,90,RICE,IT,300,4000,3,2026-05-24
ITREXIT03406000368,16010091,1601009190,90,SAUSAGES,IT,300,4000,63,2026-08-16
ITREXIT03406000368,16024110,1602411010,10,Cooked Ham,IT,300,4000,1,2026-03-08
ITREXIT03406000368,16024110,1602411090,90,HAMS,IT,300,4000,53,2026-08-16
ITREXIT03406000368,16024990,1602499000,00,MEATS,IT,300,4000,9,2026-04-19
ITREXIT03406000368,19021910,1902191090,90,Uncooked pasta,IT,300,4000,13,2026-08-16
ITREXIT03406000368,19042095,1904209500,00,CEREALS,IT,300,4000,26,2026-08-09
ITREXIT03406000368,19049010,1904901000,00,ARANCINI,IT,300,4000,10,2026-08-02
ITREXIT03406000368,19059030,1905903000,00,BREADS,IT,300,4000,22,2026-08-02
ITREXIT03406000368,19059070,1905907000,00,BREADS,IT,300,4000,18,2026-07-26
ITREXIT03406000368,19059080,1905908000,00,BREADS,IT,300,4000,92,2026-08-16
ITREXIT03406000368,20049030,2004903010,10,Sauerkraut,IT,300,4000,1,2026-05-02
ITREXIT03406000368,20049030,2004903030,30,STUFFED OLIVES,IT,300,4000,6,2026-08-02
ITREXIT03406000368,20049098,2004909830,30,Asparagus,IT,300,4000,1,2026-03-23
ITREXIT03406000368,20049098,2004909860,60,Grilled Aubergines,IT,300,4000,4,2026-05-31
ITREXIT03406000368,20049098,2004909870,70,Globe artichokes,IT,300,4000,9,2026-07-12
ITREXIT03406000368,20049098,2004909880,80,MELANZANE,IT,300,4000,35,2026-08-16
ITREXIT03406000368,20086050,2008605090,90,CHERRIES,IT,300,4000,20,2026-07-26
ITREXIT03406000368,20086060,2008606000,00,CHERRIES,IT,300,4000,18,2026-08-16
ITREXIT03406000368,21039090,2103909019,19,BALSMIC GLAZE,IT,300,4000,1,2026-05-24
ITREXIT03406000368,21039090,2103909089,89,SAUCES,IT,300,4000,1,2026-03-22
ITREXIT03406000368,21050010,2105001000,00,ICE CREAM,IT,300,4000,43,2026-08-16
ITREXIT03406000368,21069098,2106909830,30,Bindi,IT,300,4000,1,2026-05-31
ITREXIT03406000368,21069098,2106909833,33,Tiramisu,IT,300,4000,2,2026-04-05
ITREXIT03406000368,21069098,2106909835,35,Tiramisu,IT,300,4000,2,2026-07-26
ITREXIT03406000368,21069098,2106909853,53,TOSCHI,IT,300,4000,5,2026-07-05
ITREXIT03406000368,21069098,2106909860,60,Bindi,IT,300,4000,10,2026-06-07
ITREXIT03406000368,21069098,2106909869,69,TIRAMASU,IT,300,4000,48,2026-08-16
ITREXIT03406000368,22090011,2209001100,00,Wine vinegar,IT,300,4000,25,2026-08-16
ITREXIT03406000368,22090099,2209009900,00,BALSAMIC VINEGAR,IT,300,4000,1,2026-05-24
ITREXIT03406000368,48182099,4818209900,00,HAND TOWELS,IT,300,4000,10,2026-08-09
ITREXIT0340600368,07108051,0710805100,00,BATTERED ZUCCHINI,IT,300,4000,1,2026-08-02
ITREXIT0340600368,07108095,0710809580,80,ZUCCHINI,IT,300,4000,2,2026-08-02
ITREXIT0340600368,07109000,0710900000,00,MELANZANE,IT,300,4000,1,2026-06-14
ITREXIT0340600368,19049010,1904901000,00,RICE,IT,300,4000,1,2026-08-02
ITREXIT0340600368,19059070,1905907000,00,BREADS,IT,300,4000,1,2026-06-14
ITREXIT0340600368,19059080,1905908000,00,BREADS,IT,300,4000,2,2026-08-02
ITREXIT0340600368,20049030,2004903030,30,STUFFED OLIVES,IT,300,4000,1,2026-06-14
ITREXIT0340600368,20049098,2004909880,80,GRILLED ZUCCHINI,IT,300,4000,1,2026-06-14
ITREXIT0340600368,21069098,2106909869,69,TIRAMASU,IT,300,4000,1,2026-08-02
ITREXIT03418110924,16043200,1604320090,90,GRATED MULLET BOTTARGA,IT,300,4000,1,2026-01-18
ITREXIT03429130549,22030001,2203000100,00,ITALIAN WINE,IT,300,4000,12,2026-04-07
ITREXIT03429130549,39241000,3924100019,19,PLASTIC TABLEWARE,IT,300,4000,1,2026-06-20
ITREXIT03429130549,61091000,6109100010,10,T SHIRTS,IT,300,4000,1,2026-06-20
ITREXIT03429130549,70133319,7013331900,00,DRINKING GLASSES,IT,300,4000,1,2026-07-08
ITREXIT03429130549,70134910,7013491000,00,GLASS TABLEWARE,IT,300,4000,1,2026-06-20
ITREXIT03429130549,85131000,8513100000,00,LAMPS,IT,300,4000,1,2026-06-20
ITREXIT03429130549,94049090,9404909000,00,CUSHIONS,IT,300,4000,1,2026-06-20
ITREXIT03477870657,04061030,0406103090,90,CHEESE,IT,300,4000,16,2026-08-09
ITREXIT03492410179,19012000,1901200000,00,PASTELLA,IT,300,4000,1,2026-04-05
ITREXIT03492410179,19059055,1905905500,00,GLUTEN FREE PIZZA BASES,IT,300,4000,3,2026-04-05
ITREXIT03492610179,19059055,1905905500,00,GLUTEN FREE PIZZA BASES,IT,300,4000,4,2026-06-28
ITREXIT03508110230,22041093,2204109300,00,WINE,IT,300,4000,1,2026-04-08
ITREXIT03508110230,22041093,2204109310,10,ITALIAN SPARKLING WINE,IT,300,4000,1,2026-07-17
ITREXIT03508110230,22041093,2204109390,90,ITALIAN WINE,IT,300,4000,1,2026-06-17
ITREXIT03508110230,22042124,2204212410,10,WINE,IT,300,4000,1,2026-03-04
ITREXIT03508110230,22042127,2204212710,10,WINE,IT,300,4000,5,2026-07-17
ITREXIT03508110230,22042128,2204212810,10,WINE,IT,300,4000,1,2026-03-04
ITREXIT03508110230,22042131,2204213110,10,WINE,IT,300,4000,2,2026-04-08
ITREXIT03508110230,22042131,2204213190,90,WINE,IT,300,4000,2,2026-07-17
ITREXIT03508110230,22042138,2204213810,10,WINE,IT,300,4000,2,2026-07-17
ITREXIT03508110230,22042138,2204213890,90,ITALIAN WINE,IT,300,4000,1,2026-06-17
ITREXIT03508110230,22042161,2204216190,90,ITALIAN WINE,IT,300,4000,3,2026-06-17
ITREXIT03508110230,22042162,2204216290,90,WINE,IT,300,4000,4,2026-07-17
ITREXIT03508110230,22042166,2204216690,90,ITALIAN WINE,IT,300,4000,3,2026-06-17
ITREXIT03508110230,22042168,2204216810,10,WINE,IT,300,4000,3,2026-03-04
ITREXIT03508110230,22042168,2204216890,90,WINE,IT,300,4000,9,2026-07-17
ITREXIT03508110230,22042178,2204217890,90,ITALIAN WINE,IT,300,4000,3,2026-07-17
ITREXIT03508110230,22042190,2204219010,10,WINE,IT,300,4000,1,2026-03-04
ITREXIT03508110230,39232100,3923210000,00,SHOPPING BAGS,IT,300,4000,1,2026-03-04
ITREXIT03508110230,39261000,3926100000,00,BUSTA 1 SALVAGOCCE,IT,300,4000,1,2026-03-04
ITREXIT03508110230,82055100,8205510000,00,LEVATAPPI MURANO SANTI,IT,300,4000,1,2026-03-04
ITREXIT03611370960,19021990,1902199090,90,UNCOOKED PASTA,IT,300,4000,3,2026-05-17
ITREXIT03636870754,19059070,1905907000,00,TIRAMISU,IT,300,4000,26,2026-08-16
ITREXIT03636870754,21050099,2105009900,00,LIMONCELLO,IT,300,4000,1,2026-01-25
ITREXIT036437550718,07129030,0712903000,00,SUNDRIED TOMATOES,IT,300,4000,1,2026-06-12
ITREXIT03648920829,17049099,1704909999,99,TORONCINI,IT,300,4000,2,2026-03-24
ITREXIT03648920829,18069019,1806901900,00,TORONCINI,IT,300,4000,2,2026-03-24
ITREXIT03648920829,18069060,1806906099,99,TORONCINI,IT,300,4000,2,2026-03-24
ITREXIT03648920829,19059080,1905908000,00,PANETTONE,IT,300,4000,6,2026-03-24
ITREXIT03648920829,20071010,2007101095,95,VASETTO CREMA,IT,300,4000,1,2026-02-22
ITREXIT03648920829,20081913,2008191380,80,ALMOND CREAM,IT,300,4000,2,2026-03-24
ITREXIT03648920829,21011292,2101129299,99,VASETTO CREMA,IT,300,4000,1,2026-02-22
ITREXIT03648920829,82151030,8215103000,00,KITCHEN DUSTERS,IT,300,4000,1,2026-03-24
ITREXIT0373690163,04062000,0406200000,00,CHEESE,IT,300,4000,1,2026-05-24
ITREXIT0373690163,04069061,0406906100,00,CHEESE,IT,300,4000,2,2026-06-23
ITREXIT03766050870,22021000,2202100000,00,ORGANIC LEMONADE,IT,300,4000,2,2026-06-28
ITREXIT03781020262,22042178,2204217890,90,ITALIAN WINE,IT,300,4000,2,2026-04-05
ITREXIT03781020262,22042180,2204218090,90,ITALIAN WINE,IT,300,4000,1,2026-04-05
ITREXIT03858450046,22041093,2204109300,00,ITALIAN WINE,IT,300,4000,1,2026-03-15
ITREXIT03858450046,22042138,2204213890,90,ITALIAN WINE,IT,300,4000,1,2026-03-15
ITREXIT03858450046,22042162,2204216290,90,ITALIAN WINE,IT,300,4000,4,2026-03-15
ITREXIT03858450046,22042190,2204219010,10,ITALIAN WINE,IT,300,4000,1,2026-03-15
ITREXIT03866670544,15179099,1517909990,90,SPREAD,IT,300,4000,1,2026-07-11
ITREXIT03866670544,21039090,2103909089,89,SAUCES,IT,300,4000,1,2026-07-11
ITREXIT0389950365,21039090,2103909019,19,RED ONION WITH BALSAMIC,IT,300,4000,1,2026-06-14
ITREXIT0389950365,21069098,2106909869,69,BALSAMIC PEARLS,IT,300,4000,1,2026-06-14
ITREXIT0389950365,22090011,2209001100,00,BALSAMIC CONDIMENTS,IT,300,4000,1,2026-06-14
ITREXIT03904720875,22041091,2204109100,00,ITALIAN WINE,IT,300,0700,1,2026-06-30
ITREXIT03904720875,22042112,2204211290,90,ITALIAN WINE,IT,300,0700,2,2026-06-30
ITREXIT03904720875,22042118,2204211890,90,ITALIAN WINE,IT,300,0700,1,2026-06-30
ITREXIT03904720875,22042138,2204213810,10,ITALIAN WINE,IT,300,0700,1,2026-06-20
ITREXIT03904720875,22042168,2204216890,90,ITALIAN WINE,IT,300,0700,1,2026-06-30
ITREXIT03904720875,22042179,2204217910,10,ITALIAN WINE,IT,300,0700,1,2026-06-30
ITREXIT03904720875,22042179,2204217990,90,ITALIAN WINE,IT,300,0700,1,2026-06-30
ITREXIT03904720875,22042180,2204218090,90,ITALIAN WINE,IT,300,0700,2,2026-06-30
ITREXIT03904720875,22042182,2204218290,90,ITALIAN WINE,IT,300,0700,1,2026-06-30
ITREXIT03904720875,22042184,2204218490,90,ITALIAN WINE,IT,300,0700,2,2026-06-30
ITREXIT03904720875,22042190,2204219010,10,ITALIAN WINE,IT,300,0700,1,2026-06-30
ITREXIT03928270655,09012100,0901210000,00,Coffee,IT,300,4000,1,2026-03-18
ITREXIT03957900487,19059070,1905907000,00,FROZEN PASTRIES,IT,300,4000,4,2026-08-16
ITREXIT03957900487,19059080,1905908000,00,FROZEN PASTRIES,IT,300,4000,4,2026-08-16
ITREXIT03971391218,04061030,0406103090,90,CHEESE,IT,300,4000,1,2026-01-18
ITREXIT040226470486,22042166,2204216690,90,WINE,IT,300,4000,5,2026-03-18
ITREXIT040226470486,22042179,2204217910,10,WINE,IT,300,4000,3,2026-03-18
ITREXIT040226470486,22042180,2204218010,10,WINE,IT,300,4000,1,2026-03-18
ITREXIT040226470486,22042180,2204218090,90,WINE,IT,300,4000,2,2026-03-18
ITREXIT04054870722,15092000,1509200010,10,EVOO,IT,300,4000,1,2026-05-24
ITREXIT04054870722,15109000,1510900000,00,OLIVE OIL,IT,300,4000,1,2026-01-25
ITREXIT04054870722,19059080,1905908000,00,TARALLI OLIVE FLAVOUR,IT,300,4000,1,2026-05-24
ITREXIT04054870722,21039090,2103909019,19,TRUFFLE FLAVOURED EVOO,IT,300,4000,1,2026-05-24
ITREXIT04143140269,22042128,2204212810,10,ITALIAN WINE,IT,300,4000,1,2026-06-14
ITREXIT04143140269,22042179,2204217910,10,ITALIAN WINE,IT,300,4000,1,2026-06-14
ITREXIT04149040406,18069019,1806901900,00,CHOCOLATTE BISQUITS,IT,300,4000,1,2026-03-29
ITREXIT04149040406,18069060,1806906099,99,CHOCOLATTE BISQUITS,IT,300,4000,1,2026-03-29
ITREXIT04149040406,18069070,1806907090,90,CHOCOLATTE BISQUITS,IT,300,4000,1,2026-03-29
ITREXIT04149040406,19053219,1905321900,00,BISQUITS,IT,300,4000,1,2026-03-29
ITREXIT04149040406,19053299,1905329900,00,BISQUITS,IT,300,4000,1,2026-03-29
ITREXIT04149040406,21069098,2106909869,69,PISTACCHIO BISQUITS,IT,300,4000,1,2026-03-29
ITREXIT04149040406,49019900,4901990000,00,BROCHURES,IT,300,4000,1,2026-03-29
ITREXIT04175010232,21039090,2103909019,19,BASIL PASTE IN SUNFLOWER SEED OIL,IT,300,4000,9,2026-08-16
ITREXIT04175010232,21039090,2103909089,89,BASIL PASTE IN SUNFLOWER SEED OIL,IT,300,4000,45,2026-08-16
ITREXIT04182470262,19022030,1902203099,99,LAASAGNE,IT,300,4000,3,2026-05-31
ITREXIT04182470262,19022091,1902209190,90,CANNELLONI,IT,300,4000,4,2026-05-31
ITREXIT04182470262,20049098,2004909880,80,MELANZANE PARMIGIANA,IT,300,4000,3,2026-05-31
ITREXIT04209050485,19059080,1905908000,00,Pratobelli Cantucci Cioccobelli,IT,300,4000,3,2026-07-25
ITREXIT04224380487,84172090,8417209000,00,Bakery ovens including biscuit ovens Other,IT,300,4000,1,2026-06-12
ITREXIT04250060284,39231090,3923109090,90,PP INJECTION TRAYS FOR FOOD USAGE,IT,300,4000,2,2026-08-03
ITREXIT04272390289,19022010,1902201099,99,STUFFED PASTA,IT,300,4000,1,2026-05-17
ITREXIT04272390289,19022030,1902203099,99,STUFFED PASTA,IT,300,4000,1,2026-05-17
ITREXIT04272390289,19022091,1902209190,90,STUFFED PASTA,IT,300,4000,1,2026-05-17
ITREXIT04311870481,02101219,0210121900,00,MEAT PRODUCTS,IT,300,4000,24,2026-08-09
ITREXIT04311870481,02101981,0210198120,20,Meat,IT,300,4000,2,2026-02-22
ITREXIT04311870481,02101981,0210198190,90,Meat,IT,300,4000,1,2026-02-22
ITREXIT04311870481,16010091,1601009110,10,SALAMIE,IT,300,4000,29,2026-08-09
ITREXIT04311870481,16010091,1601009190,90,SAUSAGES,IT,300,4000,2,2026-07-12
ITREXIT04311870481,16010099,1601009911,11,Meat,IT,300,4000,2,2026-02-22
ITREXIT0432120343,04069061,0406906100,00,CHEESE,IT,300,4000,3,2026-07-12
ITREXIT04321980239,10062094,1006209400,00,RICE,IT,300,4000,1,2026-07-30
ITREXIT04321980239,10063094,1006309490,90,RICE,IT,300,4000,1,2026-07-30
ITREXIT04321980239,10063096,1006309690,90,RICE,IT,300,4000,3,2026-07-30
ITREXIT04356850158,19019099,1901909936,36,POLENTA,IT,300,4000,2,2026-04-19
ITREXIT04356850158,19019099,1901909990,90,POLENTA,IT,300,4000,7,2026-07-19
ITREXIT04356850158,19021100,1902110090,90,Uncooked pasta,IT,300,4000,2,2026-03-01
ITREXIT04356850158,19021990,1902199090,90,Stuffed pasta,IT,300,4000,1,2026-03-09
ITREXIT04356850158,19022010,1902201091,91,Stuffed pasta,IT,300,4000,12,2026-08-02
ITREXIT04356850158,19022010,1902201099,99,Stuffed pasta,IT,300,4000,30,2026-08-09
ITREXIT04356850158,19022030,1902203029,29,Stuffed pasta,IT,300,4000,1,2026-03-01
ITREXIT04356850158,19022030,1902203091,91,Stuffed pasta,IT,300,4000,2,2026-06-07
ITREXIT04356850158,19022030,1902203099,99,Stuffed pasta,IT,300,4000,24,2026-08-09
ITREXIT04356850158,19022091,1902209190,90,Stuffed pasta,IT,300,4000,32,2026-08-09
ITREXIT04356850158,19023010,1902301080,80,PASTA,IT,300,4000,1,2026-03-01
ITREXIT04356850158,19023090,1902309090,90,PASTA,IT,300,4000,33,2026-08-09
ITREXIT04356850158,21039090,2103909011,11,Pesto,IT,300,4000,1,2026-01-25
ITREXIT04356850158,21039090,2103909081,81,Pasta,IT,300,4000,3,2026-08-09
ITREXIT04356850158,21039090,2103909089,89,SAUCES,IT,300,4000,1,2026-03-15
ITREXIT04385520400,19021100,1902110090,90,Uncooked pasta,IT,300,4000,9,2026-08-09
ITREXIT04385520400,19021990,1902199090,90,Uncooked pasta,IT,300,4000,6,2026-08-09
ITREXIT04385520400,19022010,1902201091,91,Stuffed pasta,IT,300,4000,1,2026-04-05
ITREXIT04385520400,19022010,1902201099,99,Stuffed pasta,IT,300,4000,7,2026-08-09
ITREXIT04419810728,19054090,1905409000,00,BREADS,IT,300,4000,3,2026-04-05
ITREXIT04419810728,19059030,1905903000,00,PANE SURGELATO,IT,300,4000,106,2026-08-16
ITREXIT04419810728,19059080,1905908000,00,FOCACCIA,IT,300,4000,36,2026-08-16
ITREXIT04431680752,20019070,2001907090,90,BELL PEPPERS,IT,300,4000,2,2026-05-14
ITREXIT04431680752,20019097,2001909799,99,ARTICHOKE HEARTS MIXED VEGETABLES AND OTHER,IT,300,4000,2,2026-05-14
ITREXIT04431680752,20029019,2002901900,00,TOMATO PASSATA,IT,300,4000,2,2026-05-14
ITREXIT04431680752,20059930,2005993090,90,GRILLED ATRICHOKE,IT,300,4000,1,2026-05-14
ITREXIT04431680752,20059980,2005998098,98,BROCCOLI RABE,IT,300,4000,2,2026-05-14
ITREXIT04431680752,21032000,2103200000,00,TOMATO SAUSE,IT,300,4000,1,2026-03-04
ITREXIT04431680752,21039090,2103909081,81,PREPARED VEGETABLES,IT,300,4000,1,2026-05-14
ITREXIT04431680752,21039090,2103909089,89,PREPARED VEGETABLES,IT,300,4000,1,2026-03-04
ITREXIT04522891219,20057000,2005700000,00,OLIVES,IT,300,4000,7,2026-07-30
ITREXIT04534630282,85371098,8537109899,99,PUMP CONTROL PANELS,IT,300,4000,2,2026-03-06
ITREXIT04551270400,19059080,1905908000,00,PIZZA BASES,IT,300,4000,2,2026-08-01
ITREXIT04645180268,20091200,2009120090,90,ORGANIC JUICE,IT,300,4000,1,2026-07-25
ITREXIT04645180268,20097199,2009719990,90,ORGANIC JUICE,IT,300,4000,1,2026-07-25
ITREXIT04645180268,22029919,2202991991,91,ORGANIC JUICE,IT,300,4000,1,2026-07-25
ITREXIT04648620484,21039090,2103909019,19,PESTO,IT,300,4000,3,2026-07-12
ITREXIT04655180232,22042128,2204212810,10,WINE,IT,300,4000,1,2026-05-25
ITREXIT04655180232,22042168,2204216890,90,VALPOLICELLA RIPASSO,IT,300,4000,3,2026-05-25
ITREXIT04731980969,02091011,0209101100,00,LARDO AROMATICO,IT,300,4000,2,2026-06-14
ITREXIT04731980969,02101981,0210198190,90,ITALIAN CURED MEAT,IT,300,4000,3,2026-06-14
ITREXIT04731980969,16010091,1601009110,10,SALAMI,IT,300,4000,5,2026-06-14
ITREXIT04731980969,16010091,1601009190,90,SAUSAGES,IT,300,4000,1,2026-03-02
ITREXIT04731980969,16010099,1601009999,99,ITALIAN MORTADELLA,IT,300,4000,1,2026-05-03
ITREXIT04731980969,16024110,1602411010,10,PROSCIUTTO,IT,300,4000,1,2026-03-29
ITREXIT04731980969,16024110,1602411090,90,ITALIAN CURED MEAT,IT,300,4000,4,2026-06-14
ITREXIT04731980969,16024919,1602491990,90,ITALIAN CURED MEAT,IT,300,4000,4,2026-06-14
ITREXIT04738390261,22041015,2204101500,00,ITALIAN SPARKLING WINE,IT,300,0700,4,2026-05-19
ITREXIT04738390261,22042138,2204213810,10,ITALIAN WINE,IT,300,0700,3,2026-05-19
ITREXIT04739650481,04064050,0406405000,00,GORGONZOLA,IT,300,4000,4,2026-08-09
ITREXIT04739650481,04064090,0406409000,00,CHEESE,IT,300,4000,3,2026-08-09
ITREXIT04739650481,04069063,0406906310,10,PECORINO,IT,300,4000,4,2026-08-09
ITREXIT04739650481,04069069,0406906900,00,CHEESE,IT,300,4000,4,2026-08-09
ITREXIT04739650481,04069079,0406907990,90,CAPRINO,IT,300,4000,1,2026-05-10
ITREXIT04882920269,19059070,1905907000,00,CAKES AND PASTRIES,IT,300,4000,4,2026-08-02
ITREXIT04902660960,29171400,2917140000,00,MALEIC ANHYDRIDE MOLTEN,IT,300,4000,49,2026-08-17
ITREXIT04902660960,29171980,2917198090,90,FUMARIC ACID TECH,IT,300,4000,3,2026-06-15
ITREXIT04902660960,29172000,2917200090,90,SOLID TETRAHYDROPHTHALIC ANHYDRIDE,IT,300,4000,2,2026-06-08
ITREXIT04902660960,29173500,2917350000,00,PHTHALIC ANHYDRIDE MOLTEN,IT,300,4000,68,2026-06-25
ITREXIT04902660960,32061100,3206110085,85,RTC90 TIONA595 RCL595 KR2,IT,300,4000,1,2026-07-31
ITREXIT04902660960,39079110,3907911000,00,RESIN SOLUTION,IT,300,4000,7,2026-08-14
ITREXIT05032390152,20093119,2009311999,99,LEMON JUICE,IT,300,4000,1,2026-01-22
ITREXIT05040960873,19053205,1905320500,00,CANNOLI PASTRY SHELLS WITH CHOCOLATE COATING,IT,300,4000,2,2026-07-24
ITREXIT05078040150,10063096,1006309690,90,RICE,IT,300,4000,2,2026-03-22
ITREXIT05079860481,20039010,2003901000,00,SLICES OF TRUFFLE,IT,300,4000,4,2026-07-20
ITREXIT05079860481,21039090,2103909081,81,EXTRA TRUFFLE SAUCE,IT,300,4000,1,2026-03-29
ITREXIT05079860481,21039090,2103909089,89,SAUCE,IT,300,4000,4,2026-07-20
ITREXIT05178150875,04069050,0406905000,00,CHEESE,IT,300,4000,1,2026-08-16
ITREXIT05178150875,19053199,1905319900,00,Sweet biscuits,IT,300,4000,1,2026-08-16
ITREXIT05178150875,19059080,1905908000,00,ARANCINI,IT,300,4000,1,2026-08-16
ITREXIT05209910875,11063090,1106309080,80,BLANCHED ALMOND FLOUR,IT,300,4000,1,2026-04-20
ITREXIT05266110823,04061050,0406105090,90,RICOTTA,IT,300,4000,8,2026-07-19
ITREXIT05412360728,19059030,1905903000,00,PIZZA BASES,IT,300,4000,3,2026-08-02
ITREXIT05472881217,19021100,1902110020,20,Uncooked pasta,IT,300,4000,1,2026-06-14
ITREXIT05492330658,19059080,1905908000,00,CRUNCHY CAKES,IT,300,4000,1,2026-05-02
ITREXIT05582460720,04061080,0406108080,80,BURRATA,IT,300,4000,107,2026-08-16
ITREXIT05599730727,22042180,2204218010,10,WINE,IT,300,0700,2,2026-04-07
ITREXIT05609921001,07099990,0709999090,90,PETALS,IT,300,4000,1,2026-04-19
ITREXIT05609921001,07129090,0712909090,90,GARLIC GROUND,IT,300,4000,1,2026-04-19
ITREXIT05609921001,09041100,0904110090,90,BLACK PEPPER,IT,300,4000,1,2026-04-19
ITREXIT05609921001,09041200,0904120000,00,GROUND WHITE PEPPER,IT,300,4000,2,2026-04-19
ITREXIT05609921001,09042200,0904220090,90,CRUSHED CHILI GROUND PAPRIKA,IT,300,4000,1,2026-04-19
ITREXIT05609921001,09061100,0906110000,00,NUTMEG GROUND,IT,300,4000,1,2026-04-19
ITREXIT05609921001,12119086,1211908620,20,LEAVES,IT,300,4000,1,2026-04-19
ITREXIT05609921001,12119086,1211908640,40,BAY LEAVES,IT,300,4000,1,2026-04-19
ITREXIT05713420726,04061050,0406105090,90,CHEESE,IT,300,4000,33,2026-08-09
ITREXIT05713420726,04069069,0406906900,00,CHEESE,IT,300,4000,1,2026-02-28
ITREXIT05713420726,04069075,0406907590,90,CHEESE,IT,300,4000,1,2026-02-28
ITREXIT05725820,19049010,1904901000,00,RICE,IT,300,4000,1,2026-02-27
ITREXIT05755960720,04061030,0406103090,90,Mozzarella,IT,300,4000,1,2026-03-11
ITREXIT059046020657,04061030,0406103090,90,CHEESE,IT,300,4000,1,2026-08-02
ITREXIT05946020657,04061030,0406103090,90,Mozzarella,IT,300,4000,11,2026-08-16
ITREXIT05982260720,19054090,1905409000,00,GLUTEN FREE BAKERY PRODUCTS,IT,300,4000,2,2026-05-14
ITREXIT05982260720,19059055,1905905500,00,TARALLINI,IT,300,4000,1,2026-08-02
ITREXIT06032390152,20093119,2009311999,99,LEMONE JUICE,IT,300,4000,1,2026-03-15
ITREXIT06032390152,20093199,2009319990,90,LEMON LIME JUICE,IT,300,4000,4,2026-08-16
ITREXIT06038540651,19053191,1905319100,00,Sweet biscuits,IT,300,4000,1,2026-02-01
ITREXIT06038540651,19059080,1905908000,00,CANNOLI,IT,300,4000,3,2026-08-02
ITREXIT06045380828,19053119,1905311900,00,cannoli,IT,300,4000,1,2026-04-26
ITREXIT06045380828,19059080,1905908000,00,bread,IT,300,4000,1,2026-04-19
ITREXIT06056430827,22042131,2204213110,10,ITALIAN WINE,IT,300,4000,1,2026-06-24
ITREXIT06056430827,22042161,2204216190,90,ITALIAN WINE,IT,300,4000,1,2026-06-24
ITREXIT06151430482,22042138,2204213810,10,ITALIAN WINE,IT,300,0700,3,2026-04-29
ITREXIT06167560157,04061030,0406103090,90,CHEESE,IT,300,4000,32,2026-08-09
ITREXIT06167560157,04061080,0406108080,80,CHEESE,IT,300,4000,16,2026-08-09
ITREXIT06167560157,07020010,0702001099,99,TOMATOES,IT,300,4000,33,2026-08-09
ITREXIT06167560157,07031019,0703101900,00,ONIONS,IT,300,4000,33,2026-08-09
ITREXIT06167560157,07032000,0703200000,00,GARLIC,IT,300,4000,7,2026-06-21
ITREXIT06167560157,07041010,0704101090,90,CAULIFLOWERS,IT,300,4000,10,2026-04-21
ITREXIT06167560157,07049010,0704901000,00,WHITE CABBAGE,IT,300,4000,7,2026-04-12
ITREXIT06167560157,07052900,0705290000,00,CHICORY,IT,300,4000,3,2026-07-12
ITREXIT06167560157,07061000,0706100090,90,CARROTS,IT,300,4000,30,2026-08-09
ITREXIT06167560157,07070005,0707000590,90,CUCUMBERS,IT,300,4000,1,2026-06-07
ITREXIT06167560157,07070005,0707000599,99,CUCUMBERS,IT,300,4000,17,2026-08-09
ITREXIT06167560157,07081000,0708100000,00,PEAS,IT,300,4000,14,2026-06-07
ITREXIT06167560157,07082000,0708200080,80,BEANS,IT,300,4000,8,2026-08-02
ITREXIT06167560157,07089000,0708900090,90,AUBERGINES,IT,300,4000,13,2026-05-31
ITREXIT06167560157,07092000,0709200090,90,ASPARAGUS,IT,300,4000,10,2026-04-26
ITREXIT06167560157,07093000,0709300090,90,AUBERGINES,IT,300,4000,31,2026-08-02
ITREXIT06167560157,07094000,0709400090,90,CELERY,IT,300,4000,33,2026-08-09
ITREXIT06167560157,07095100,0709510000,00,MUSHROOMS,IT,300,4000,1,2026-07-19
ITREXIT06167560157,07096010,0709601000,00,SWEET PEPPERS,IT,300,4000,22,2026-08-09
ITREXIT06167560157,07096099,0709609920,20,PEPPERS,IT,300,4000,1,2026-07-12
ITREXIT06167560157,07096099,0709609990,90,PEPPERS,IT,300,4000,33,2026-08-09
ITREXIT06167560157,07099100,0709910000,00,GLOBE ARTICHOKES,IT,300,4000,15,2026-05-17
ITREXIT06167560157,07099310,0709931000,00,COURGETTES,IT,300,4000,31,2026-08-09
ITREXIT06167560157,07099390,0709939090,90,PUMPKINS,IT,300,4000,5,2026-02-22
ITREXIT06167560157,07099910,0709991000,00,MIXED LEAF VEG,IT,300,4000,33,2026-08-09
ITREXIT06167560157,07099950,0709995000,00,FENNEL,IT,300,4000,29,2026-08-09
ITREXIT06167560157,07099990,0709999090,90,ROOT VEG,IT,300,4000,7,2026-04-26
ITREXIT06167560157,07103000,0710300000,00,SPINACH,IT,300,4000,1,2026-04-12
ITREXIT06167560157,07108061,0710806100,00,MUSHROOMS,IT,300,4000,1,2026-03-08
ITREXIT06167560157,07108070,0710807000,00,TOMATOES,IT,300,4000,1,2026-02-08
ITREXIT06167560157,07108085,0710808500,00,ASPARAGUS,IT,300,4000,10,2026-04-26
ITREXIT06167560157,07141000,0714100099,99,MANIOC,IT,300,4000,1,2026-02-08
ITREXIT06167560157,08051022,0805102290,90,NAVEL ORANGES,IT,300,4000,1,2026-03-08
ITREXIT06167560157,08051028,0805102890,90,SWEET ORANGES,IT,300,4000,23,2026-05-31
ITREXIT06167560157,08052190,0805219099,99,TANGERINES,IT,300,4000,3,2026-02-01
ITREXIT06167560157,08052200,0805220090,90,OREGANO,IT,300,4000,4,2026-02-01
ITREXIT06167560157,08055010,0805501010,10,LEMONS,IT,300,4000,1,2026-07-12
ITREXIT06167560157,08055010,0805501090,90,LEMONS,IT,300,4000,33,2026-08-09
ITREXIT06167560157,08061010,0806101090,90,GRAPES,IT,300,4000,4,2026-08-02
ITREXIT06167560157,08071100,0807110000,00,WATERMELONS,IT,300,4000,9,2026-08-09
ITREXIT06167560157,08071900,0807190090,90,MELONS,IT,300,4000,16,2026-08-09
ITREXIT06167560157,08091000,0809100000,00,APRICOTS,IT,300,4000,12,2026-08-09
ITREXIT06167560157,08092900,0809290000,00,CHERRIES,IT,300,4000,11,2026-08-09
ITREXIT06167560157,08093020,0809302010,10,FLAT PEACHES,IT,300,4000,5,2026-08-09
ITREXIT06167560157,08093020,0809302090,90,FLAT NECTERINES,IT,300,4000,6,2026-07-26
ITREXIT06167560157,08093030,0809303000,00,NECTARINES,IT,300,4000,12,2026-08-09
ITREXIT06167560157,08094005,0809400500,00,PLUMS,IT,300,4000,6,2026-08-09
ITREXIT06167560157,08101000,0810100000,00,STRAWBERRIES,IT,300,4000,16,2026-05-31
ITREXIT06167560157,08104030,0810403000,00,CRANBERRIES,IT,300,4000,23,2026-08-09
ITREXIT06167560157,08109075,0810907590,90,LEMONS,IT,300,4000,4,2026-02-01
ITREXIT06167560157,08129025,0812902590,90,APRICOT,IT,300,4000,1,2026-06-07
ITREXIT06167560157,08134030,0813403000,00,PEARS,IT,300,4000,17,2026-04-26
ITREXIT06167560157,12119086,1211908640,40,OREGANO,IT,300,4000,26,2026-07-05
ITREXIT06167560157,20021011,2002101100,00,PEELED TOMATOES,IT,300,4000,28,2026-08-09
ITREXIT06340010013,18069039,1806903900,00,CHOCOLATE TRUFFLE,IT,300,4000,1,2026-03-15
ITREXIT06340010013,18069050,1806905090,90,CHOCOLATE TRUFFLE,IT,300,4000,1,2026-03-15
ITREXIT06340010013,19059070,1905907000,00,COLOMBA CHOCOLATE,IT,300,4000,1,2026-03-15
ITREXIT06357760013,04061050,0406105090,90,CHEESE,IT,300,4000,4,2026-06-07
ITREXIT06357760013,04069092,0406909290,90,CHEESE,IT,300,4000,4,2026-06-07
ITREXIT06408730726,04061080,0406108080,80,BURRATA,IT,300,4000,2,2026-08-02
ITREXIT06414250156,22041093,2204109300,00,WINE,IT,300,0700,1,2026-04-08
ITREXIT06414250156,22042178,2204217890,90,WINE,IT,300,0700,2,2026-04-08
ITREXIT06416370630,04061030,0406103090,90,ITALIAN CHEESE,IT,300,4000,22,2026-08-16
ITREXIT06530940151,15092000,1509200090,90,EXTRA VIRGIN OLIVE OIL,IT,300,4000,2,2026-04-05
ITREXIT06530940151,21032000,2103200000,00,KETCHUP,IT,300,4000,2,2026-04-05
ITREXIT06530940151,21039090,2103909081,81,PESTO,IT,300,4000,3,2026-03-15
ITREXIT06530940151,21039090,2103909089,89,SAUCES,IT,300,4000,2,2026-04-05
ITREXIT06530940151,22090011,2209001100,00,Wine vinegar,IT,300,4000,2,2026-04-05
ITREXIT06548140342,04069061,0406906100,00,CHEESE,GR,300,4000,1,2026-07-05
ITREXIT06678581213,04061030,0406103090,90,TOFU,IT,300,4000,1,2026-08-09
ITREXIT06678581213,04090000,0409000090,90,HONEY,IT,300,4000,1,2026-08-09
ITREXIT06678581213,07099990,0709999090,90,CORIANDER,IT,300,4000,1,2026-08-09
ITREXIT06678581213,08029200,0802920000,00,PINE NUTS,IT,300,4000,1,2026-08-09
ITREXIT06678581213,08119095,0811909590,90,PINEAPPLE,IT,300,4000,1,2026-07-12
ITREXIT06678581213,08134095,0813409580,80,DRIED MELON,IT,300,4000,1,2026-08-09
ITREXIT06678581213,09012100,0901210000,00,COFFEE,IT,300,4000,2,2026-08-09
ITREXIT06678581213,09012200,0901220000,00,DECAF COFFEE,IT,300,4000,1,2026-08-09
ITREXIT06678581213,10062017,1006201799,99,BROWN RICE,IT,300,4000,1,2026-08-09
ITREXIT06678581213,11010011,1101001100,00,DURUM WHEAT,IT,300,4000,1,2026-07-12
ITREXIT06678581213,11010015,1101001500,00,WEAT,IT,300,4000,2,2026-08-09
ITREXIT06678581213,15092000,1509200010,10,E V O O,IT,300,4000,2,2026-08-09
ITREXIT06678581213,15121191,1512119100,00,OLIVE OIL,IT,300,4000,1,2026-07-12
ITREXIT06678581213,17019990,1701999000,00,CANE SUGAR,IT,300,4000,1,2026-07-12
ITREXIT06678581213,17049099,1704909999,99,BOILED SWEETS,IT,300,4000,1,2026-08-09
ITREXIT06678581213,18061030,1806103090,90,COCOA POWDER,IT,300,4000,1,2026-08-09
ITREXIT06678581213,18069019,1806901900,00,BAKED GOODS CONTAINING DARK CHOC,IT,300,4000,1,2026-07-12
ITREXIT06678581213,18069060,1806906011,11,BAKED GOODS CONTAINING DARK CHOC,IT,300,4000,1,2026-07-12
ITREXIT06678581213,19019099,1901909990,90,MALT EXTRACT,IT,300,4000,3,2026-08-09
ITREXIT06678581213,19021100,1902110090,90,PASTA,IT,300,4000,2,2026-08-09
ITREXIT06678581213,19021910,1902191020,20,PASTA,IT,300,4000,2,2026-08-09
ITREXIT06678581213,19021910,1902191090,90,PASTA,IT,300,4000,2,2026-08-09
ITREXIT06678581213,19021990,1902199020,20,PASTA,IT,300,4000,1,2026-07-12
ITREXIT06678581213,19023090,1902309090,90,PASTA,IT,300,4000,1,2026-08-09
ITREXIT06678581213,19041010,1904101000,00,CEREALS,IT,300,4000,1,2026-08-09
ITREXIT06678581213,19041090,1904109000,00,CEREALS,IT,300,4000,2,2026-08-09
ITREXIT06678581213,19042099,1904209900,00,CEREALS,IT,300,4000,1,2026-07-12
ITREXIT06678581213,19049010,1904901000,00,CEREALS,IT,300,4000,1,2026-07-12
ITREXIT06678581213,19053119,1905311900,00,BISCUITS,IT,300,4000,2,2026-08-09
ITREXIT06678581213,19053130,1905313000,00,BISCUITS,IT,300,4000,2,2026-08-09
ITREXIT06678581213,19053191,1905319100,00,BISCUITS,IT,300,4000,2,2026-08-09
ITREXIT06678581213,19053199,1905319900,00,BISCUITS,IT,300,4000,2,2026-08-09
ITREXIT06678581213,19053299,1905329900,00,BISCUITS,IT,300,4000,1,2026-08-09
ITREXIT06678581213,19054010,1905401000,00,RUSKS,IT,300,4000,2,2026-08-09
ITREXIT06678581213,19054090,1905409000,00,RUSKS,IT,300,4000,1,2026-08-09
ITREXIT06678581213,19059030,1905903000,00,BREADS,IT,300,4000,2,2026-08-09
ITREXIT06678581213,19059070,1905907000,00,BREADS,IT,300,4000,2,2026-08-09
ITREXIT06678581213,19059080,1905908000,00,BREADS,IT,300,4000,2,2026-08-09
ITREXIT06678581213,20019050,2001905090,90,MUSHROOMS,IT,300,4000,1,2026-08-09
ITREXIT06678581213,20019097,2001909791,91,SWEETENED FRUITS,IT,300,4000,1,2026-07-12
ITREXIT06678581213,20019097,2001909799,99,POTATOES,IT,300,4000,1,2026-08-09
ITREXIT06678581213,20021090,2002109000,00,TOMATOES,IT,300,4000,1,2026-07-12
ITREXIT06678581213,20029019,2002901900,00,TOMATOES,IT,300,4000,2,2026-08-09
ITREXIT06678581213,20031030,2003103000,00,MUSHROOMS,IT,300,4000,2,2026-08-09
ITREXIT06678581213,20052020,2005202000,00,SLICED POTATO,IT,300,4000,1,2026-07-12
ITREXIT06678581213,20054000,2005400000,00,PEAS,IT,300,4000,1,2026-07-12
ITREXIT06678581213,20055900,2005590000,00,BEAS,IT,300,4000,2,2026-08-09
ITREXIT06678581213,20059100,2005910090,90,BAMBOO SHOOTS,IT,300,4000,2,2026-08-09
ITREXIT06678581213,20059980,2005998098,98,LEAF VEG,IT,300,4000,3,2026-08-09
ITREXIT06678581213,20071010,2007101095,95,NUTS,IT,300,4000,1,2026-07-12
ITREXIT06678581213,20079931,2007993125,25,JAMS,IT,300,4000,1,2026-08-09
ITREXIT06678581213,20079933,2007993325,25,JAMS,IT,300,4000,1,2026-07-12
ITREXIT06678581213,21012098,2101209885,85,PRESEVERATIVES,IT,300,4000,1,2026-07-12
ITREXIT06678581213,21012098,2101209899,99,FOOD DYES,IT,300,4000,2,2026-08-09
ITREXIT06678581213,21021039,2102103900,00,YEASTS,IT,300,4000,2,2026-08-09
ITREXIT06678581213,21023000,2102300000,00,YEASTS,IT,300,4000,1,2026-07-12
ITREXIT06678581213,21032000,2103200000,00,KETCHUP,IT,300,4000,2,2026-08-09
ITREXIT06678581213,21039090,2103909011,11,CONDIMENTS MADE FROM TOMATO,IT,300,4000,1,2026-07-12
ITREXIT06678581213,21039090,2103909019,19,BEANS,IT,300,4000,3,2026-08-09
ITREXIT06678581213,21039090,2103909081,81,BEANS,IT,300,4000,2,2026-08-09
ITREXIT06678581213,21041000,2104100089,89,SOUPS,IT,300,4000,1,2026-07-12
ITREXIT06678581213,21042000,2104200090,90,SOUPS,IT,300,4000,1,2026-07-12
ITREXIT06678581213,21069098,2106909869,69,PIES,IT,300,4000,3,2026-08-09
ITREXIT06678581213,22090011,2209001100,00,VINEGAR,IT,300,4000,2,2026-08-09
ITREXIT06678581213,29124100,2912410090,90,FOOD CHEMICALS,IT,300,4000,1,2026-08-09
ITREXIT0700A802287108,21069098,2106909869,69,TZATZIKI,GR,300,4000,1,2026-02-03
ITREXIT07064951217,04061030,0406103090,90,CHEESE,IT,300,4000,3,2026-06-28
ITREXIT07064951217,04061080,0406108080,80,CHEESE,IT,300,4000,4,2026-06-28
ITREXIT07064961217,04061030,0406103090,90,ITALIAN CHEESE,IT,300,4000,50,2026-08-16
ITREXIT07064961217,04061080,0406108010,10,FIORDILATTE,IT,300,4000,1,2026-07-05
ITREXIT07064961217,04061080,0406108080,80,Fiordilatte,IT,300,4000,104,2026-08-16
ITREXIT07064961217,16010091,1601009110,10,ITALIAN SALAMI,IT,300,4000,8,2026-07-26
ITREXIT07064961217,16010091,1601009190,90,SAUSAGES,IT,300,4000,15,2026-05-24
ITREXIT07435090019,04069063,0406906390,90,Fiore Sardo,IT,300,4000,1,2026-03-08
ITREXIT07435090019,04069092,0406909290,90,CHEESE,IT,300,4000,8,2026-07-19
ITREXIT07435090019,04069093,0406909300,00,CHEESE,IT,300,4000,7,2026-07-19
ITREXIT07911550726,15092000,1509200090,90,EXTRA VIRGIN OLIVE OIL,IT,300,4000,1,2026-03-15
ITREXIT07928410724,22042180,2204218090,90,ITALIAN WINE,IT,300,0700,1,2026-01-10
ITREXIT07978310725,94016100,9401610000,00,Other seats with wooden frames Upholstered,IT,300,4000,1,2026-07-27
ITREXIT08276880963,39073000,3907300040,40,Epoxide resins,IT,300,4000,1,2026-06-15
ITREXIT08276880963,39073000,3907300080,80,EPOXY RESIN,IT,300,4000,5,2026-05-06
ITREXIT08515771213,20021090,2002109000,00,ITALIAN SUNDRIED TOMATOES,IT,300,4000,5,2026-06-14
ITREXIT08515771213,20029019,2002901900,00,ITALIAN PRESERVED TOMATOES,IT,300,4000,1,2026-01-11
ITREXIT08515771213,20051000,2005100080,80,ITALIAN VEGETABLES,IT,300,4000,3,2026-01-11
ITREXIT08515771213,20057000,2005700000,00,ITALIAN OLIVES,IT,300,4000,3,2026-06-14
ITREXIT08515771213,20059930,2005993090,90,PRESERVED ARTICHOKES,IT,300,4000,1,2026-06-14
ITREXIT08515771213,20059980,2005998093,93,ITALIAN VEGETABLES,IT,300,4000,3,2026-06-14
ITREXIT08791160966,70099200,7009920000,00,Other Framed,IT,300,4000,3,2026-03-30
ITREXIT08791160966,94031098,9403109800,00,Metal furniture of a kind used in offices,IT,300,4000,1,2026-03-25
ITREXIT08791160966,94034090,9403409090,90,Wooden furniture of a kind used in the kitchen Other Other,IT,300,4000,2,2026-03-25
ITREXIT08791160966,94035000,9403500000,00,Wooden furniture of a kind used in the bedroom,IT,300,4000,1,2026-01-13
ITREXIT08791160966,94036090,9403609000,00,Other wooden furniture Other wooden furniture,IT,300,4000,2,2026-03-25
ITREXIT08791160966,94038900,9403890010,10,SCARLETT CHAIR,IT,300,4000,1,2026-01-19
ITREXIT08791160966,94038900,9403890090,90,Furniture of other materials including cane osier bamboo or similar materials Other Other,IT,300,4000,2,2026-03-30
ITREXIT08791160966,94052190,9405219090,90,Electric table desk,IT,300,4000,3,2026-02-05
ITREXIT09017940967,07129030,0712903000,00,Tomatoes,IT,300,4000,4,2026-05-17
ITREXIT09017940967,16010099,1601009991,91,Sausages,IT,300,4000,1,2026-04-12
ITREXIT09017940967,16010099,1601009999,99,NDUJA PASTE,IT,300,4000,1,2026-05-17
ITREXIT09017940967,16024919,1602491990,90,HAM SHANK,IT,300,4000,2,2026-02-08
ITREXIT09017940967,16030010,1603001089,89,WILD BOAR RAGOUT,IT,300,4000,6,2026-06-14
ITREXIT09017940967,16041600,1604160090,90,Anchovies,IT,300,4000,3,2026-07-12
ITREXIT09017940967,16055600,1605560000,00,CLAMS,IT,300,4000,2,2026-07-12
ITREXIT09017940967,19059010,1905901000,00,Grissini,IT,300,4000,1,2026-03-01
ITREXIT09017940967,19059030,1905903000,00,GRISSINI,IT,300,4000,3,2026-08-02
ITREXIT09017940967,20019070,2001907090,90,Sweet peppers,IT,300,4000,2,2026-03-01
ITREXIT09017940967,20019097,2001909791,91,SALSA,IT,300,4000,2,2026-04-12
ITREXIT09017940967,20019097,2001909799,99,MIXED PICKLES,IT,300,4000,1,2026-05-17
ITREXIT09017940967,20029011,2002901100,00,TOMATO PULP,IT,300,4000,1,2026-05-03
ITREXIT09017940967,20029080,2002908090,90,TOMATO PASTE,PT,300,4000,1,2026-02-01
ITREXIT09017940967,20057000,2005700000,00,Olives,IT,300,4000,37,2026-08-09
ITREXIT09017940967,20059910,2005991090,90,CHILLI PEPPERS,IT,300,4000,1,2026-08-02
ITREXIT09017940967,20059920,2005992090,90,Capers,IT,300,4000,1,2026-02-01
ITREXIT09017940967,20059980,2005998094,94,TURNIP,IT,300,4000,1,2026-08-16
ITREXIT09017940967,20059980,2005998098,98,onion,IT,300,4000,3,2026-07-12
ITREXIT09017940967,20084071,2008407190,90,Pears,ES,300,4000,2,2026-02-08
ITREXIT09017940967,21032000,2103200000,00,Tomato ketchup,IT,300,4000,7,2026-07-12
ITREXIT09017940967,21039090,2103909019,19,HOT SAUCE,IT,300,4000,1,2026-05-17
ITREXIT09017940967,21039090,2103909081,81,MAYONAISSE,IT,300,4000,6,2026-08-16
ITREXIT09017940967,21039090,2103909089,89,MAYO SACHETS,ES,300,4000,9,2026-08-02
ITREXIT09683280961,94019980,9401998000,00,Parts Other Other,IT,300,4000,1,2026-03-30
ITREXIT09683280961,94032080,9403208000,00,Other metal furniture Other,IT,300,4000,1,2026-03-25
ITREXIT09887360155,04063039,0406303900,00,CHEESE,IT,300,4000,1,2026-05-18
ITREXIT09887360155,07123900,0712390039,39,Mushrooms,IT,300,4000,1,2026-02-15
ITREXIT09887360155,20019097,2001909799,99,ONIONS,IT,300,4000,1,2026-05-18
ITREXIT09887360155,20021090,2002109000,00,TOMATOES,IT,300,4000,1,2026-02-15
ITREXIT09887360155,20029020,2002902000,00,TOMATOE SOUP,IT,300,4000,1,2026-02-15
ITREXIT09887360155,20039090,2003909000,00,DI FUNGHI,IT,300,4000,5,2026-08-08
ITREXIT09887360155,20057000,2005700000,00,OLIVE,ES,300,4000,2,2026-05-18
ITREXIT09887360155,20059920,2005992090,90,CAPPERI,IT,300,4000,2,2026-05-18
ITREXIT09887360155,20059930,2005993090,90,Globe artichokes,IT,300,4000,4,2026-08-08
ITREXIT09887360155,20059980,2005998094,94,Peppers Cipolle Aglio,IT,300,4000,6,2026-08-08
ITREXIT09887360155,21032000,2103200000,00,TOMATOE SAUCE,IT,300,4000,5,2026-08-08
ITREXIT09887360155,21039090,2103909081,81,Sauces,IT,300,4000,2,2026-08-08
ITREXIT09887360155,21039090,2103909089,89,TARTUFATA,IT,300,4000,6,2026-06-23
ITREXIT09887360155,21041000,2104100081,81,FISH STOCK BASE,IT,300,4000,1,2026-07-19
ITREXIT09887360155,21041000,2104100089,89,FOR FISH COMIN,IT,300,4000,1,2026-05-18
ITREXIT09887360155,21069092,2106909285,85,MIX FRUITS,IT,300,4000,2,2026-06-23
ITREXIT09887360155,21069098,2106909869,69,CREAMA PISTACIO,IT,300,4000,2,2026-06-23
ITREXIT10122481210,04061030,0406103090,90,Mozzarella,IT,300,4000,49,2026-08-16
ITREXIT10122481210,04061050,0406105030,30,Cheese,IT,300,4000,5,2026-07-19
ITREXIT10122481210,04061050,0406105090,90,Burrata,IT,300,4000,44,2026-08-16
ITREXIT10741870157,04061050,0406105090,90,MASCARPONE,IT,300,4000,13,2026-08-02
ITREXIT10741870157,04062000,0406200000,00,GRANA PADANO,IT,300,4000,10,2026-07-09
ITREXIT10741870157,04069061,0406906100,00,Grana Padano,IT,300,4000,5,2026-08-02
ITREXIT10741870157,04069063,0406906310,10,Pecorino,IT,300,4000,6,2026-08-02
ITREXIT10741870157,04069073,0406907300,00,PROVOLONE,IT,300,4000,1,
ITREXIT10741870157,04069079,0406907990,90,Taleggio,IT,300,4000,7,2026-07-09
ITREXIT1131190033,04061080,0406108080,80,CHEESE,IT,300,4000,4,2026-04-19
ITREXIT1131190033,04064050,0406405000,00,CHEESE,IT,300,4000,4,2026-04-19
ITREXIT1131190033,04069079,0406907990,90,CHEESE,IT,300,4000,4,2026-04-19
ITREXIT14342020964,22041015,2204101500,00,ITALIAN WINE,IT,300,4000,4,2026-06-24
ITREXIT14342020964,22042126,2204212610,10,WINE,IT,300,4000,2,2026-06-24
ITREXIT14342020964,22042126,2204212690,90,ITALIAN WINE,IT,300,4000,2,2026-06-24
ITREXIT14342020964,22042127,2204212710,10,ITALIAN WINE,IT,300,4000,5,2026-06-24
ITREXIT14342020964,22042128,2204212810,10,ITALIAN WINE,IT,300,4000,2,2026-08-03
ITREXIT14342020964,22042138,2204213890,90,ITALIAN WINE,IT,300,4000,1,2026-08-03
ITREXIT14342020964,22042166,2204216690,90,ITALIAN WINE,IT,300,4000,6,2026-08-03
ITREXIT14342020964,22042176,2204217690,90,ITALIAN WINE,IT,300,4000,1,2026-04-16
ITREXIT14342020964,22042178,2204217810,10,ITALIAN WINE,IT,300,4000,2,2026-08-03
ITREXIT14342020964,22042178,2204217890,90,ITALIAN WINE,IT,300,4000,2,2026-06-24
ITREXIT14342020964,22042179,2204217910,10,WINE,IT,300,4000,2,2026-06-24
ITREXIT14342020964,22042179,2204217990,90,ITALIAN WINE,IT,300,4000,1,2026-04-16
ITREXIT14342020964,22042180,2204218010,10,ITALIAN WINE,IT,300,4000,3,2026-08-03
ITREXIT14342020964,22042180,2204218090,90,ITALIAN WINE,IT,300,4000,1,2026-04-16
ITREXIT3406000368,16024110,1602411090,90,COOKED HAM,IT,300,4000,2,2026-02-15
ITREXIT348475,18069060,1806906099,99,HAZELNUT SPREAD NOCCIOLATA,IT,300,4000,1,2026-05-17
ITREXIT348475,20079110,2007911090,90,LEMON FLOWERFRUIT,IT,300,4000,1,2026-05-17
ITREXIT348475,20079933,2007993399,99,RASBERRY FLOWERFRUIT,IT,300,4000,2,2026-05-17
ITREXIT348475,20079939,2007993985,85,APRICOT PEACH BLUBERRY FLOWERFRUIT,IT,300,4000,1,2026-05-17
ITREXIT348475,20079997,2007999770,70,BLACKBERRY FLOWERFRUIT,IT,300,4000,1,2026-05-17
ITREXIT887060085,15092000,1509200090,90,Extra virgin olive oil,IT,300,4000,1,2026-04-06
ITREXIT887060085,20057000,2005700000,00,OLIVES,IT,300,4000,1,2026-04-06
ITREXIT887060085,21039090,2103909081,81,CREME A BASE DI OLIVE,IT,300,4000,1,2026-04-06
ITREXITCZ00517,02101981,0210198190,90,CAPOCOLLO,IT,300,4000,4,2026-07-19
ITREXITCZ00517,16010091,1601009190,90,SOPRESSATA NDUJETTA,IT,300,4000,7,2026-07-19
ITREXITIT00605791201,84158200,8415820091,91,CHILLER PARTS,IT,300,4000,1,2026-07-15
ITREXITIT00605791201,84186900,8418690091,91,CHILLER PARTS,IT,300,4000,1,2026-05-27
ITREXITIT01595130889,20029011,2002901100,00,SEMI DRIED CHERRY TOMATOES 2KG TRAY,IT,300,4000,2,2026-05-26
ITREXITIT01595130889,20029019,2002901900,00,SEMI DRIED CHERRY TOMATOES 1KG TRAY,IT,300,4000,1,2026-03-18
ITREXITITREXIT07064961217,04061030,0406103090,90,ITALIAN CHEESE,IT,300,4000,1,2026-01-25
ITREXITITREXIT07064961217,04061080,0406108080,80,ITALIAN CHEESE,IT,300,4000,1,2026-01-25
ITREXITREXIT004CZ17,07119010,0711901000,00,CRUSHED PEPPERS,IT,300,4000,5,2026-06-07
ITREXITREXIT004CZ17,20059920,2005992090,90,PEPPERS IN OIL,IT,300,4000,4,2026-06-07
ITREXITREXIT004CZ17,21039090,2103909089,89,CHOPPED CHILLI,IT,300,4000,1,2026-03-15
ITREXOT00786860262,04062000,0406200000,00,Grana Padano,IT,300,4000,2,2026-01-25
ITREXTIT04522891219,20057000,2005700000,00,OLIVES,IT,300,4000,1,2026-03-01
ITRTEXIT01443290919,16010099,1601009911,11,ITALIAN SAUSAGES,IT,300,4000,1,2026-02-09
ITTERXIT03406000368,07103000,0710300000,00,Spinach,IT,300,4000,1,2026-03-09
ITTERXIT03406000368,07108051,0710805100,00,Sweet peppers,IT,300,4000,1,2026-03-09
ITTERXIT03406000368,07108069,0710806990,90,Mushrooms,IT,300,4000,1,2026-03-09
ITTERXIT03406000368,07108095,0710809578,78,Headed broccoli,IT,300,4000,1,2026-03-09
ITTERXIT03406000368,07109000,0710900000,00,Mixtures of vegetables,IT,300,4000,1,2026-03-09
ITTERXIT03406000368,16024990,1602499000,00,STUFFED OLIVES,IT,300,4000,1,2026-03-09
ITTERXIT03406000368,19042095,1904209500,00,ARANCINI,IT,300,4000,1,2026-03-09
ITTERXIT03406000368,19059080,1905908000,00,BINDI,IT,300,4000,1,2026-03-09
ITTERXIT03406000368,20049098,2004909860,60,AUBERGINES,IT,300,4000,1,2026-03-09
ITTERXIT03406000368,21050010,2105001000,00,LIMONCELLO,IT,300,4000,1,2026-03-09
IYREXIT01655770053,16010091,1601009110,10,ITALIAN SLICED PORK SAUSAGE,IT,300,4000,1,2026-07-04
LUREX15506830,39235010,3923501000,00,PLASTIC MATERIAL CAPS FOR BOTTLES,LU,300,4000,1,2026-01-27
NL,39251000,3925100000,00,COMPOSITE WET BY PRODUCT TANKS FOR AGRICULTRUAL STORAGE,NO,300,4000,4,2026-05-20
NL807675507,38159090,3815909090,90,SAMPLE TRIGONOX,BE,300,4000,1,2026-07-13
NL807675507B01,29096090,2909609090,90,SAMPLE TRIGONOX,BE,300,4000,1,2026-02-17
NL814417590B01,02031913,0203191300,00,MEAT,ES,300,4000,1,2026-01-07
NL858763424B01,87089997,8708999790,90,ELECTRIC SLIDE OUT KIT FOR HORSE BOXES,NL,300,4000,1,2026-02-12
NLREX,17029095,1702909500,00,VIVINAL GOS,NL,300,4000,1,2026-05-14
NLREX1138,15021090,1502109010,10,BEEF TALLOW,NL,300,4000,2,2026-06-25
NLREX1138,15021090,1502109090,90,FATS,NL,300,4000,5,2026-07-09
NLREX173,04069078,0406907800,00,CHEESE,NL,300,4000,11,2026-08-04
NLREX173,04069089,0406908990,90,CHEESE,NL,300,4000,10,2026-07-28
NLREX184,29094980,2909498090,90,DIPROPYLENE GLYCOL INDUSTRIAL,NL,300,4000,10,2026-06-19
NLREX2162,29109000,2910900005,05,Polypropyleneglycol glycidylether,NL,300,4000,1,2026-02-06
NLREX2162,29109000,2910900090,90,CATANA EPOX 2360,NL,300,4000,1,2026-07-11
NLREX2476,02031913,0203191300,00,FRENCH TRIMMED RACKS,ES,300,4000,1,2026-07-22
NLREX449,29096090,2909609090,90,TRIGONOX,BE,300,4000,5,2026-06-08
NLREX449,29159090,2915909098,98,TRIGONOX,BE,300,4000,20,2026-08-10
NLREX449,29163200,2916320000,00,PERKADOX,BE,300,4000,5,2026-08-10
NLREX449,38159090,3815909090,90,ACCELERATOR,FR,300,4000,3,2026-04-17
NLREX449,38249992,3824999299,99,INHIBITOR,IT,300,4000,2,2026-02-12
NLREX4720,04069013,0406901300,00,EMMENTALER,NL,300,4000,17,2026-07-29
NLREX4720,04069078,0406907800,00,GOUDA,NL,300,4000,9,2026-07-29
NLREX499,29096090,2909609090,90,TRIGONOX,DE,300,4000,2,2026-07-24
NLREX5315,32061100,3206110085,85,TIONA 826 25KG PAPER BAG,AU,100,4000,2,2026-03-23
NLREX766,29161400,2916140090,90,TRI ETHYLENE GLYCOL DI METHACRYLATE,KR,100,4000,2,2026-01-16
NLREX831,04062000,0406200000,00,GRATED CHEESE,NL,300,4000,1,2026-04-05
NLREX8699,39251000,3925100000,00,COMPOSITE TANK FOR THE STORAGE OF WET BY PRODUCTS,NL,300,4000,1,2026-02-18
NLREX97,04041006,0404100600,00,Whey and modified whey,NL,300,4000,1,
NLREX97,04041084,0404108400,00,FERMENTED WHEY,NL,300,4000,2,2026-03-21
NLREX97,17029095,1702909500,00,BIOTIS GOS OP,NL,300,4000,3,2026-07-14
NO,29173500,2917350000,00,PHTHALIC ANHYDRIDE SOLID,IT,300,4000,1,2026-02-09
NO,29173600,2917360019,19,TEREPHTHALIC ACID,ES,300,4000,1,2026-01-19
PL679002564000000,32149000,3214900000,00,Other,PL,300,4000,1,2026-01-16
PL679002564000000,69072100,6907210000,00,Flags and paving,PL,300,4000,1,2026-01-16
PL679002564000000,69109000,6910900000,00,Other,PL,300,4000,1,2026-01-16
PLREX3900000180304,16023290,1602329090,90,CHICKEN KEBABS,PL,300,4000,1,2026-04-26
PLREX390000211107,87046000,8704600000,00,UTILITY URBAN ED ROAD LEGAL N1 HOMOLOGATED CLUB CAR,PL,300,4000,1,2026-05-14
PLREX390000211598,84186900,8418690099,99,FREEZERS,PL,300,4000,2,2026-07-15
PLREX390000224528,04069001,0406900100,00,CAGLIATA CHEESE,PL,300,4000,7,2026-07-16
PLREX390000268173,39079110,3907911000,00,DISTITRON 516 AL,PL,300,4000,1,2026-06-04
PLREX390000268188,29053200,2905320000,00,PROPYLENE GLYCOL,PL,300,4000,1,2026-03-28
PT504146190,04069099,0406909900,00,CHEESE,PT,300,4000,1,2026-05-14
PT504146190,16041311,1604131190,90,CANNED FISH,PT,300,4000,1,2026-05-14
PT504146190,16041421,1604142100,00,CANNED FISH,PT,300,4000,1,2026-05-14
PT504146190,20052080,2005208000,00,CRISP,PT,300,4000,1,2026-05-14
PT504146190,20079939,2007993919,19,FRUIT PASTE,PT,300,4000,1,2026-05-14
REX00881850275,20021090,2002109000,00,SEMIDRIED TOMATOES SUN DRIED TOMATOES IN STRIPS PEPERONATA PEPPERS AND ONION MIX,IT,300,4000,4,2026-06-20
REX00881850275,20057000,2005700000,00,GRILLED PITTED GREEN OLIVES,IT,300,4000,4,2026-06-20
REX00881850275,20059930,2005993090,90,GRILLED QUARTERED ARTICHOKES,IT,300,4000,3,2026-06-20
REX00881850275,20059950,2005995090,90,GRILLED DICED VEGETABLES,IT,300,4000,1,2026-04-07
REX00881850275,20059980,2005998098,98,GRILLED PEPPERS SQUARED,IT,300,4000,5,2026-06-20
REX4724192J,04064090,0406409000,00,IRISH BLUE VEINED CHEESE,IE,300,4000,8,2026-04-12
REXBE0476282965,85371098,8537109899,99,BOARDS PANELS CONSOLES DESKS FOR A VOLTAGE NOT EXCEEDING 1000 V,PL,300,4000,1,2026-02-10
REXDEDE272305151799730,84122981,8412298110,10,hydraulic kit mulching motor,DE,300,4000,1,2026-03-31
REXIT00166540831,09012100,0901210000,00,ROASTED COFFEE NOT DECAFFEINATED,IT,300,4000,1,2026-01-17
REXIT00166540831,17019910,1701991000,00,WHITE SUGAR,IT,300,4000,1,2026-01-17
REXIT00639260355,87089435,8708943500,00,STEERING WHEELS COLUMNS BOXES,IT,300,4000,1,2026-06-15
REXIT00693160962,63023100,6302310000,00,DUVET COVERS,IT,300,4000,1,2026-01-26
REXIT01509010367,21039090,2103909089,89,ASSORTED FRUIT MUSTARD,IT,300,4000,1,2026-01-26
REXIT01509010367,22090011,2209001100,00,BALSAMIC VINEGAR OF MODENA,IT,300,4000,1,2026-01-26
REXIT01667940025,04064090,0406409000,00,CHEESE,IT,300,4000,1,2026-06-27
REXIT02001900246,39239000,3923900000,00,DIESEL PUMP TANK LIDS COVERS,IT,300,4000,1,2026-06-17
REXIT02012780470,19053191,1905319100,00,BISCUITS COOKIES,IT,300,4000,1,2026-03-11
REXIT02594800019,18062095,1806209519,19,SUPER STRACCIATELLA VARIEGATE,IT,300,4000,1,2026-04-28
REXIT02594800019,18069090,1806909091,91,COCOA FOOD PREPERATIONS,IT,300,4000,2,2026-04-28
REXIT02594800019,19059070,1905907000,00,MIXED BERRIES CRUMBLE,IT,300,4000,1,2026-06-29
REXIT02594800019,21069098,2106909869,69,FOOD PREPERATIONS,IT,300,4000,4,2026-06-29
REXIT02594800019,39241000,3924100090,90,PLASTIC JUGS,IT,300,4000,1,2026-06-29
REXIT02594800019,40169997,4016999790,90,RUBBER SPATULAS,IT,300,4000,1,
REXIT02594800019,52122590,5212259099,99,APRONS,IT,300,4000,1,2026-06-29
REXIT02594800019,61091000,6109100010,10,COTTON TSHIRTS,IT,300,4000,3,2026-06-29
REXIT02594800019,62114210,6211421000,00,APRONS,IT,300,4000,3,2026-04-28
REXIT02594800019,65050030,6505003000,00,PEAKED CAPS,IT,300,4000,1,2026-04-28
REXIT02594800019,82159990,8215999000,00,INOX SPATULAS,IT,300,4000,1,2026-06-29
REXIT02647250105,39239000,3923900000,00,ORTHOBOXES,IT,300,4000,1,2026-03-31
REXIT02647250105,39269097,3926909790,90,MIXING BOWLS,IT,300,4000,1,2026-03-31
REXIT02691991208,17049030,1704903000,00,WHITE CHOCOLATE,IT,300,4000,1,2026-05-28
REXIT02691991208,18063210,1806321000,00,CHOCOLATE CONTAINING COCOA WITH ADDED CEREAL FRUIT OR NUTS,IT,300,4000,1,2026-05-28
REXIT02691991208,18069019,1806901900,00,ASSORTED PRALINE CHOCOLATES,IT,300,4000,1,2026-05-28
REXIT02811280045,19059080,1905908000,00,BREADSTICKS,IT,300,4000,2,2026-03-31
REXIT03047060268,39269097,3926909790,90,TUBS LIDS,IT,300,4000,1,2026-08-11
REXIT03476310283,39235090,3923509000,00,CLOSURES,IT,300,4000,1,2026-06-24
REXIT04342350289,39233010,3923301000,00,BOTTLES NOT EXECEEDING TWO LITRES,HR,300,4000,1,2026-01-20
REXIT05209910875,20079997,2007999722,22,PISTACHIO PASTE,IT,300,4000,1,2026-03-04
REXIT06066350486,07123900,0712390039,39,DRIED PORCINI MUSHROOMS IN BAGS PORCINI MUSHROOMS POWDER IN JARS,IT,300,4000,1,2026-06-02
REXIT06066350486,21039090,2103909089,89,PORCINI MUSHROOMS CREAM PORCINI MUSHROOMS AND WHITE TRUFFLE DELICACY WHITE TRUFFLE SAUCE WHITE TRUFFLE FLAVOURED EXTRA VIRGIN OLIVE OIL BASED CONDIMENT,IT,300,4000,1,2026-06-02
REXIT09553280968,21069098,2106909869,69,FOOD PREPERATIONS,IT,300,4000,1,2026-02-16
ROREX2021DRVBV0000000034,16023230,1602323090,90,LOVE JOES POPCORN CHICKEN,RO,300,4000,4,2026-06-24
ROREXRO2021DRVBV0000000034,16023230,1602323090,90,LOVE JOES POPCORN CHICKEN,RO,300,4000,1,2026-02-16
SE556902201401,94052190,9405219090,90,Electric table desk,SE,300,4000,1,2026-04-21
SEREX5560138983,29221900,2922190090,90,ARMOSTAT,SE,300,4000,2,2026-03-16
SEREX5563073468,04064090,0406409000,00,CHEESE,SE,300,4000,1,2026-02-26
SEREX5563073468,04069099,0406909900,00,CHEESE,SE,300,4000,2,2026-07-02
SIREX156,39199080,3919908045,45,SPARE PARTS FOR AGRICULTRUAL MACHINERY,SI,300,4000,1,2026-05-07
SIREX156,84812010,8481201090,90,HYDRAULIC VALVE,SI,300,4000,1,2026-04-01
SIREX156,84821090,8482109000,00,BALL BEARINGS,SI,300,4000,1,2026-04-01
SIREX84,40169300,4016930090,90,Gaskets,SI,300,4000,2,2026-07-26
SIREX84,74152900,7415290000,00,Other articles not threaded Other,SI,300,4000,2,2026-07-26
SIREX84,84137021,8413702100,00,Submersible pumps Singlestage,CN,100,4000,3,2026-07-26
SIREX84,84139100,8413910050,50,Pumps,SI,300,4000,2,2026-07-26
SIREX84,84821090,8482109000,00,Ball bearings,SI,300,4000,1,2026-03-04
SIREX84,84842000,8484200090,90,Mechanical seals,CN,100,4000,3,2026-07-26
SIREX84,85030091,8503009199,99,Pressure casted outer housing,SI,300,4000,1,2026-07-26
SKREX100000190016,39235090,3923509000,00,Stoppers lids caps and other closures Other,SK,300,4000,2,2026-07-15
SKREX100000250021,85371098,8537109899,99,ELEVATOR MATERIAL,SK,300,4000,2,2026-06-03
SKREX100000250021,85444290,8544429090,90,ELEVATOR MATERIAL,SK,300,4000,2,2026-06-03
T040226470486,22042166,2204216690,90,ITALIAN WINE,IT,300,4000,2,2026-07-24
